volcano_number,volcano_name,volcano_landform,volcano_types,rock_types_major,rock_types_minor,tectonic_setting,population_5km,population_10km,population_30km,population_100km,last_known_eruption,all_eruptions,validation_warnings,scrape_error
210010,West Eifel Volcanic Field,Cluster,Volcanic field | Maar(s) | Pyroclastic cone(s),Foidite,Trachybasalt / Tephrite Basanite | Phonolite,Rift zone | Continental crust (> 25 km),94991,94991,232256,7945412,8300 BCE,8300 BCE ± 300 years - Unknown || 8740 BCE ± 150 years - Unknown,,
210020,Chaîne des Puys,Cluster,Lava dome(s) | Pyroclastic cone(s) | Maar(s),Basalt / Picro-Basalt | Trachybasalt / Tephrite Basanite,Trachyandesite / Basaltic Trachyandesite | Trachyte / Trachydacite,Rift zone | Continental crust (> 25 km),323392,323392,427221,1577243,4040 BCE,4040 BCE ± 150 years - Unknown || 5760 BCE (?) - Unknown || 6020 BCE ± 150 years - Unknown || 6250 BCE (?) - Unknown || 6550 BCE (?) - Unknown || 7020 BCE ± 100 years - Unknown || 7740 BCE (?) - Unknown || 7840 BCE ± 200 years - Unknown,,
210030,Olot Volcanic Field,Cluster,Volcanic field | Pyroclastic cone(s),Trachybasalt / Tephrite Basanite | Basalt / Picro-Basalt,,Intraplate | Continental crust (> 25 km),33377,33377,101153,5238117,Unknown - Evidence Credible,,,
210040,Calatrava Volcanic Field,Cluster,Volcanic field | Pyroclastic cone(s) | Maar(s) | Lava dome(s),Basalt / Picro-Basalt | Foidite | Trachybasalt / Tephrite Basanite,,Intraplate | Continental crust (> 25 km),197199,197199,197199,774386,3600 BCE,3600 BCE ± 500 years - Unknown,,
211004,Colli Albani,Caldera,Caldera | Stratovolcano | Pyroclastic cone(s) | Maar(s),Foidite | Phono-tephrite /  Tephri-phonolite,Trachybasalt / Tephrite Basanite,Subduction zone | Continental crust (> 25 km),897039,897039,2962194,5330273,Unknown - Evidence Uncertain,0600 BCE - Unknown,,
211010,Campi Flegrei,Caldera,Caldera | Pyroclastic cone(s) | Tuff ring(s) | Lava dome(s),Trachyte / Trachydacite | Phonolite | Trachyandesite / Basaltic Trachyandesite,Trachybasalt / Tephrite Basanite | Phono-tephrite /  Tephri-phonolite,Subduction zone | Continental crust (> 25 km),2234109,2234109,3006865,6019697,1538 CE,1538 Sep 29 - 1538 Oct 6 || 1198 - Unknown || 1650 BCE (?) - Unknown || 1870 BCE ± 50 years - Unknown || 2000 BCE ± 150 years - Unknown || 2040 BCE (?) - Unknown || 2080 BCE ± 75 years - Unknown || 2150 BCE ± 500 years - Unknown || 2220 BCE ± 50 years - Unknown || 2330 BCE ± 150 years - Unknown || 2440 BCE (?) - Unknown || 2500 BCE (?) - Unknown || 2580 BCE ± 50 years - Unknown || 2890 BCE ± 50 years - Unknown || 6300 BCE ± 50 years - Unknown || 6490 BCE (?) - Unknown || 6650 BCE ± 100 years - Unknown || 7590 BCE ± 50 years - Unknown || 7980 BCE ± 500 years - Unknown || 8480 BCE ± 100 years - Unknown,,
211020,Vesuvius,Composite,Stratovolcano | Caldera | Lava dome(s),Phono-tephrite /  Tephri-phonolite | Phonolite | Trachyandesite / Basaltic Trachyandesite | Trachybasalt / Tephrite Basanite | Trachyte / Trachydacite,,Subduction zone | Continental crust (> 25 km),19162,675705,3907941,6009961,1944 CE,1913 Jul 5 - 1944 Apr 4 || 1875 Dec 18 - 1906 Apr 22 || 1874 Jan 16 ± 15 days - Unknown || 1870 Dec 16 ± 15 days - 1872 Apr 30 || 1864 Feb 10 - 1868 Nov 26 || 1855 Dec 19 - 1861 Dec 31 || 1854 Dec 14 - 1855 May 27 || 1841 Sep 20 - 1850 Feb 16 || 1835 Jan 16 ± 15 days - 1839 Jan 3 || 1824 Jul 2 - 1834 Sep 2 || 1796 Jan - 1822 Nov 16 || 1783 Aug 18 - 1794 Jul 5 || 1770 Feb 15 - 1779 Oct 4 (?) || 1764 - 1767 Oct 27 || 1744 Nov (?) - 1761 Jan 6 || 1742 - 1743 || 1732 Dec 25 - 1737 Jun 4 || 1724 Sep 4 - 1730 Apr 1 (?) || 1708 Aug 14 - 1723 Jul 8 || 1701 Jul 1 - 1707 Aug 22 || 1697 Sep 15 - 1698 Jul || 1696 Jul 31 - 1696 Aug 14 (?) || 1685 Oct 3 - 1694 Apr 29 || 1682 Aug 12 - 1682 Aug 22 || 1654 Feb 25 - 1680 Mar 28 || 1637 Jul 1 - 1652 Dec || 1631 Dec 16 - 1632 Jan 31 (?) || 1570 (in or before) - 1572 ± 1 years || 1500 - Unknown || 1347 - Unknown || 1270 - Unknown || 1150 - Unknown || 1139 Jun 1 - 1139 Jun 9 || 1073 ± 5 years - Unknown || 1049 - Unknown || 1037 Jan 27 - Unknown || 1006 Dec 31 ± 365 days - Unknown || 0999 - Unknown || 0991 - Unknown || 0968 Dec 1 ± 30 days - Unknown || 0900 ± 40 years - Unknown || 0860 ± 50 years - Unknown || 0787 Oct 15 ± 45 days - 0788 Jan 15 ± 45 days || 0685 Feb - 0685 Mar || 0536 - Unknown || 0512 Jul 8 - Unknown || 0505 Nov 9 - Unknown || 0472 Nov 5 - 0472 Nov 6 (?) || 0379 - 0395 || 0303 - Unknown || 0222 - 0235 || 0203 - Unknown || 0172 - Unknown || 0079 Oct 24 (?) - 0079 Oct 28 ± 1 days || 0217 BCE - 0216 BCE || 0600 BCE (in or before) - Unknown || 0880 BCE ± 50 years - Unknown || 1430 BCE ± 300 years - Unknown || 1550 BCE ± 75 years - Unknown || 2420 BCE ± 40 years - Unknown || 6940 BCE ± 100 years - Unknown,,
211030,Ischia,Composite,Complex | Caldera | Lava dome(s) | Tuff ring(s),Trachyte / Trachydacite | Trachyandesite / Basaltic Trachyandesite,Phonolite | Trachybasalt / Tephrite Basanite | Phono-tephrite /  Tephri-phonolite,Subduction zone | Continental crust (> 25 km),18669,20210,383661,5729354,1302 CE,1302 Jan 18 - 1302 Mar || 1290 (?) - Unknown || 0820 ± 300 years - Unknown || 0540 ± 150 years - Unknown || 0295 ± 10 years - Unknown || 0145 (?) - Unknown || 0080 ± 1 years - Unknown || 0069 - Unknown || 0040 ± 75 years - Unknown || 0006 BCE ± 20 years - Unknown || 0091 BCE - Unknown || 0200 BCE ± 200 years - Unknown || 0370 BCE ± 150 years - Unknown || 0470 BCE (?) - Unknown || 0490 BCE ± 150 years - Unknown || 0700 BCE ± 75 years - Unknown || 0930 BCE ± 150 years - Unknown || 1480 BCE ± 300 years - Unknown || 2350 BCE ± 1400 years - Unknown || 2700 BCE ± 1750 years - Unknown || 3050 BCE ± 1000 years - Unknown || 3580 BCE ± 300 years - Unknown || 3880 BCE ± 200 years - Unknown || 7550 BCE ± 2400 years - Unknown,,
211031,Palinuro,Composite,Compound | Submarine,Phonolite | Trachyte / Trachydacite | Phono-tephrite /  Tephri-phonolite,,Subduction zone | Continental crust (> 25 km),0,0,0,225314,8040 BCE,8040 BCE ± 100 years - Unknown,,
211040,Stromboli,Composite,Stratovolcano | Pyroclastic cone(s),Trachyandesite / Basaltic Trachyandesite | Andesite / Basaltic Andesite | Basalt / Picro-Basalt,Trachyte / Trachydacite | Trachybasalt / Tephrite Basanite,Subduction zone | Continental crust (> 25 km),2225,2225,3894,1347563,2026 CE,1934 Feb 2 - 2026 Mar 31 (continuing) || 1932 Jun 3 - 1932 Jun 3 || 1910 May 16 ± 15 days - 1931 Jul 16 ± 15 days || 1890 Jul 2 ± 182 days - 1907 May 29 || 1857 Jul 2 ± 182 days - 1889 Jun 26 || 1558 (in or before) - 1857 Jul 2 ± 182 days || 0950 ± 50 years - Unknown || 0550 ± 50 years - Unknown || 0250 ± 50 years - Unknown || 0150 ± 50 years - Unknown || 0050 ± 50 years - Unknown || 0050 BCE ± 50 years - Unknown || 0210 BCE ± 10 years - Unknown || 0350 BCE ± 50 years - Unknown || 4050 BCE (?) - Unknown || 4250 BCE (?) - Unknown || 4550 BCE (?) - Unknown || 4800 BCE ± 300 years - Unknown || 5050 BCE (?) - Unknown || 5550 BCE (?) - Unknown || 5800 BCE ± 300 years - Unknown || 6050 BCE (?) - Unknown,,
211041,Panarea,Composite,Stratovolcano | Caldera | Lava dome(s),Andesite / Basaltic Andesite | Dacite,Rhyolite | Trachyandesite / Basaltic Trachyandesite | Basalt / Picro-Basalt,Subduction zone | Continental crust (> 25 km),2127,2127,42429,1319585,Unknown - Evidence Uncertain,,,
211042,Lipari,Composite,Stratovolcano(es) | Lava dome(s),Rhyolite | Andesite / Basaltic Andesite | Trachyandesite / Basaltic Trachyandesite | Basalt / Picro-Basalt | Dacite,,Subduction zone | Continental crust (> 25 km),26049,28925,36059,1564043,1230 CE,1230 ± 40 years - Unknown || 0780 ± 100 years - Unknown || 5820 BCE ± 75 years - Unknown,,
211050,Vulcano,Composite,Stratovolcano(es) | Caldera(s) | Pyroclastic cone(s),Trachybasalt / Tephrite Basanite | Trachyandesite / Basaltic Trachyandesite | Trachyte / Trachydacite | Rhyolite | Basalt / Picro-Basalt,,Subduction zone | Continental crust (> 25 km),2259,23059,86766,2093800,1890 CE,1892 Dec 14 - Unknown || 1888 Aug 2 - 1890 Mar 22 || 1886 Jan 5 ± 4 days - Unknown || 1873 Sep 16 ± 15 days - 1879 Jul 2 ± 182 days || 1831 Jul 2 ± 182 days - Unknown || 1822 Jul 2 ± 182 days - 1823 Jul 2 ± 182 days || 1812 Jul 2 ± 182 days - Unknown || 1786 - Unknown || 1780 - Unknown || 1775 - Unknown || 1771 Feb 17 - 1771 May || 1731 - 1739 || 1727 - Unknown || 1688 - Unknown || 1651 - Unknown || 1631 - Unknown || 1626 Mar - 1626 Apr || 1618 - Unknown || 1550 - Unknown || 1444 Feb 4 - Unknown || 1230 ± 20 years - Unknown || 1200 ± 75 years - Unknown || 1040 ± 75 years - Unknown || 0925 ± 25 years - Unknown || 0729 - Unknown || 0526 (?) - Unknown || 0144 - Unknown || 0050 ± 50 years - Unknown || 0010 BCE ± 10 years - Unknown || 0024 BCE ± 5 years - Unknown || 0091 BCE - Unknown || 0126 Jun BCE - Unknown || 0150 BCE ± 300 years - Unknown || 0183 BCE - Unknown || 0215 BCE - Unknown || 0300 BCE - Unknown || 0360 BCE ± 10 years - Unknown || 0475 BCE (?) - Unknown || 0950 BCE ± 500 years - Unknown || 1300 BCE (?) - Unknown || 2650 BCE ± 1700 years - Unknown || 3550 BCE ± 1300 years - Unknown || 6350 BCE ± 1600 years - Unknown || 6550 BCE (?) - Unknown,,
211060,Etna,Composite,Stratovolcano(es) | Caldera(s) | Pyroclastic cone(s),Trachybasalt / Tephrite Basanite | Trachyandesite / Basaltic Trachyandesite | Basalt / Picro-Basalt,Trachyte / Trachydacite | Phono-tephrite /  Tephri-phonolite,Subduction zone | Continental crust (> 25 km),78,3291,1016540,3052770,2026 CE,2022 Nov 27 - 2023 Feb 6 || 2023 May 6 - 2023 Dec 23 || 2024 Apr 7 - 2025 Aug 29 || 2025 Sep 23 - 2026 Jan 12 || 2013 Sep 3 - 2015 Feb 1 || 2013 Oct 26 - 2014 Jan 13 || 2014 Mar 8 - 2014 Mar 8 || 2014 Jul 5 - 2014 Aug 9 || 2015 Jan 1 - 2015 Jan 14 || 2015 Jan 14 - 2015 Jan 31 || 2015 Jan 31 - 2015 Feb 1 || 2015 Apr 12 - 2015 Aug 24 || 2015 May 11 - 2015 May 16 || 2015 May 20 - 2016 May 23 || 2015 Aug 20 - 2015 Dec 19 || 2015 Nov 8 - 2017 Feb 28 || 2016 May 18 - 2017 Sep 20 || 2016 Oct 8 - 2017 Oct 31 (on or after) || 2016 Dec 15 - 2018 Jan 5 || 2017 Jun 6 - 2018 Dec 27 || 2017 Nov 14 - 2017 Nov 30 (on or before) || 2018 Feb 17 - Unknown || 2018 May 8 (on or after) - 2018 May 14 (on or before) || 2018 Jul 9 ± 2 days - Unknown || 2018 Aug 23 - 2018 Aug 27 || 2019 Jan 16 - Unknown || 2019 Apr 8 (on or after) - 2022 Jun 17 || 2010 Aug 25 - 2010 Dec 22 || 2010 Nov 11 ± 2 days - 2011 Feb 16 || 2010 Dec 29 - 2012 Apr 24 || 2011 Jun 14 - 2011 Jul 15 || 2012 Jul 2 - 2012 Oct 7 || 2012 Nov 21 - 2013 Apr 27 || 2013 Jan 9 - 2013 Feb 28 || 2013 Feb 27 - 2013 Mar 17 || 2010 Apr 8 - 2010 Apr 8 || 2007 Mar 19 - 2008 May 16 (?) ± 15 days || 2008 May 13 - 2009 Jul 4 || 2006 Jul 14 - 2006 Dec 15 || 2005 Dec 16 - 2005 Dec 22 || 2004 Sep 7 - 2005 Mar 8 || 2004 Feb 12 - 2004 Feb 14 || 2001 Dec 16 (?) ± 15 days - 2002 Oct 30 (?) || 2002 Oct 26 - 2003 Jan 28 || 2003 Mar 8 ± 3 days - 2003 Nov 9 || 1994 Jun 17 - 2001 Jul 17 || 2001 Jul 17 - 2001 Aug 9 || 1993 Aug 3 - 1993 Oct 13 || 1979 Jul 3 - 1992 Dec 16 ± 15 days || 1979 Jul 16 - 1980 Sep 1 ± 5 days || 1980 Jul 8 - 1980 Sep 26 || 1981 Jan 26 ± 5 days - 1981 Mar 5 ± 4 days || 1981 Mar 17 - 1981 Mar 23 || 1981 Nov 26 - 1981 Nov 26 || 1983 Mar 28 - 1983 Aug 6 || 1984 Apr 28 - 1984 Oct 18 || 1984 Jul 20 - 1986 Sep 24 || 1985 Mar 8 - 1985 Jul 13 || 1985 Dec 19 - 1985 Dec 31 || 1986 Mar 16 ± 15 days - 1986 Oct 31 (?) || 1986 Oct 30 - 1987 Mar 1 || 1987 Mar 8 ± 8 days - 1987 May 16 || 1988 Oct 2 - 1989 Jun 30 || 1989 Sep 11 - 1989 Oct 9 || 1989 Dec 16 - 1992 May 23 || 1991 Dec 14 - 1993 Mar 30 || 1993 Feb 3 - 1993 Feb 3 || 1971 Sep 19 - 1979 Mar 16 (?) ± 15 days || 1974 Jan 30 - 1974 Mar 29 || 1974 Sep 29 (?) - 1978 Mar 29 || 1975 Feb 24 - 1975 Aug 29 || 1978 Apr 29 - 1978 Nov 30 || 1966 Jan 10 - 1971 Mar 16 (?) ± 15 days || 1968 Jan 7 - 1968 May 4 || 1971 Apr 5 - 1971 Jun 12 || 1959 Oct 17 - 1964 Dec 31 || 1959 Mar 23 - 1959 Apr 25 ± 5 days || 1958 Nov 16 ± 15 days - 1958 Dec 16 ± 15 days || 1957 Aug 25 - 1958 May 3 || 1957 Feb 5 - 1957 May 7 || 1955 Apr 5 - 1956 Apr 7 || 1953 Jul 30 - Unknown || 1949 Dec 2 - 1949 Dec 5 || 1949 Dec 3 - 1950 Nov 16 ± 15 days || 1950 Nov 25 - 1951 Dec 2 || 1951 Sep 21 - 1952 May 30 || 1947 Jan 29 - 1947 Feb 24 || 1947 Feb 24 - 1947 Mar 10 || 1946 Feb 16 ± 15 days - 1946 Oct 16 ± 15 days || 1945 Jun 5 ± 4 days - 1945 Oct 16 ± 15 days || 1941 Oct 16 (?) ± 15 days - 1944 Apr 26 ± 4 days || 1942 Jun 30 - 1942 Jul 1 || 1935 Jul 7 - 1941 Jan 27 (?) || 1934 Jan 5 - 1934 Mar 16 ± 15 days || 1931 Jul 26 ± 5 days - 1933 Sep 16 ± 15 days || 1930 Nov 1 - Unknown || 1929 Aug 2 - Unknown || 1928 Jul 31 - 1928 Aug 20 || 1928 Nov 2 - 1928 Nov 20 || 1926 Jan 2 - 1926 Jun 16 ± 15 days || 1919 Mar 15 - 1923 Jul 16 (?) ± 15 days || 1923 Jun 17 - 1923 Jul 18 || 1923 Oct 9 - 1925 Feb 16 ± 15 days || 1918 Mar 16 ± 15 days - 1918 Nov 16 ± 15 days || 1918 Nov 30 (?) - 1918 Dec 1 (?) || 1917 Jun 24 - 1917 Jul 5 ± 4 days || 1913 Nov 13 - 1917 Mar 16 ± 15 days || 1912 Aug 4 - 1912 Aug 16 ± 15 days || 1911 Aug 16 ± 15 days - 1911 Sep 26 ± 4 days || 1911 Sep 10 - 1911 Sep 22 || 1910 Dec 27 - 1911 Feb 17 || 1910 Feb 21 - 1910 Feb 21 || 1910 Mar 23 - 1910 Apr 18 || 1908 Apr 29 - 1908 May 1 ± 1 days || 1908 May 20 - 1909 Sep 28 || 1899 Nov 15 - 1907 Aug 16 ± 15 days || 1899 Jul 19 - 1899 Aug 5 || 1893 Apr 26 - 1898 Jun 16 ± 15 days || 1892 Jun 20 - 1892 Jul 8 (?) || 1892 Jul 9 - 1892 Dec 29 || 1891 Feb 20 - 1891 Dec 16 ± 15 days || 1890 May 16 ± 15 days - 1890 Oct 17 (?) || 1888 Apr 13 (on or before) - 1889 Aug 16 ± 15 days || 1887 May 31 - 1887 Aug 16 ± 15 days || 1884 Jul 2 ± 182 days - 1886 Apr 16 ± 15 days || 1886 May 18 - 1886 Jun 7 || 1878 Dec 23 - 1883 Mar 31 (on or after) || 1879 May 26 - 1879 Jun 7 || 1883 Mar 22 - 1883 Mar 24 || 1874 Aug 29 - 1874 Aug 31 || 1874 May 16 ± 15 days - Unknown || 1869 Sep 26 - 1869 Sep 26 || 1868 Nov 26 (?) - 1868 Dec 8 || 1865 Jan 30 - 1865 Jun 28 || 1864 Aug 5 ± 4 days - 1864 Sep 19 || 1863 May 1 - 1863 Jul 25 (?) || 1857 Sep 6 - Unknown || 1852 Aug 20 - 1853 May 27 || 1843 Nov 17 - 1843 Dec 16 (?) || 1842 Nov 18 - 1842 Dec 29 (?) || 1838 Jul 8 - 1839 Feb 16 ± 15 days || 1832 Oct 31 - 1832 Nov 22 || 1820 Dec 16 (?) ± 15 days - 1833 Jul 2 ± 182 days || 1819 May 27 - 1819 Aug 5 || 1816 Mar 6 - Unknown || 1811 Oct 27 - 1812 May 16 (?) ± 15 days || 1809 Mar 27 - 1809 Apr 9 || 1803 Jan 1 - 1819 Jul 2 (?) ± 182 days || 1802 Nov 15 - 1802 Nov 18 || 1793 (?) - 1802 Jul 2 (?) ± 182 days || 1792 Mar - 1792 May 24 || 1792 May 25 - 1793 May 26 ± 5 days || 1791 Feb - 1791 Sep || 1787 Jun 4 ± 4 days - 1787 Aug 11 || 1781 Mar - 1781 May 10 || 1780 Apr 20 (?) - 1780 Jul (?) || 1776 - Unknown || 1770 May 28 ± 1 days - Unknown || 1767 May 2 - Unknown || 1766 Apr 27 - 1766 Nov 6 || 1732 Dec 9 - 1765 || 1755 Mar 9 - 1755 Mar 15 || 1758 Nov 3 (?) - 1759 Aug 1 || 1763 Feb 6 - 1763 Mar 10 (?) || 1763 Jun 18 - 1763 Sep 10 || 1764 - 1765 (?) || 1727 Nov 22 - 1728 May 10 (?) || 1723 Nov 22 - 1724 May (?) || 1702 Mar 8 - 1702 May 8 || 1693 Dec - 1694 Nov (?) || 1693 Jan 9 - Unknown || 1689 Mar 14 - Unknown || 1688 - Unknown || 1682 Sep 1 - 1682 Oct (?) || 1669 Mar 11 - 1669 Jul 11 (?) || 1654 Jan 1 - 1656 (?) || 1651 Jan 17 - 1653 Jul (?) || 1646 Nov 20 - 1647 Jan 17 || 1643 Feb 20 - 1643 Feb 28 || 1634 Dec 19 (?) - 1638 Apr 27 || 1633 Feb 21 - Unknown || 1614 Jul 1 (?) - 1624 || 1610 Feb 6 - 1610 Aug 15 || 1607 Jun 28 - 1608 (?) || 1603 Jul - 1610 || 1579 Sep 9 (?) - 1580 (?) || 1578 - Unknown || 1566 Nov 1 (?) - 1566 Dec || 1554 - Unknown || 1541 Jul (?) - Unknown || 1540 Jul - Unknown || 1537 Mar (?) - 1537 Jul || 1536 Mar 22 - 1536 Dec (?) || 1493 (?) - 1500 (?) || 1447 Sep 21 - Unknown || 1446 Sep 25 - Unknown || 1444 - Unknown || 1408 Nov 8 - 1408 Nov 25 (?) || 1381 Aug 5 (?) ± 1 days - Unknown || 1350 - Unknown || 1333 - Unknown || 1329 Jun 28 - 1329 Aug 4 ± 4 days || 1284 - 1285 Jan (?) || 1250 - Unknown || 1224 Aug (?) - Unknown || 1194 - Unknown || 1169 Feb 4 - Unknown || 1164 (?) - Unknown || 1160 - Unknown || 1157 - Unknown || 1063 ± 1 years - Unknown || 1044 - Unknown || 1004 - Unknown || 0911 - Unknown || 0859 - Unknown || 0814 - Unknown || 0812 (?) - Unknown || 0644 - Unknown || 0417 (?) - Unknown || 0252 Feb 1 - 0252 Feb 9 || 0100 ± 100 years - Unknown || 0080 (?) - Unknown || 0039 ± 1 years - Unknown || 0010 (?) - 0020 (?) || 0010 BCE (?) - Unknown || 0032 Dec 31 BCE ± 365 days - Unknown || 0036 Jul 15 BCE ± 45 days - 0035 BCE || 0044 Mar BCE (?) - Unknown || 0049 BCE - Unknown || 0056 BCE - Unknown || 0061 BCE - Unknown || 0122 BCE - Unknown || 0126 Jun BCE (on or before) - Unknown || 0135 BCE - Unknown || 0141 Dec 31 BCE ± 365 days - Unknown || 0396 Apr 15 BCE (?) ± 45 days - Unknown || 0425 Mar 15 BCE ± 15 days - 0424 BCE (?) || 0479 Aug BCE (?) - 0475 BCE (?) || 0565 BCE - Unknown || 0695 BCE ± 2 years - Unknown || 0735 BCE - Unknown || 1050 BCE ± 75 years - Unknown || 1420 BCE ± 75 years - Unknown || 1500 BCE ± 50 years - Unknown || 1980 BCE ± 50 years - Unknown || 2330 BCE ± 100 years - Unknown || 3050 BCE ± 150 years - Unknown || 3390 BCE ± 50 years - Unknown || 3510 BCE ± 150 years - Unknown || 4150 BCE ± 150 years - Unknown || 5150 BCE ± 150 years - Unknown || 6190 BCE ± 200 years - Unknown,,
211070,Campi Flegrei del Mar di Sicilia,Cluster,Volcanic field | Submarine,Trachybasalt / Tephrite Basanite | Basalt / Picro-Basalt,,Rift zone | Continental crust (> 25 km),230578,230578,230578,633350,1867 CE,1911 Sep 30 - Unknown || 1867 Jul 2 ± 182 days - Unknown || 1863 Aug 12 - Unknown || 1846 Oct 4 - 1846 Oct 5 || 1831 Jun 28 (on or after) - 1831 Aug 11 ± 4 days || 1701 - Unknown || 1632 - Unknown || 0253 BCE ± 12 years - Unknown,,
211071,Pantelleria,Shield,Shield | Caldera | Lava dome(s) | Pyroclastic cone(s),Rhyolite | Trachyte / Trachydacite | Basalt / Picro-Basalt | Trachybasalt / Tephrite Basanite,Trachyandesite / Basaltic Trachyandesite,Rift zone | Continental crust (> 25 km),6561,10985,12403,142817,1891 CE,1891 Dec 16 ± 15 days - Unknown || 1891 Oct 17 - 1891 Oct 25 || 1831 Jul 2 ± 182 days - Unknown || 1080 BCE ± 300 years - Unknown || 4430 BCE ± 200 years - Unknown || 4550 BCE ± 300 years - Unknown || 5610 BCE ± 100 years - Unknown || 6130 BCE ± 75 years - Unknown || 7050 BCE (?) - Unknown,,
211080,Marsili,Composite,Complex | Submarine,,,,,,,,1050 BCE,1050 BCE ± 200 years - Unknown || 3050 BCE ± 200 years - Unknown,,
212020,Methana,Minor (Basaltic),Lava dome(s),Andesite / Basaltic Andesite | Dacite,,Subduction zone | Continental crust (> 25 km),152,1683,48917,4220783,258 BCE,1922 Aug 16 ± 15 days - Unknown || 0258 BCE ± 18 years - Unknown,,
212030,Mílos,Composite,Stratovolcano(es) | Lava dome(s) | Tuff ring(s),Rhyolite | Andesite / Basaltic Andesite | Dacite,,Subduction zone | Continental crust (> 25 km),6688,7389,9851,73100,140 CE,0140 ± 300 years - Unknown,,
212040,Santorini,Shield,Shield(s) | Caldera(s) | Lava dome(s),Dacite | Andesite / Basaltic Andesite | Basalt / Picro-Basalt | Trachyte / Trachydacite,Rhyolite,Subduction zone | Continental crust (> 25 km),5176,12266,12336,67468,1950 CE,1950 Jan 10 - 1950 Feb 2 || 1939 Aug 20 - 1941 Jul 2 ± 1 days || 1928 Jan 23 - 1928 Mar 17 || 1925 Aug 11 - 1926 May 16 ± 15 days || 1866 Jan 26 - 1870 Oct 15 || 1707 May 23 - 1711 Sep 14 || 1570 - 1573 || 0726 Jul 15 ± 45 days - Unknown || 0046 Dec 31 - 0047 Feb 1 ± 30 days || 0197 BCE - Unknown || 1610 BCE ± 14 years - Unknown,,
212050,Nisyros,Composite,Stratovolcano | Caldera | Lava dome(s),Dacite | Andesite / Basaltic Andesite | Rhyolite,,Subduction zone | Continental crust (> 25 km),672,680,14285,461031,1888 CE,1888 Sep 25 ± 4 days - Unknown || 1873 Jun 16 ± 15 days - 1873 Sep 26 || 1871 Jul 2 ± 182 days - Unknown || 1422 - Unknown,,
213000,Kula,Cluster,Volcanic field | Pyroclastic cone(s) | Maar(s),Trachybasalt / Tephrite Basanite | Phono-tephrite /  Tephri-phonolite,Basalt / Picro-Basalt | Trachyandesite / Basaltic Trachyandesite | Foidite,Intraplate | Continental crust (> 25 km),66866,66866,187845,2655406,Unknown - Evidence Credible,,,
213002,Hasandag-Keçiboyduran Volcanic Complex,Cluster,Stratovolcano | Caldera(s) | Lava dome(s),Dacite | Andesite / Basaltic Andesite | Rhyolite | Basalt / Picro-Basalt | Trachyandesite / Basaltic Trachyandesite,,Intraplate | Continental crust (> 25 km),235,4979,174584,1362673,Unknown - Evidence Credible,6750 BCE ± 50 years - Unknown || 7550 BCE ± 50 years - Unknown,,
213010,Erciyes Volcanic Complex,Composite,Stratovolcano | Caldera | Pyroclastic cone(s) | Lava dome(s),Dacite | Andesite / Basaltic Andesite | Rhyolite | Trachyandesite / Basaltic Trachyandesite | Trachyte / Trachydacite,,Intraplate | Continental crust (> 25 km),1715,8036,767813,1817720,6880 BCE,0253 (in or before) - Unknown || 6880 BCE ± 40 years - Unknown,,
213011,Karaca Dag,Shield,Shield | Fissure vent(s),Basalt / Picro-Basalt,,Intraplate | Continental crust (> 25 km),2157,6718,93286,2344496,Unknown - Evidence Credible,,,
213020,Nemrut Dagi,Composite,Stratovolcano | Caldera | Lava dome(s) | Pyroclastic cone(s),Rhyolite | Trachyte / Trachydacite | Trachyandesite / Basaltic Trachyandesite | Basalt / Picro-Basalt | Trachybasalt / Tephrite Basanite,,Intraplate | Continental crust (> 25 km),608,7399,230531,1618263,1650 CE,1692 Apr 13 - Unknown || 1650 Oct 27 - Unknown || 1597 (in or before) - Unknown || 1441 - Unknown || 1402 (?) - Unknown || 1111 - Unknown || 0531 BCE (?) - Unknown || 0657 BCE ± 25 years - Unknown || 0787 BCE ± 25 years - Unknown || 1396 BCE (?) - Unknown || 1662 BCE (?) - Unknown || 4055 BCE ± 50 years - Unknown || 4321 BCE (?) - Unknown || 4615 BCE (?) - Unknown || 4849 BCE (?) - Unknown || 4938 BCE ± 75 years - Unknown || 5085 BCE (?) - Unknown || 5152 BCE (?) - Unknown || 5242 BCE ± 75 years - Unknown || 5320 BCE (?) - Unknown || 5745 BCE (?) - Unknown || 6213 BCE (?) - Unknown || 6471 BCE (?) - Unknown || 7087 BCE (?) - Unknown || 7579 BCE (?) - Unknown || 7769 BCE (?) - Unknown || 9950 BCE ± 150 years - Unknown,,
213030,Tendürek Dagi,Shield,Shield | Caldera | Pyroclastic cone(s),Basalt / Picro-Basalt | Trachyte / Trachydacite | Trachyandesite / Basaltic Trachyandesite | Phonolite | Phono-tephrite /  Tephri-phonolite,,Intraplate | Continental crust (> 25 km),550,5060,173581,1938900,1855 CE,1855 Jul 2 ± 182 days - Unknown || 0550 BCE (?) - Unknown,,
213040,Ararat,Composite,Stratovolcano | Pyroclastic cone(s),Andesite / Basaltic Andesite | Dacite | Basalt / Picro-Basalt | Trachybasalt / Tephrite Basanite | Rhyolite,,Intraplate | Continental crust (> 25 km),25,1239,135563,2811646,1840 CE,1840 Jul 2 - Unknown || 1783 - Unknown || 1450 - Unknown || 0550 BCE - Unknown || 2450 BCE ± 50 years - Unknown,,
214010,Elbrus,Composite,Stratovolcano,Dacite | Andesite / Basaltic Andesite | Rhyolite | Trachyte / Trachydacite,,Intraplate | Continental crust (> 25 km),26,195,5718,1469719,50 CE,0050 ± 50 years - Unknown,,
214020,Kazbek,Composite,Stratovolcano | Lava dome,Andesite / Basaltic Andesite | Dacite,,Intraplate | Continental crust (> 25 km),0,9,7693,1749897,750 BCE,0750 BCE ± 50 years - Unknown || 4000 BCE ± 50 years - Unknown,,
214050,Samsari Volcanic Center,Cluster,Volcanic field | Lava cone(s),Andesite / Basaltic Andesite | Basalt / Picro-Basalt | Rhyolite | Dacite,,Intraplate | Continental crust (> 25 km),13210,13210,86563,1467499,Unknown - Evidence Uncertain,,,
214060,Aragats,Composite,Stratovolcano | Pyroclastic cone(s),Andesite / Basaltic Andesite | Basalt / Picro-Basalt | Dacite | Rhyolite,,Intraplate | Continental crust (> 25 km),0,163,150143,3046562,Unknown - Evidence Credible,,,
214070,Ghegham Volcanic Ridge,Cluster,Volcanic field,Andesite / Basaltic Andesite | Rhyolite | Dacite,,Intraplate | Continental crust (> 25 km),1265153,1265153,1265153,3151168,1900 BCE,1900 BCE ± 750 years - Unknown,,
214080,Vaiyots-Sar,Minor (Basaltic),Pyroclastic cone(s),Andesite / Basaltic Andesite,,Intraplate | Continental crust (> 25 km),31477,31477,57079,1465950,2000 BCE,0753 - Unknown || 2000 BCE (?) ± 1000 years - Unknown,,
214090,Porak,Cluster,Volcanic field | Stratovolcano | Pyroclastic cone(s),Andesite / Basaltic Andesite,,Intraplate | Continental crust (> 25 km),194,955,62882,1713373,778 BCE,0740 BCE ± 2 years - Unknown || 0778 BCE ± 5 years - Unknown || 4510 BCE ± 300 years - Unknown,,
214100,Tskhouk-Karckar,Cluster,Pyroclastic cone(s),Andesite / Basaltic Andesite | Dacite | Rhyolite,,Intraplate | Continental crust (> 25 km),25,243,55696,1310712,3000 BCE,3000 BCE ± 300 years - Unknown,,
221010,Jebel at Tair,Composite,Stratovolcano | Pyroclastic cone(s),Trachybasalt / Tephrite Basanite | Basalt / Picro-Basalt,,Rift zone | Oceanic crust (< 15 km),0,0,0,14493,2008 CE,2007 Sep 30 - 2008 Jun 16 (?) ± 15 days || 1883 Jul 2 ± 182 days - Unknown || 1863 Jul 2 ± 182 days - Unknown || 1833 Dec 31 ± 365 days - Unknown || 1750 ± 50 years - Unknown,,
221020,Zubair Group,Shield,Shield | Pyroclastic cone(s) | Fissure vent(s),Basalt / Picro-Basalt | Trachybasalt / Tephrite Basanite,,Rift zone | Oceanic crust (< 15 km),7,7,7,671171,2013 CE,2013 Sep 28 - 2013 Nov 20 || 2011 Dec 18 - 2012 Jan 12 || 1846 Aug 14 - Unknown || 1824 Jul 2 ± 182 days - Unknown,,
221021,Zukur,Shield,Shield | Pyroclastic cone(s) | Lava dome(s) | Fissure vent(s),Basalt / Picro-Basalt | Trachybasalt / Tephrite Basanite | Trachyandesite / Basaltic Trachyandesite | Trachyte / Trachydacite,,Rift zone | Oceanic crust (< 15 km),508,922,1075,1472800,Unknown - Evidence Credible,,,
221022,Hanish,Shield,Shield | Pyroclastic cone(s) | Fissure vent(s),Basalt / Picro-Basalt | Trachybasalt / Tephrite Basanite | Trachyandesite / Basaltic Trachyandesite,,Rift zone | Oceanic crust (< 15 km),219,304,811,850223,Unknown - Evidence Credible,,,
221040,Alid,Composite,Stratovolcano | Caldera,Rhyolite | Basalt / Picro-Basalt | Andesite / Basaltic Andesite | Trachyandesite / Basaltic Trachyandesite | Trachyte / Trachydacite,,Rift zone | Intermediate crust (15-25 km),517,2447,25942,1216179,Unknown - Evidence Credible,,,
221041,Dallol,Minor (Basaltic),Explosion crater(s),No Data (checked),,Rift zone | Intermediate crust (15-25 km),461,670,2372,820823,2011 CE,2011 Jan 4 ± 3 days - 2011 Jan 4 ± 3 days || 1926 Jul 2 ± 182 days - Unknown,,
221050,Gada Ale,Composite,Stratovolcano,Basalt / Picro-Basalt | Trachyandesite / Basaltic Trachyandesite | Trachyte / Trachydacite,,Rift zone | Intermediate crust (15-25 km),101,605,4827,618972,Unknown - Evidence Credible,,,
221060,Alu-Dalafilla,Cluster,Fissure vent(s) | Stratovolcano,Basalt / Picro-Basalt | Andesite / Basaltic Andesite | Trachyte / Trachydacite | Rhyolite,,Rift zone | Intermediate crust (15-25 km),0,9,11209,478054,2008 CE,2008 Nov 3 - 2008 Dec 16 (?) ± 15 days,,
221071,Bora Ale,Composite,Stratovolcano | Caldera,Basalt / Picro-Basalt | Andesite / Basaltic Andesite | Trachyte / Trachydacite | Rhyolite,,Rift zone | Intermediate crust (15-25 km),0,0,11328,339803,Unknown - Evidence Credible,,,
221080,Erta Ale,Shield,Shield | Caldera | Pyroclastic cone(s),Basalt / Picro-Basalt | Andesite / Basaltic Andesite,,Rift zone | Intermediate crust (15-25 km),2685,2796,8857,235083,2025 CE,1967 Jul 2 (in or before) ± 182 days - 2020 Apr 8 || 2020 Jun 12 - 2020 Dec 4 || 2021 Feb 2 - 2025 Aug 7 || 1960 Jan 16 ± 15 days - Unknown || 1940 Jul 2 ± 182 days - Unknown || 1906 May 16 ± 15 days - Unknown || 1904 Nov 1 ± 60 days - Unknown || 1903 Jul 2 ± 182 days - Unknown || 1873 Jul 2 ± 182 days - Unknown,,
221090,Ale Bagu,Composite,Stratovolcano,Basalt / Picro-Basalt | Trachyte / Trachydacite | Rhyolite,,Rift zone | Intermediate crust (15-25 km),2,919,8424,278270,Unknown - Evidence Credible,,,
221091,Hayli Gubbi,Shield,Shield | Fissure vent(s),Basalt / Picro-Basalt | Trachyte / Trachydacite | Rhyolite,,Rift zone | Intermediate crust (15-25 km),0,83,4266,179357,2025 CE,2025 Nov 23 - 2025 Nov 23 || 6250 BCE (in or after) - Unknown,,
221100,Dubbi,Composite,Stratovolcano | Pyroclastic cone(s) | Lava dome(s),Basalt / Picro-Basalt | Trachybasalt / Tephrite Basanite,Trachyandesite / Basaltic Trachyandesite | Trachyte / Trachydacite | Rhyolite,Rift zone | Intermediate crust (15-25 km),0,0,18,14867,1861 CE,1900 Jul 2 (?) ± 182 days - Unknown || 1863 Jul 2 ± 182 days - Unknown || 1861 May 8 - 1861 Oct 16 (?) ± 15 days || 1400 Jul 15 ± 45 days - Unknown,,
221101,Nabro,Composite,Stratovolcano | Caldera(s) | Lava dome(s) | Pyroclastic cone(s),Trachyte / Trachydacite | Rhyolite | Basalt / Picro-Basalt,,Rift zone | Intermediate crust (15-25 km),24,145,2713,26881,2012 CE,2011 Jun 13 - 2012 Jun 3 (?),,
221102,Mallahle,Composite,Stratovolcano | Caldera | Lava dome(s) | Pyroclastic cone(s),Trachyte / Trachydacite | Rhyolite | Basalt / Picro-Basalt,,Rift zone | Intermediate crust (15-25 km),912,1454,3830,30930,Unknown - Evidence Uncertain,,,
221103,Sork Ale,Composite,Stratovolcano | Caldera | Pyroclastic cone(s),Basalt / Picro-Basalt | Trachyte / Trachydacite,,Rift zone | Intermediate crust (15-25 km),174,632,3896,38428,Unknown - Evidence Uncertain,,,
221104,Asavyo,Shield,Shield | Caldera | Pyroclastic cone(s),Basalt / Picro-Basalt | Rhyolite,,Rift zone | Intermediate crust (15-25 km),84,479,7697,47836,Unknown - Evidence Credible,,,
221105,Mat Ala,Shield,Shield | Caldera,Basalt / Picro-Basalt | Andesite / Basaltic Andesite | Trachybasalt / Tephrite Basanite | Trachyandesite / Basaltic Trachyandesite,,Rift zone | Intermediate crust (15-25 km),45,92,6756,83190,Unknown - Evidence Credible,,,
221106,Tat Ali,Shield,Shield | Fissure vent(s),Basalt / Picro-Basalt | Trachybasalt / Tephrite Basanite | Trachyandesite / Basaltic Trachyandesite | Rhyolite | Trachyte / Trachydacite,,Rift zone | Intermediate crust (15-25 km),32,44,2130,100598,Unknown - Evidence Credible,,,
221107,Borawli,Composite,Stratovolcano | Lava dome(s),Basalt / Picro-Basalt | Trachyte / Trachydacite | Rhyolite,,Rift zone | Intermediate crust (15-25 km),38,100,3699,111101,Unknown - Evidence Credible,,,
221110,Afderà,Composite,Stratovolcano,Rhyolite,Basalt / Picro-Basalt | Trachybasalt / Tephrite Basanite | Andesite / Basaltic Andesite,Rift zone | Intermediate crust (15-25 km),51,6042,8611,161009,Unknown - Evidence Uncertain,,,
221111,Ma Alalta,Composite,Stratovolcano | Caldera | Lava dome(s),Rhyolite | Trachyte / Trachydacite,Basalt / Picro-Basalt | Trachybasalt / Tephrite Basanite | Andesite / Basaltic Andesite,Rift zone | Intermediate crust (15-25 km),3925,25246,66381,1332833,Unknown - Evidence Credible,,,
221112,Alayta,Shield,Shield | Fissure vent(s),Basalt / Picro-Basalt | Trachyte / Trachydacite | Trachyandesite / Basaltic Trachyandesite,,Rift zone | Intermediate crust (15-25 km),156,925,13459,330411,1915 CE,1915 Jul 2 ± 182 days - Unknown || 1907 Jun 16 ± 15 days - 1907 Aug 4 (on or after),,
221113,Dabbahu,Composite,Stratovolcano | Shield | Lava dome(s) | Fissure vent(s),Basalt / Picro-Basalt | Rhyolite | Trachyandesite / Basaltic Trachyandesite | Trachybasalt / Tephrite Basanite | Trachyte / Trachydacite,,Rift zone | Intermediate crust (15-25 km),204,1150,36494,540735,2005 CE,2005 Sep 26 - 2005 Sep 29 || 3450 BCE ± 1800 years - Unknown || 4450 BCE ± 2700 years - Unknown || 5850 BCE ± 4300 years - Unknown,,
221114,Dabbayra,Shield,Shield | Lava dome(s),Basalt / Picro-Basalt | Rhyolite,,Rift zone | Intermediate crust (15-25 km),804,3324,47053,1946949,Unknown - Evidence Credible,,,
221115,Manda Hararo,Shield,Shield(s) | Fissure vent(s),Basalt / Picro-Basalt,,Rift zone | Intermediate crust (15-25 km),191,857,7455,419204,2009 CE,2009 Jun 28 - 2009 Jul 1 (?) || 2007 Aug 12 - 2007 Aug 14 (?),,
221116,Groppo,Cluster,Volcanic field | Cone,,,Rift zone | Intermediate crust (15-25 km),2411,10358,93790,2462199,Unknown - Evidence Credible,,,
221120,Kurub,Shield,Shield,Basalt / Picro-Basalt | Trachybasalt / Tephrite Basanite,,Rift zone | Intermediate crust (15-25 km),8,9,64938,341992,Unknown - Evidence Credible,,,
221122,Manda-Inakir,Cluster,Fissure vent(s) | Pyroclastic cone(s),Basalt / Picro-Basalt | Trachybasalt / Tephrite Basanite,,Rift zone | Intermediate crust (15-25 km),116,1130,15991,223924,1928 CE,1928 Dec 31 ± 365 days - Unknown,,
221123,Mousa Alli,Composite,Stratovolcano | Caldera | Lava dome(s),Rhyolite | Trachyte / Trachydacite | Basalt / Picro-Basalt,,Rift zone | Intermediate crust (15-25 km),132,1148,11607,201977,Unknown - Evidence Credible,,,
221124,Gufa,Cluster,Volcanic field,Basalt / Picro-Basalt,,Rift zone | Intermediate crust (15-25 km),1651,1651,6301,186649,Unknown - Evidence Credible,,,
221125,Assab Volcanic Field,Cluster,Volcanic field,Basalt / Picro-Basalt,,Rift zone | Intermediate crust (15-25 km),9,9,97,181952,Unknown - Evidence Credible,,,
221126,Ardoukôba,Cluster,Fissure vent(s) | Pyroclastic cone(s) | Tuff cone(s),Basalt / Picro-Basalt | Trachybasalt / Tephrite Basanite | Rhyolite,,Rift zone | Intermediate crust (15-25 km),2895,2895,6898,560146,1978 CE,1978 Nov 7 - 1978 Nov 14,,
221127,Manda Gargori,Cluster,Fissure vent(s) | Lava dome | Tuff ring,Basalt / Picro-Basalt | Rhyolite,,Rift zone | Intermediate crust (15-25 km),284,1127,74334,310427,Unknown - Evidence Credible,,,
221141,Dama Ali,Shield,Shield | Caldera | Lava dome(s),Basalt / Picro-Basalt | Trachyte / Trachydacite | Rhyolite,,Rift zone | Intermediate crust (15-25 km),24,1944,40013,353949,1631 CE,1631 Feb 14 (?) - Unknown,,
221150,Gabillema,Composite,Stratovolcano | Lava dome(s) | Pyroclastic cone(s),Rhyolite | Basalt / Picro-Basalt | Trachybasalt / Tephrite Basanite | Trachyandesite / Basaltic Trachyandesite,,Rift zone | Intermediate crust (15-25 km),248,772,12626,373968,Unknown - Evidence Credible,,,
221151,Yangudi,Composite,Complex | Caldera | Pyroclastic cone(s) | Lava dome(s),Rhyolite | Basalt / Picro-Basalt | Trachybasalt / Tephrite Basanite | Trachyandesite / Basaltic Trachyandesite,,Rift zone | Intermediate crust (15-25 km),33,795,11672,519635,Unknown - Evidence Credible,,,
221160,Ayelu,Composite,Stratovolcano | Caldera | Pyroclastic cone(s),Rhyolite,,Rift zone | Intermediate crust (15-25 km),193,1375,33262,1279214,Unknown - Evidence Credible,1928 Jul 2 ± 182 days - Unknown,,
221170,Adwa,Composite,Stratovolcano | Caldera | Pyroclastic cone(s) | Lava dome(s),Rhyolite | Basalt / Picro-Basalt | Trachyte / Trachydacite,,Rift zone | Intermediate crust (15-25 km),101,485,18645,1242922,Unknown - Evidence Credible,1928 Jul 2 ± 182 days - Unknown || 1828 Jul 2 ± 182 days - Unknown,,
221171,Hertali,Cluster,Fissure vent,Basalt / Picro-Basalt,,Rift zone | Intermediate crust (15-25 km),474,2243,65271,2279187,Unknown - Evidence Credible,,,
221172,Liado Hayk,Cluster,Volcanic field | Maar(s) | Pyroclastic cone(s),No Data (checked),,Rift zone | Continental crust (> 25 km),22847,22847,54244,2688559,Unknown - Evidence Uncertain,,,
221180,Dofen,Shield,Shield,Rhyolite,,Rift zone | Continental crust (> 25 km),1900,12452,54928,2900053,Unknown - Evidence Credible,,,
221190,Fentale,Composite,Stratovolcano | Caldera | Fissure vent(s) | Tuff ring,Rhyolite | Trachyte / Trachydacite | Trachybasalt / Tephrite Basanite | Andesite / Basaltic Andesite,,Rift zone | Continental crust (> 25 km),1919,14201,169357,3482286,1789 CE,1789 ± 19 years - Unknown,,
221191,Beru,Cluster,Volcanic field,Basalt / Picro-Basalt,,Rift zone | Continental crust (> 25 km),3850,20176,196084,3809644,Unknown - Evidence Credible,,,
221200,Kone,Caldera,Caldera(s) | Pyroclastic cone(s),Rhyolite | Trachyte / Trachydacite | Basalt / Picro-Basalt,,Rift zone | Continental crust (> 25 km),7289,27271,255387,4245801,1820 CE,1820 Jul 2 ± 10 years ± 182 days - Unknown,,
221210,Boset,Composite,Stratovolcano(es) | Caldera | Lava dome(s) | Fissure vent(s),Rhyolite | Trachyte / Trachydacite | Basalt / Picro-Basalt | Trachybasalt / Tephrite Basanite | Trachyandesite / Basaltic Trachyandesite,,Rift zone | Continental crust (> 25 km),3267,19603,586318,7130451,Unknown - Evidence Credible,,,
221220,Bishoftu Volcanic Field,Cluster,Volcanic field | Fissure vent(s) | Tuff ring(s) | Maar(s),Basalt / Picro-Basalt | Rhyolite,,Rift zone | Continental crust (> 25 km),310101,310101,662037,7986826,Unknown - Evidence Credible,,,
221222,Melkassa,Cluster,Volcanic field | Pyroclastic cone(s),Basalt / Picro-Basalt,,Intraplate | Continental crust (> 25 km),432998,432998,648056,7539098,Unknown - Evidence Credible,,,
221230,Gedemsa,Caldera,Caldera | Pyroclastic cone(s),Rhyolite | Trachyte / Trachydacite,Basalt / Picro-Basalt,Rift zone | Continental crust (> 25 km),216008,216008,744211,8000105,Unknown - Evidence Credible,,,
221250,Bora-Bericha-Tullu Moye,Cluster,Pyroclastic cone | Fissure vent(s),Rhyolite | Trachyte / Trachydacite | Basalt / Picro-Basalt | Trachybasalt / Tephrite Basanite,,Rift zone | Continental crust (> 25 km),11514,51976,546291,5565084,1900 CE,1900 Jul 2 (?) ± 182 days - Unknown || 1775 ± 25 years - Unknown || 0760 ± 36 years - Unknown,,
221251,,,,,,,,,,,,,missing:volcano_name; missing:volcano_types; missing:last_known_eruption,
221252,East Ziway,Cluster,Fissure vent(s) | Pyroclastic cone(s),Basalt / Picro-Basalt,,Rift zone | Continental crust (> 25 km),85845,85845,432279,6051149,Unknown - Evidence Credible,,,
221260,Butajiri-Silti Field,Cluster,Volcanic field | Fissure vent(s) | Pyroclastic cone(s) | Maar(s),Basalt / Picro-Basalt,,Rift zone | Continental crust (> 25 km),431631,431631,889323,7096283,Unknown - Evidence Credible,,,
221270,Aluto,Composite,Stratovolcano | Lava dome(s) | Pyroclastic cone(s),Rhyolite | Dacite | Basalt / Picro-Basalt,,Rift zone | Continental crust (> 25 km),6011,25619,314216,6813710,1550 CE,1550 ± 50 years - Unknown || 0050 BCE (?) - Unknown || 6200 BCE ± 1680 years - Unknown || 7280 BCE ± 2000 years - Unknown || 10900 BCE ± 1630 years - Unknown,,
221280,Shala,Caldera,Caldera | Pyroclastic cone(s),Rhyolite | Trachyte / Trachydacite,Basalt / Picro-Basalt,Rift zone | Continental crust (> 25 km),148588,148588,477361,8808566,Unknown - Evidence Credible,,,
221290,Corbetti,Caldera,Caldera | Stratovolcano | Pyroclastic cone,Rhyolite | Basalt / Picro-Basalt,,Rift zone | Continental crust (> 25 km),565206,565206,1171948,9794061,396 BCE,0396 BCE ± 38 years - Unknown || 5425 BCE (in or before) ± 54 years - Unknown,,
221291,Bilate River Field,Cluster,Volcanic field | Maar(s) | Tuff ring(s),No Data (checked),,Intraplate | Continental crust (> 25 km),359001,359001,1222547,9860754,Unknown - Unrest / Holocene,,,
221294,Northern Lake Abaya Volcanic Field,Cluster,Volcanic field,,,Intraplate | Continental crust (> 25 km),,,,,Unknown - Evidence Credible,,,
221320,Korath Range,Cluster,Tuff cone(s),Trachybasalt / Tephrite Basanite | Basalt / Picro-Basalt | Phono-tephrite /  Tephri-phonolite,,Rift zone | Intermediate crust (15-25 km),24549,24549,48969,270726,Unknown - Evidence Uncertain,,,
221330,Mega Volcanic Field,Cluster,Volcanic field | Pyroclastic cone(s) | Maar(s),,,Rift zone | Intermediate crust (15-25 km),,,,,Unknown - Evidence Credible,,,
222001,Lake Turkana North Island,Minor (Basaltic),Tuff cone(s),Trachyandesite / Basaltic Trachyandesite | Basalt / Picro-Basalt | Trachyte / Trachydacite,,Rift zone | Continental crust (> 25 km),21,21,7326,180900,Unknown - Evidence Credible,,,
222010,Lake Turkana Central Island,Minor (Basaltic),Tuff cone(s) | Tuff ring(s),Basalt / Picro-Basalt | Trachyandesite / Basaltic Trachyandesite | Trachyte / Trachydacite,,Rift zone | Continental crust (> 25 km),28,28,10253,216485,Unknown - Evidence Credible,1974 Jul 22 (?) - 1974 Jul 27 ± 1 days,,
222020,Lake Turkana South Island,Shield,Stratovolcano | Tuff cone(s),Basalt / Picro-Basalt | Trachybasalt / Tephrite Basanite | Phono-tephrite /  Tephri-phonolite | Trachyandesite / Basaltic Trachyandesite,,Rift zone | Continental crust (> 25 km),0,0,1959,98303,1888 CE,1888 Jul 2 ± 182 days - Unknown,,
222021,Marsabit,Shield,Shield | Maar(s) | Pyroclastic cone(s),Basalt / Picro-Basalt | Trachybasalt / Tephrite Basanite,,Rift zone | Continental crust (> 25 km),16804,22677,49742,111322,Unknown - Evidence Uncertain,,,
222030,The Barrier,Shield,Shield | Caldera | Pyroclastic cone(s),Trachyte / Trachydacite | Phonolite | Basalt / Picro-Basalt | Trachyandesite / Basaltic Trachyandesite | Trachybasalt / Tephrite Basanite,,Rift zone | Continental crust (> 25 km),17,112,4180,109675,1921 CE,1921 Dec 31 ± 365 days - Unknown || 1920 Jul 2 ± 3 years ± 182 days - Unknown || 1917 Jul 2 ± 182 days - Unknown || 1906 Jul 2 ± 182 days - Unknown || 1897 May 16 (on or before) ± 15 days - Unknown || 1895 Jul 2 ± 182 days - Unknown || 1888 Jul 2 ± 182 days - Unknown || 1871 Jul 2 ± 3 years ± 182 days - Unknown || 1090 ± 50 years - Unknown || 1050 ± 150 years - Unknown || 1030 ± 150 years - Unknown || 7710 BCE ± 200 years - Unknown,,
222040,Namarunu,Shield,Shield | Pyroclastic cone(s) | Tuff ring(s),Basalt / Picro-Basalt | Trachyte / Trachydacite | Rhyolite,,Rift zone | Continental crust (> 25 km),47,537,7073,186674,6550 BCE,6550 BCE ± 1500 years - Unknown,,
222050,Segererua Plateau,Cluster,Pyroclastic cone(s) | Maar(s),Basalt / Picro-Basalt | Trachyte / Trachydacite,,Rift zone | Continental crust (> 25 km),5211,5211,11949,147996,Unknown - Evidence Credible,,,
222051,Emuruangogolak,Shield,Shield | Caldera | Pyroclastic cone(s),Trachyte / Trachydacite | Basalt / Picro-Basalt,,Rift zone | Continental crust (> 25 km),80,252,4448,445177,1910 CE,1910 Jul 2 ± 50 years ± 182 days - Unknown || 1700 ± 100 years - Unknown || 1300 ± 150 years - Unknown || 1230 ± 150 years - Unknown || 1160 ± 150 years - Unknown || 1120 ± 150 years - Unknown || 6550 BCE ± 1500 years - Unknown || 8050 BCE ± 1000 years - Unknown,,
222052,Silali,Shield,Shield | Caldera | Lava dome(s) | Pyroclastic cone(s),Trachyte / Trachydacite | Basalt / Picro-Basalt,Trachybasalt / Tephrite Basanite,Rift zone | Continental crust (> 25 km),157,784,18705,917921,5050 BCE,5050 BCE ± 2000 years - Unknown || 6050 BCE ± 3000 years - Unknown || 7050 BCE ± 2000 years - Unknown,,
222053,Paka,Shield,Shield | Caldera | Pyroclastic cone(s),Trachyte / Trachydacite | Basalt / Picro-Basalt,Trachyandesite / Basaltic Trachyandesite,Rift zone | Continental crust (> 25 km),468,4354,62835,1256175,7550 BCE,7550 BCE ± 2000 years - Unknown,,
222054,Korosi,Shield,Shield | Tuff ring | Pyroclastic cone(s) | Lava dome(s),Trachyte / Trachydacite | Basalt / Picro-Basalt | Trachyandesite / Basaltic Trachyandesite,,Rift zone | Continental crust (> 25 km),1256,9641,85474,2051312,Unknown - Evidence Credible,,,
222055,Ol Kokwe,Shield,Shield | Pyroclastic cone(s),Basalt / Picro-Basalt | Trachyte / Trachydacite,,Rift zone | Continental crust (> 25 km),151,8229,115689,2700016,Unknown - Evidence Credible,,,
222056,Nyambeni Hills,Shield,Shield | Pyroclastic cone(s) | Lava dome(s),Basalt / Picro-Basalt | Phonolite | Trachybasalt / Tephrite Basanite | Trachyandesite / Basaltic Trachyandesite | Rhyolite,,Rift zone | Continental crust (> 25 km),13389,107199,768936,2781323,Unknown - Evidence Credible,,,
222060,Menengai,Shield,Shield | Caldera | Pyroclastic cone(s),Trachyte / Trachydacite | Rhyolite | Basalt / Picro-Basalt,,Rift zone | Continental crust (> 25 km),2192,204608,886293,4259089,6050 BCE,6050 BCE (?) - Unknown || 7350 BCE ± 500 years - Unknown,,
222070,Homa Mountain,Composite,Complex,Foidite | Phonolite,,Rift zone | Continental crust (> 25 km),16124,60670,628701,10069120,Unknown - Evidence Credible,,,
222071,Elmenteita Badlands,Cluster,Pyroclastic cone(s),Basalt / Picro-Basalt,,Rift zone | Continental crust (> 25 km),134553,134553,445904,6117963,Unknown - Evidence Credible,,,
222080,Ol Doinyo Eburru,Composite,Complex | Lava dome(s) | Pyroclastic cone(s),Rhyolite | Phonolite | Trachyte / Trachydacite,,Rift zone | Continental crust (> 25 km),460,9365,323529,7992639,Unknown - Evidence Credible,,,
222090,Olkaria,Cluster,Pyroclastic cone(s) | Lava dome(s) | Caldera,Rhyolite | Trachyte / Trachydacite | Basalt / Picro-Basalt,Trachybasalt / Tephrite Basanite,Rift zone | Continental crust (> 25 km),59747,59747,208003,8437829,1770 CE,1770 ± 50 years - Unknown || 4050 BCE (?) - Unknown || 6050 BCE (?) - Unknown,,
222100,Longonot,Composite,Stratovolcano | Caldera | Pyroclastic cone(s),Trachyte / Trachydacite | Trachybasalt / Tephrite Basanite,,Rift zone | Continental crust (> 25 km),809,17893,410677,8750154,1863 CE,1863 Jul 2 ± 5 years ± 182 days - Unknown || 1330 BCE ± 100 years - Unknown || 7200 BCE ± 100 years - Unknown,,
222110,Suswa,Shield,Shield | Caldera | Stratovolcano,Phonolite | Trachyte / Trachydacite,Trachybasalt / Tephrite Basanite,Rift zone | Continental crust (> 25 km),474,4041,105232,6914644,Unknown - Evidence Credible,,,
222120,Ol Doinyo Lengai,Composite,Stratovolcano | Pyroclastic cone(s),Foidite | Phonolite,,Rift zone | Continental crust (> 25 km),186,1855,18074,545305,2026 CE,2017 Apr 9 - 2026 Mar 31 (continuing) || 2016 Sep 21 (on or before) - 2016 Oct 13 (on or after) || 2015 Jun 20 (on or before) - 2015 Aug 24 (on or after) || 2011 Jun 22 (in or before) - 2014 Jul 15 ± 10 days || 2007 Jun 16 ± 15 days - 2010 Oct 9 (?) ± 1 days || 1994 Sep 18 - 2006 Jul 16 (?) ± 15 days || 1983 Jan 1 - 1993 Sep 24 || 1969 Jul 16 (?) ± 15 days - Unknown || 1967 Jul 8 - 1967 Sep 4 || 1960 Mar 16 (on or before) ± 15 days - 1966 Nov 28 ± 30 days || 1958 Feb 6 (on or before) - Unknown || 1955 Jan 19 - 1955 Jan 20 || 1954 Jul 26 ± 5 days - 1954 Sep 16 ± 15 days || 1940 Jul 24 - 1941 Feb 16 ± 15 days || 1926 Jul 2 ± 182 days - Unknown || 1921 Feb 16 ± 15 days - Unknown || 1916 Dec 1 ± 30 days - 1917 Jun 16 ± 15 days || 1914 Aug 15 ± 270 days - 1915 Jul 2 ± 182 days || 1913 Jul 2 ± 182 days - Unknown || 1907 Jul 2 ± 3 years ± 182 days - 1910 Aug 4 (on or after) || 1904 Jul 2 ± 182 days - Unknown || 1882 Jul 2 ± 182 days - 1883 Jul 2 ± 182 days || 1880 Dec 16 ± 15 days - Unknown || 1350 (?) - Unknown || 0700 (?) - Unknown || 0050 BCE (?) - Unknown || 1550 BCE ± 1500 years - Unknown,,
222130,Chyulu Hills,Cluster,Volcanic field,Trachybasalt / Tephrite Basanite | Basalt / Picro-Basalt | Foidite,,Rift zone | Continental crust (> 25 km),14889,14889,91280,1784980,1855 CE,1855 Jul 2 ± 5 years ± 182 days - Unknown || 1470 ± 200 years - Unknown || 2250 BCE ± 110 years - Unknown,,
222160,Meru,Composite,Stratovolcano | Pyroclastic cone | Lava dome,Phonolite | Foidite | Phono-tephrite /  Tephri-phonolite | Trachyte / Trachydacite | Basalt / Picro-Basalt,,Rift zone | Continental crust (> 25 km),0,2506,828942,2375631,1910 CE,1910 Oct 26 - 1910 Dec 22 || 1886 Jul 2 (?) ± 182 days - Unknown || 1878 Jul 2 ± 1 years ± 182 days - Unknown || 5850 BCE (?) - Unknown,,
222161,Igwisi Hills,Minor,Pyroclastic cone(s),Foidite,,Intraplate | Continental crust (> 25 km),37034,37034,105827,774440,Pleistocene,10450 BCE ± 4800 years - Unknown,,
222164,Ngozi,Caldera,Caldera | Shield(s) | Pyroclastic cone(s),Trachyte / Trachydacite | Phonolite | Trachyandesite / Basaltic Trachyandesite | Basalt / Picro-Basalt,,Rift zone | Continental crust (> 25 km),456466,456466,604376,2195623,1450 CE,1450 ± 40 years - Unknown || 8250 BCE (?) - Unknown,,
222166,Rungwe,Composite,Stratovolcano | Pyroclastic cone(s) | Lava dome,Trachyte / Trachydacite | Phonolite | Basalt / Picro-Basalt,,Rift zone | Continental crust (> 25 km),644,20713,393819,2299914,1250 CE,1250 ± 40 years - Unknown || 0050 BCE ± 100 years - Unknown || 2050 BCE (?) - Unknown,,
222170,Kyejo,Composite,Stratovolcano | Pyroclastic cone(s) | Maar(s),Trachyte / Trachydacite | Trachyandesite / Basaltic Trachyandesite | Basalt / Picro-Basalt | Trachybasalt / Tephrite Basanite,,Rift zone | Continental crust (> 25 km),2259,38428,378511,2263665,1800 CE,1800 Jul 2 (?) ± 182 days - Unknown,,
223001,Fort Portal Volcanic Field,Cluster,Volcanic field | Tuff cone(s) | Maar(s) | Lava dome,Foidite,,Rift zone | Continental crust (> 25 km),242914,242914,498815,4167189,2120 BCE,2120 BCE ± 100 years - Unknown || 2750 BCE ± 75 years - Unknown,,
223002,Ndali-Kasenda Volcanic Field,Cluster,Volcanic field | Tuff cone(s) | Maar(s),Foidite,,Rift zone | Continental crust (> 25 km),271685,271685,537190,4350194,Unknown - Evidence Uncertain,,,
223003,Katwe-Kikorongo Volcanic Field,Cluster,Volcanic field | Tuff cone(s) | Maar(s),Foidite,,Rift zone | Continental crust (> 25 km),446218,446218,578503,6241035,Pleistocene,,,
223004,Bunyaruguru Volcanic Field,Cluster,Volcanic field | Maar(s) | Tuff cone(s),Foidite,,Rift zone | Continental crust (> 25 km),177517,177517,338735,5955535,Pleistocene,,,
223005,Katunga,Minor,Volcanic field | Tuff cone,Foidite,,Rift zone | Continental crust (> 25 km),9430,144953,657740,5787434,Pleistocene,,,
223020,Nyamulagira,Shield,Shield | Caldera | Pyroclastic cone(s),Trachybasalt / Tephrite Basanite | Phono-tephrite /  Tephri-phonolite,,Rift zone | Continental crust (> 25 km),3751,27027,711356,8333476,2026 CE,2018 Apr 14 - 2019 Apr 20 ± 5 days || 2019 May 10 ± 5 days - 2026 Mar 16 (continuing) || 2016 Nov 27 - 2017 May 2 || 2014 Jun 22 - 2016 May 14 || 2011 Nov 6 - 2012 Mar 16 (?) || 2010 Jan 2 - 2010 Jan 29 || 2006 Nov 27 - 2006 Dec 5 (?) || 2004 May 8 - 2004 May 28 ± 3 days || 2002 Jul 25 - 2002 Sep 16 (?) ± 15 days || 2001 Feb 6 - 2001 Apr 5 ± 4 days || 2000 Jan 27 - 2000 Feb 10 (on or after) || 1998 Oct 17 - 1998 Oct 25 (on or after) || 1996 Dec 1 - 1996 Dec 5 (on or after) || 1994 Jul 4 - 1994 Aug 25 (on or after) || 1991 Sep 20 - 1993 Feb 8 || 1989 Apr 24 - 1989 Aug 15 ± 5 days || 1987 Dec 30 - 1988 Jan 4 || 1986 Jul 16 - 1986 Aug 20 || 1984 Feb 23 - 1984 Mar 14 || 1981 Dec 25 - 1982 Jan 14 || 1980 Jan 30 - 1980 Feb 24 || 1976 Dec 23 - 1977 Jun 15 ± 5 days || 1971 Mar 24 - 1971 May 5 ± 4 days || 1967 Apr 23 - 1967 May 9 || 1958 Aug 7 - 1958 Nov 21 || 1957 Dec 28 - Unknown || 1956 Nov 17 - 1956 Nov 18 || 1954 Feb 21 - 1954 May 28 || 1951 Nov 16 - 1952 Jan 16 || 1951 Jul 25 - 1951 Jul 28 || 1948 Mar 1 - 1948 Jul 15 ± 5 days || 1938 Jan 28 - 1940 Jun 25 ± 5 days || 1921 Jul 2 ± 182 days - 1938 Jan 17 ± 3 days || 1920 Jul 2 ± 182 days - Unknown || 1912 Dec 3 - 1913 Apr 16 ± 15 days || 1909 May 16 ± 15 days - 1909 May 16 ± 15 days || 1908 Jul 2 ± 182 days - Unknown || 1907 Nov 7 - 1907 Dec 5 || 1907 Apr 16 ± 15 days - 1907 May 16 ± 15 days || 1906 Jul 2 ± 182 days - Unknown || 1905 Jul 22 - 1905 Sep 25 (on or after) || 1904 Apr 16 ± 15 days - 1904 May 16 (?) || 1902 Apr 22 (?) - Unknown || 1901 Jul 2 ± 182 days - Unknown || 1899 Feb 16 ± 15 days - Unknown || 1896 Jul 2 ± 182 days - Unknown || 1894 Jun 16 ± 15 days - Unknown || 1882 Jul 2 ± 182 days - Unknown || 1865 Jul 2 ± 182 days - Unknown || 1550 ± 100 years - Unknown,,
223030,Nyiragongo,Composite,Stratovolcano | Caldera | Pyroclastic cone(s),Foidite,Basalt / Picro-Basalt,Rift zone | Continental crust (> 25 km),2416,31145,1006436,9087529,2026 CE,2002 May 17 (?) - 2021 May 27 || 2021 Jun 1 - 2023 Oct 24 || 2024 Mar 1 ± 1 days - 2026 Mar 17 (continuing) || 2002 Jan 17 - 2002 Feb 3 (on or after) || 1994 Jun 23 - 1996 Mar 16 (?) ± 15 days || 1982 Jun 21 - 1982 Oct 17 ± 15 days || 1977 Jan 10 - 1977 Jan 10 || 1927 Mar 16 ± 15 days - 1977 Jan 10 || 1920 Jul 2 ± 182 days - 1921 Jul 2 ± 182 days || 1918 Jul 2 ± 182 days - Unknown || 1911 Aug 16 ± 15 days - 1911 Oct 16 ± 15 days || 1908 Dec 1 ± 30 days - Unknown || 1906 Jul 2 ± 182 days - Unknown || 1905 Jul 2 ± 182 days - Unknown || 1902 Jul 2 ± 182 days - Unknown || 1901 Jul 2 ± 182 days - Unknown || 1900 Jul 2 ± 182 days - Unknown || 1899 Jul 2 ± 182 days - Unknown || 1898 Jul 2 ± 182 days - Unknown || 1894 Jul 2 ± 182 days - Unknown || 1891 Jul 2 (in or before) ± 182 days - Unknown || 1884 Jul 2 ± 182 days - Unknown,,
223040,Karisimbi,Composite,Stratovolcano | Caldera | Pyroclastic cone(s),Trachybasalt / Tephrite Basanite | Trachyandesite / Basaltic Trachyandesite | Trachyte / Trachydacite,,Rift zone | Continental crust (> 25 km),9657,85615,1198124,10835260,8050 BCE,8050 BCE (?) - Unknown,,
223050,Visoke,Composite,Stratovolcano | Pyroclastic cone(s),Trachyandesite / Basaltic Trachyandesite,,Rift zone | Continental crust (> 25 km),17165,88356,1162209,10953315,Pleistocene,,,
223060,Muhavura,Composite,Stratovolcano | Pyroclastic cone(s),Trachybasalt / Tephrite Basanite | Trachyandesite / Basaltic Trachyandesite,,Rift zone | Continental crust (> 25 km),10680,197162,1189226,10833809,Pleistocene,,,
223070,Bufumbira Volcanic Field,Cluster,Volcanic field | Pyroclastic cone(s),Phono-tephrite /  Tephri-phonolite | Trachyandesite / Basaltic Trachyandesite | Trachybasalt / Tephrite Basanite | Trachyte / Trachydacite | Foidite,,Rift zone | Continental crust (> 25 km),436134,436134,830916,10342253,Pleistocene,,,
224002,Gran Caldera de Luba,Caldera,Shield | Caldera | Pyroclastic cone(s),Basalt / Picro-Basalt | Trachybasalt / Tephrite Basanite,,Intraplate | Continental crust (> 25 km),0,428,15688,142724,Pleistocene,,,
224003,Pico Biaó,Shield,Shield | Caldera | Pyroclastic cone(s),Basalt / Picro-Basalt | Trachybasalt / Tephrite Basanite,,Intraplate | Continental crust (> 25 km),706,1432,16190,349646,Pleistocene,,,
224004,Pico Basilé,Shield,Shield | Pyroclastic cone(s),Basalt / Picro-Basalt | Trachybasalt / Tephrite Basanite,,Intraplate | Continental crust (> 25 km),95977,95977,117500,506900,1923 CE,1923 Jul 2 ± 182 days - Unknown || 1903 Jul 2 ± 182 days - Unknown || 1898 Jul 2 (?) ± 182 days - Unknown,,
224010,Cameroon,Composite,Stratovolcano | Pyroclastic cone(s) | Maar,Trachybasalt / Tephrite Basanite | Basalt / Picro-Basalt | Trachyandesite / Basaltic Trachyandesite,Trachyte / Trachydacite | Foidite,Intraplate | Continental crust (> 25 km),328,26053,417460,3079036,2000 CE,2000 May 28 - 2000 Sep 15 ± 5 days || 1999 Mar 28 - 1999 Apr 17 || 1989 May 29 - 1989 May 29 || 1982 Oct 16 - 1982 Nov 12 || 1959 Jan 23 - 1959 Mar 19 || 1954 Jun 28 - 1954 Jul 26 || 1925 Jul 2 ± 182 days - Unknown || 1922 Feb 3 - 1922 Aug 24 || 1909 Apr 28 - 1909 Jun 16 (?) ± 15 days || 1871 Jul 2 ± 182 days - Unknown || 1868 Jul 2 ± 182 days - Unknown || 1866 Jan 16 (?) ± 15 days - Unknown || 1865 Jul 2 ± 182 days - Unknown || 1852 Jul 2 ± 182 days - Unknown || 1838 Dec 31 ± 365 days - Unknown || 1825 Jul 2 ± 10 years ± 182 days - Unknown || 1807 Jul 2 ± 8 years ± 182 days - Unknown || 1650 ± 50 years - Unknown || 0450 BCE ± 50 years - Unknown,,
224011,Tombel Graben,Cluster,Volcanic field | Pyroclastic cone(s) | Maar(s),Trachybasalt / Tephrite Basanite | Basalt / Picro-Basalt,,Intraplate | Continental crust (> 25 km),234623,234623,434892,4087423,Unknown - Evidence Credible,,,
224030,Oku Volcanic Field,Cluster,Volcanic field | Stratovolcano | Caldera | Maar(s) | Pyroclastic cone(s),Basalt / Picro-Basalt | Trachybasalt / Tephrite Basanite | Trachyandesite / Basaltic Trachyandesite | Rhyolite | Trachyte / Trachydacite,,Intraplate | Continental crust (> 25 km),131944,131944,399741,3698980,Unknown - Evidence Uncertain,1986 Aug 21 - 1986 Dec 30 (?) || 1550 ± 100 years - Unknown,,
225001,Todra Volcanic Field,Cluster,Volcanic field | Pyroclastic cone(s),Basalt / Picro-Basalt | Trachyte / Trachydacite | Phonolite,,Intraplate | Continental crust (> 25 km),362,362,927,146935,Unknown - Evidence Credible,,,
225004,Tahalra Volcanic Field,Cluster,Volcanic field | Pyroclastic cone(s) | Maar(s) | Lava dome(s),Trachybasalt / Tephrite Basanite | Foidite,Trachyandesite / Basaltic Trachyandesite | Trachyte / Trachydacite | Rhyolite,Intraplate | Continental crust (> 25 km),0,0,518,86063,Unknown - Evidence Credible,,,
225005,Atakor Volcanic Field,Cluster,Volcanic field | Pyroclastic cone(s) | Lava dome(s),Trachybasalt / Tephrite Basanite | Trachyte / Trachydacite | Phonolite,Trachyandesite / Basaltic Trachyandesite | Phono-tephrite /  Tephri-phonolite,Intraplate | Continental crust (> 25 km),0,0,0,116453,Unknown - Evidence Credible,,,
225006,Manzaz Volcanic Field,Cluster,Volcanic field | Pyroclastic cone(s) | Maar(s),Trachybasalt / Tephrite Basanite | Basalt / Picro-Basalt,,Intraplate | Continental crust (> 25 km),1196,1196,1326,5278,Unknown - Evidence Credible,,,
225009,Tarso Tôh,Cluster,Volcanic field,Basalt / Picro-Basalt,,Intraplate | Continental crust (> 25 km),0,0,0,4088,Unknown - Evidence Credible,,,
225010,Tarso Toussidé,Composite,Stratovolcano | Caldera | Pyroclastic cone(s),Trachyte / Trachydacite | Trachyandesite / Basaltic Trachyandesite | Dacite | Rhyolite,Basalt / Picro-Basalt,Intraplate | Continental crust (> 25 km),0,0,394,5038,Unknown - Evidence Credible,,,
225020,Tarso Voon,Composite,Stratovolcano | Caldera | Pyroclastic cone(s),Trachyte / Trachydacite | Phonolite | Trachybasalt / Tephrite Basanite,Trachyandesite / Basaltic Trachyandesite | Rhyolite,Intraplate | Continental crust (> 25 km),0,0,0,3220,Unknown - Unrest / Holocene,,,
225021,Emi Koussi,Shield,Shield(pyroclastic) | Caldera(s) | Pyroclastic cone(s) | Lava dome(s) | Maar(s),Trachyte / Trachydacite | Rhyolite | Basalt / Picro-Basalt | Andesite / Basaltic Andesite,,Intraplate | Continental crust (> 25 km),0,8,26,1616,Unknown - Evidence Credible,,,
225030,Jebel Marra,Cluster,Volcanic field,Basalt / Picro-Basalt | Trachyte / Trachydacite | Trachybasalt / Tephrite Basanite | Trachyandesite / Basaltic Trachyandesite | Phonolite,,Intraplate | Continental crust (> 25 km),638,8692,120061,983802,2000 BCE,2000 BCE (?) - Unknown,,
225040,Kutum Volcanic Field,Cluster,Volcanic field | Pyroclastic cone(s) | Explosion crater(s),Basalt / Picro-Basalt,,Intraplate | Continental crust (> 25 km),30569,30569,30569,194797,Unknown - Evidence Uncertain,,,
225050,Meidob Volcanic Field,Cluster,Volcanic field | Pyroclastic cone(s) | Lava dome(s) | Maar(s),Trachybasalt / Tephrite Basanite | Basalt / Picro-Basalt,Phonolite | Trachyte / Trachydacite | Trachyandesite / Basaltic Trachyandesite,Intraplate | Continental crust (> 25 km),5140,5140,5140,24193,2950 BCE,2950 BCE ± 500 years - Unknown || 3000 BCE (?) - Unknown || 3050 BCE (?) - Unknown || 4150 BCE ± 1450 years - Unknown || 5250 BCE ± 500 years - Unknown || 6050 BCE ± 1600 years - Unknown,,
225060,Bayuda Volcanic Field,Cluster,Volcanic field | Pyroclastic cone(s) | Explosion crater(s),Trachybasalt / Tephrite Basanite,,Intraplate | Continental crust (> 25 km),1124,1124,2752,259325,850 CE,0850 ± 50 years - Unknown,,
231001,Harrat Ash Shaam,Cluster,Volcanic field,Basalt / Picro-Basalt | Trachybasalt / Tephrite Basanite,Andesite / Basaltic Andesite | Trachyandesite / Basaltic Trachyandesite | Trachyte / Trachydacite,Intraplate | Continental crust (> 25 km),276996,276996,276996,276996,2670 BCE,2670 BCE ± 200 years - Unknown,,
231040,Harrat Lunayyir,Cluster,Volcanic field,Basalt / Picro-Basalt | Trachybasalt / Tephrite Basanite,,Intraplate | Continental crust (> 25 km),234,234,234,61662,1000 CE,1000 (in or before) - Unknown,,
231050,Harrat Ithnayn,Cluster,Volcanic field,Basalt / Picro-Basalt | Trachybasalt / Tephrite Basanite,,Intraplate | Continental crust (> 25 km),3112,3112,3112,19734,Unknown - Evidence Credible,,,
231060,Harrat Khaybar,Cluster,Volcanic field,Basalt / Picro-Basalt | Trachybasalt / Tephrite Basanite | Trachyandesite / Basaltic Trachyandesite | Trachyte / Trachydacite | Rhyolite,,Intraplate | Continental crust (> 25 km),13619,13619,13619,1415732,650 CE,0650 ± 50 years - Unknown,,
231070,Harrat Rahat,Cluster,Volcanic field,Basalt / Picro-Basalt | Trachybasalt / Tephrite Basanite | Trachyandesite / Basaltic Trachyandesite,Trachyte / Trachydacite,Intraplate | Continental crust (> 25 km),138380,1010115,1010115,1010115,1256 CE,1292 - Unknown || 1256 Jun 5 - 1256 Jul 27 (?) || 0641 - Unknown,,
231071,Harrat Kishb,Cluster,Volcanic field,Trachybasalt / Tephrite Basanite | Basalt / Picro-Basalt | Phonolite | Phono-tephrite /  Tephri-phonolite,,Intraplate | Continental crust (> 25 km),8028,8028,8028,25048,Unknown - Evidence Credible,,,
231072,Harrat al Birk,Cluster,Volcanic field,Basalt / Picro-Basalt | Trachybasalt / Tephrite Basanite,,Intraplate | Continental crust (> 25 km),37855,37855,37855,596401,Unknown - Evidence Credible,,,
231080,Jabal Yar,Cluster,Volcanic field,Basalt / Picro-Basalt,,Intraplate | Continental crust (> 25 km),292582,292582,574162,2204954,1810 CE,1810 Jul 2 ± 10 years ± 182 days - Unknown,,
231090,Harra of Arhab,Cluster,Volcanic field,Trachybasalt / Tephrite Basanite | Basalt / Picro-Basalt,Trachyandesite / Basaltic Trachyandesite,Intraplate | Continental crust (> 25 km),284443,284443,820695,6517834,500 CE,0500 ± 100 years - Unknown || 0200 (in or after) - Unknown,,
231110,Jabal Haylan,Cluster,Volcanic field,Basalt / Picro-Basalt,,Intraplate | Continental crust (> 25 km),225754,225754,225754,4164209,1200 BCE,1200 BCE (in or after) - Unknown,,
231120,Harras of Dhamar,Cluster,Volcanic field,Basalt / Picro-Basalt | Rhyolite,,Intraplate | Continental crust (> 25 km),791276,791276,791276,5778965,Unknown - Eruption Observed,1937 Jul 2 ± 182 days - Unknown,,
231160,Harra es- Sawâd,Cluster,Volcanic field,Trachybasalt / Tephrite Basanite | Basalt / Picro-Basalt,,Intraplate | Continental crust (> 25 km),74598,74598,74598,850297,1253 CE,1253 - Unknown,,
231170,Balhaf-Bir Ali Volcanic Field,Cluster,Volcanic field | Cone(s),Basalt / Picro-Basalt,,Intraplate | Continental crust (> 25 km),5690,5690,6643,177124,Unknown - Evidence Credible,,,
231180,Bir Borhut,Cluster,Volcanic field,Basalt / Picro-Basalt,,Intraplate | Continental crust (> 25 km),517,517,2117,115648,Unknown - Evidence Uncertain,0950 (?) - Unknown,,
232010,Damavand,Composite,Stratovolcano | Lava dome(s) | Pyroclastic cone(s),Trachyandesite / Basaltic Trachyandesite,Basalt / Picro-Basalt | Trachyte / Trachydacite,Intraplate | Continental crust (> 25 km),27,2295,59171,11945981,5350 BCE,5350 BCE ± 200 years - Unknown,,
233001,La Grille,Shield,Shield | Pyroclastic cone(s),Trachybasalt / Tephrite Basanite | Basalt / Picro-Basalt,,Intraplate | Oceanic crust (< 15 km),154373,154373,243474,371795,Unknown - Evidence Credible,,,
233005,Mayotte,Shield,Shield | Maar(s),Basalt / Picro-Basalt | Trachyte / Trachydacite | Trachybasalt / Tephrite Basanite | Phonolite,,Intraplate | Oceanic crust (< 15 km),,,,,2050 BCE,2050 BCE ± 500 years - Unknown || 3550 BCE ± 500 years - Unknown || 4050 BCE ± 500 years - Unknown,,
233010,Karthala,Shield,Shield | Caldera | Pyroclastic cone(s),Basalt / Picro-Basalt | Trachybasalt / Tephrite Basanite,,Intraplate | Oceanic crust (< 15 km),225379,225379,278330,399067,2007 CE,2007 Jan 12 - 2007 Jan 15 (?) || 2006 May 28 - 2006 Jun 3 (?) || 2005 Nov 24 - 2005 Dec 8 || 2005 Apr 16 - 2005 Apr 18 || 1991 Jul 11 - 1991 Jul 11 || 1977 Apr 5 - 1977 Apr 10 || 1972 Sep 8 - 1972 Oct 5 || 1965 Jul 12 - 1965 Jul 12 || 1956 Jun 1 (?) - Unknown || 1952 Feb 10 (?) - 1952 Feb 12 || 1948 Apr 22 - 1948 Jun 16 || 1928 Jul 2 ± 2 years ± 182 days - Unknown || 1918 Aug 11 - 1918 Aug 26 || 1910 Mar 16 ± 15 days - 1910 Mar 16 ± 15 days || 1904 Feb 25 - 1904 Apr 16 ± 15 days || 1883 Mar 16 ± 15 days - 1884 Jul 2 ± 182 days || 1880 Jul 2 ± 182 days - Unknown || 1876 Jul 2 ± 182 days - Unknown || 1872 Jul 2 ± 182 days - Unknown || 1865 Jul 2 ± 182 days - Unknown || 1862 Jul 2 ± 182 days - Unknown || 1860 Dec 29 - Unknown || 1859 Jul 2 ± 182 days - Unknown || 1858 Jul 2 ± 182 days - Unknown || 1857 Jul 2 ± 182 days - Unknown || 1855 Jul 1 ± 30 days - Unknown || 1850 Jul 2 (?) ± 182 days - Unknown || 1848 Jul 2 ± 182 days - Unknown || 1833 Jul 2 ± 182 days - Unknown || 1830 Jul 2 ± 182 days - Unknown || 1828 May 16 ± 15 days - Unknown || 1821 Dec 31 ± 365 days - Unknown || 1814 Dec 31 ± 365 days - Unknown || 1808 Jul 2 ± 182 days - Unknown || 1050 ± 150 years - Unknown,,
233011,Ambre,Cluster,Volcanic field,Basalt / Picro-Basalt | Rhyolite | Trachyte / Trachydacite | Phonolite | Foidite,,Intraplate | Continental crust (> 25 km),20396,20396,51426,408436,Pleistocene,,,
233012,Nosy Be,Cluster,Volcanic field | Pyroclastic cone(s) | Maar(s),Foidite | Basalt / Picro-Basalt | Rhyolite,,Intraplate | Continental crust (> 25 km),14015,14015,61656,396548,Pleistocene,,,
233013,,,,,,,,,,,,,missing:volcano_name; missing:volcano_types; missing:last_known_eruption,
233014,Itasy Volcanic Field,Cluster,Volcanic field | Pyroclastic cone(s) | Lava dome(s) | Maar(s),Trachyte / Trachydacite | Trachybasalt / Tephrite Basanite | Phonolite,,Intraplate | Continental crust (> 25 km),129121,129121,249291,4168513,Pleistocene,6050 BCE (in or before) - Unknown || 6555 BCE ± 90 years - Unknown || 8301 BCE ± 139 years - Unknown,,
233015,Vakinankaratra,Cluster,Volcanic field | Pyroclastic cone(s) | Lava dome(s),Trachybasalt / Tephrite Basanite | Foidite | Andesite / Basaltic Andesite | Trachyte / Trachydacite | Phonolite,,Intraplate | Continental crust (> 25 km),123192,123192,413328,5184370,Pleistocene,,,
233020,Piton de la Fournaise,Shield,Shield | Caldera(s) | Pyroclastic cone(s),Basalt / Picro-Basalt | Trachybasalt / Tephrite Basanite,,Intraplate | Oceanic crust (< 15 km),55859,55859,246792,717820,2026 CE,2026 Feb 13 - 2026 Mar 25 || 2026 Mar 28 - 2026 Mar 31 || 2023 Jul 2 - 2023 Aug 10 || 2022 Sep 19 - 2022 Oct 5 || 2021 Dec 22 - 2022 Jan 17 || 2021 Apr 9 - 2021 May 24 || 2020 Dec 7 - 2020 Dec 8 || 2020 Feb 10 - 2020 Feb 16 || 2020 Apr 2 - 2020 Apr 6 || 2019 Jun 11 - 2019 Jun 13 || 2019 Jul 29 - 2019 Jul 30 || 2019 Aug 11 - 2019 Aug 15 || 2019 Oct 25 - 2019 Oct 27 || 2019 Jan 24 - 2019 Jan 24 || 2019 Feb 18 - 2019 Mar 10 || 2018 Apr 3 - 2018 Apr 4 || 2018 Apr 27 - 2018 Jun 1 || 2018 Jul 13 - 2018 Jul 13 || 2018 Sep 15 - 2018 Nov 1 || 2017 Jul 14 - 2017 Aug 28 || 2017 Jan 31 - 2017 Feb 27 || 2017 May 17 - 2017 May 18 || 2016 Sep 11 - 2016 Sep 18 || 2016 May 26 - 2016 May 27 || 2015 May 17 - 2015 May 30 || 2015 Jul 31 - 2015 Aug 2 || 2015 Aug 24 - 2015 Oct 31 || 2015 Feb 4 - 2015 Feb 15 || 2014 Jun 21 - 2014 Jun 21 || 2010 Aug 14 - 2010 Oct 14 || 2010 Oct 14 - 2010 Oct 31 || 2010 Dec 9 - 2010 Dec 10 || 2009 Nov 5 - 2009 Nov 6 || 2009 Dec 14 - 2009 Dec 15 || 2010 Jan 2 - 2010 Jan 12 || 2008 Sep 12 - 2008 Oct 2 || 2008 Nov 27 - 2008 Nov 28 || 2008 Dec 15 - 2009 Feb 4 || 2006 Jul 20 - 2006 Aug 14 || 2006 Aug 30 - 2006 Dec 31 || 2007 Feb 18 - 2007 Feb 19 || 2007 Mar 30 - 2007 Mar 31 || 2007 Apr 2 - 2007 May 1 || 2007 Apr 5 - 2007 Apr 13 || 2005 Oct 4 - 2005 Oct 17 || 2005 Nov 29 - 2005 Nov 29 || 2005 Dec 26 - 2006 Jan 18 || 2005 Feb 17 - 2005 Feb 26 || 2004 May 2 - 2004 May 18 || 2004 Aug 13 - 2004 Oct 14 || 2003 May 30 - 2003 Jul 7 || 2003 Aug 22 - 2003 Aug 27 || 2003 Sep 30 - 2003 Oct 1 || 2003 Dec 7 - 2003 Dec 25 || 2004 Jan 9 - 2004 Jan 10 || 2002 Nov 16 - 2002 Dec 5 || 2002 Dec 23 - 2002 Dec 23 || 2002 Jan 5 - 2002 Jan 16 || 2001 Mar 27 - 2001 Apr 4 || 2001 Jun 11 - 2001 Jul 7 || 2000 Jun 23 - 2000 Jul 30 || 2000 Oct 12 - 2000 Nov 13 || 2000 Feb 14 - 2000 Mar 4 || 1999 Jul 19 - 1999 Jul 31 || 1999 Sep 28 - 1999 Sep 29 || 1999 Oct 8 (on or after) - 1999 Oct 23 || 1998 Mar 9 - 1998 Sep 21 || 1998 Mar 11 - 1998 Apr 1 ± 1 days || 1992 Aug 27 - 1992 Sep 23 || 1991 Jul 19 - 1991 Jul 20 || 1990 Jan 18 - 1990 Jan 19 || 1990 Apr 18 - 1990 May 8 || 1987 Nov 6 - 1987 Nov 8 || 1987 Nov 30 - 1988 Jan 1 || 1988 Feb 7 - 1988 Apr 2 || 1988 May 18 - 1988 Aug 1 || 1988 Aug 31 - 1988 Sep 12 || 1988 Dec 14 - 1988 Dec 29 || 1987 Jun 10 - 1987 Jun 28 || 1987 Jul 19 - 1987 Jul 20 || 1987 Jul 19 - 1987 Jul 20 || 1986 Nov 12 - 1986 Nov 13 || 1986 Nov 26 - 1986 Nov 27 || 1986 Dec 6 - 1987 Jan 6 || 1987 Jan 6 - 1987 Feb 10 || 1986 Jul 13 - 1986 Jul 14 || 1985 Jun 14 - 1985 Jun 15 || 1985 Aug 5 - 1985 Sep 1 || 1985 Sep 6 - 1985 Sep 6 || 1985 Sep 6 - 1985 Sep 7 || 1985 Sep 6 - 1985 Oct 16 || 1985 Dec 1 - 1985 Dec 3 || 1985 Dec 29 - 1986 Feb 7 || 1986 Mar 19 - 1986 Mar 19 || 1986 Mar 20 - 1986 Mar 24 || 1986 Mar 23 - 1986 Mar 29 || 1986 Mar 29 - 1986 Apr 5 || 1983 Dec 4 - 1984 Feb 18 || 1981 Feb 3 - 1981 May 5 || 1979 May 28 - 1979 Jul 14 || 1977 Oct 24 - 1977 Nov 17 || 1977 Mar 24 - 1977 Apr 16 || 1976 Nov 2 - 1976 Nov 4 (?) || 1975 Nov 4 - 1976 Apr 6 || 1973 May 10 - 1973 Sep 5 (?) || 1972 Jun 9 (?) - 1973 Jan 16 (?) || 1966 Mar 15 - 1966 May 15 || 1964 Dec 21 - 1965 Feb 15 || 1964 Apr 30 - 1964 May 8 || 1963 Nov 7 - 1963 Nov 21 || 1961 Apr 5 - 1961 Apr 25 || 1960 Jan 11 - 1960 Mar 10 || 1959 Mar 11 - 1959 Aug 6 || 1958 May 30 - 1958 Sep 20 || 1957 Sep 2 - 1957 Nov 16 || 1955 Jul 6 - 1957 Mar 16 || 1954 Jan 16 ± 15 days - 1954 Dec 16 ± 15 days || 1953 Mar 13 - 1953 Jul 8 || 1952 May 19 - 1952 Jul 20 || 1951 Sep 10 - 1951 Sep 20 || 1951 Jun 16 ± 15 days - Unknown || 1950 Aug 30 - 1950 Sep 5 || 1950 Feb 25 - 1950 Apr 2 || 1949 Oct 16 ± 15 days - Unknown || 1948 Feb 14 - 1948 Mar 8 || 1947 Jul 2 (?) ± 182 days - Unknown || 1946 Jun 18 - 1946 Jul 5 || 1945 Apr 15 - 1945 May 6 || 1944 Apr 11 - 1944 May 1 || 1943 Mar 30 (?) - 1943 May 26 ± 5 days || 1942 Oct 5 - 1942 Oct 25 || 1941 Jul 2 (?) ± 182 days - Unknown || 1938 Dec 7 - 1939 Jan 15 || 1938 Jul 25 - 1938 Jul 29 || 1937 Aug 13 - 1937 Nov 25 || 1936 Sep 16 ± 15 days - Unknown || 1935 Jul 2 (?) ± 182 days - Unknown || 1933 Jun 7 - 1934 Apr 1 || 1932 Nov 14 ± 14 days - 1932 Nov 16 ± 14 days || 1931 Jan 22 - 1931 Aug 26 ± 5 days || 1930 May 23 - 1930 May 24 || 1929 Dec 23 - 1929 Dec 31 || 1926 Sep 18 - 1927 Jun 15 || 1925 Dec 30 - 1926 Apr 20 || 1924 Sep 3 - 1924 Sep 13 || 1924 May 19 - 1924 May 23 (on or after) || 1921 Nov 27 - 1921 Dec 3 || 1920 Jun 28 - 1920 Oct 18 || 1917 Apr 29 - 1917 Apr 29 || 1915 Jul 22 - 1915 Nov 21 || 1913 Jul 10 - 1913 Aug 3 || 1910 Nov 16 - 1910 Dec 12 || 1909 Apr 16 ± 15 days - Unknown || 1908 Jul 2 ± 182 days - Unknown || 1907 Nov 29 - 1907 Dec 5 ± 4 days || 1905 Feb 15 - 1905 Feb 16 || 1904 Aug 19 - 1904 Oct 17 || 1903 Jul 2 (?) ± 182 days - Unknown || 1902 Aug 13 - 1902 Aug 18 || 1901 Jul 4 - 1901 Jul 6 || 1901 Feb 21 - 1901 Feb 25 || 1900 May 11 - 1900 May 30 || 1899 Feb 13 - 1899 Jul 18 (on or after) || 1898 Nov 26 - Unknown || 1898 Jan 14 - 1898 Jan 20 || 1897 Jan 5 ± 4 days - 1897 Jan 24 || 1894 Aug 16 ± 15 days - Unknown || 1890 Feb 16 ± 15 days - 1891 Feb 4 || 1889 Jun 16 ± 15 days - 1889 Aug 11 (on or after) || 1884 Feb 4 - 1884 Feb 5 || 1882 Jul 2 ± 182 days - Unknown || 1878 Mar 14 - 1878 Mar 30 || 1876 Dec 11 - 1876 Dec 11 (?) || 1875 Nov 26 - 1875 Dec 11 (?) || 1874 Jun 29 - 1874 Nov 7 (on or after) || 1874 Feb 1 ± 30 days - Unknown || 1872 Feb 1 ± 30 days - Unknown || 1871 Jun 21 - 1871 Jul 5 || 1870 Feb 1 ± 30 days - Unknown || 1869 Jul 2 (?) ± 182 days - Unknown || 1868 Mar 16 ± 15 days - Unknown || 1865 Feb 5 - 1865 Feb 10 || 1863 Dec 20 - 1864 Jan 29 || 1861 Mar 19 - 1861 Mar 19 || 1860 Jan 22 - 1860 Mar 20 || 1859 May 8 - 1859 May 23 (on or after) || 1858 Nov 3 - 1859 Jan 16 ± 15 days || 1852 Jul 2 ± 182 days - Unknown || 1851 Jul 2 ± 182 days - Unknown || 1850 Nov 3 - 1850 Nov 12 || 1849 Jul 2 ± 182 days - Unknown || 1848 Jul 2 ± 182 days - Unknown || 1847 Jul 2 ± 182 days - Unknown || 1846 Jul 2 ± 182 days - Unknown || 1845 Jul 2 ± 182 days - Unknown || 1844 Dec 16 ± 15 days - Unknown || 1844 Mar 19 - 1844 May 11 || 1843 Jul 2 ± 182 days - Unknown || 1842 Apr 16 ± 15 days - Unknown || 1832 Mar 16 ± 15 days - Unknown || 1830 Oct 16 ± 15 days - Unknown || 1824 Dec 16 ± 15 days - Unknown || 1824 Feb 16 ± 15 days - Unknown || 1821 Feb 27 - 1821 Apr 10 || 1820 Jan 16 ± 15 days - 1820 Feb 16 ± 15 days || 1817 Jan 16 ± 15 days - 1817 Apr 16 ± 15 days || 1816 Dec 15 - Unknown || 1815 Aug 15 - 1815 Aug 16 || 1815 Jan 21 - 1815 Jan 27 || 1814 Sep 10 - 1814 Oct 13 || 1813 Sep 26 - 1813 Nov 26 || 1812 Aug 5 ± 4 days - 1812 Dec 16 ± 15 days || 1810 Nov 20 - 1810 Nov 28 || 1809 Jul 17 - 1809 Aug 8 || 1807 Mar 23 - 1807 Jun 13 || 1802 Dec 16 ± 15 days - Unknown || 1801 Oct 27 - 1802 Apr 28 ± 7 days || 1800 Nov 2 - 1800 Nov 8 || 1797 (?) - Unknown || 1795 - Unknown || 1794 Jan - 1794 Jan || 1792 Dec 19 (?) - Unknown || 1791 Jun 5 ± 4 days - 1791 Jul 27 (?) || 1789 Jun - 1789 Jul || 1787 Jun 14 - 1787 Aug 1 || 1786 Jun 5 (?) - 1786 Aug 4 (on or after) || 1784 - 1785 || 1776 - Unknown || 1775 - Unknown || 1774 Jul 2 ± 182 days - Unknown || 1772 Nov 18 - Unknown || 1772 Feb - Unknown || 1771 - Unknown || 1768 - Unknown || 1766 Mar - 1766 May 26 ± 5 days || 1760 Dec 15 - 1760 Dec 29 || 1759 - Unknown || 1753 - Unknown || 1751 Jun - 1751 Jun || 1734 Dec - 1734 Dec || 1734 Jan 1 - 1734 Mar 6 || 1733 (?) - Unknown || 1721 Jun - Unknown || 1709 - Unknown || 1708 Apr - 1708 Apr || 1703 (in or before) - 1705 || 1672 - Unknown || 1671 - Unknown || 1669 - Unknown || 1649 - Unknown || 1640 - Unknown || 1600 (?) - Unknown || 1440 (?) - Unknown || 1340 (?) - Unknown || 0960 (?) - Unknown || 0600 (?) - Unknown || 0455 (?) - Unknown || 0120 (?) - Unknown || 1785 BCE ± 90 years - Unknown || 2765 BCE ± 145 years - Unknown || 2795 BCE ± 130 years - Unknown,,
234000,Boomerang Seamount,Caldera,Caldera | Submarine,Basalt / Picro-Basalt,,Rift zone | Oceanic crust (< 15 km),0,0,0,0,1995 CE,1995 Dec 1 ± 30 days - Unknown,,
234001,Amsterdam Island,Composite,Stratovolcano | Caldera(s) | Pyroclastic cone(s),Basalt / Picro-Basalt,,Rift zone | Oceanic crust (< 15 km),0,0,0,0,Unknown - Evidence Credible,,,
234002,St. Paul,Composite,Stratovolcano | Caldera | Pyroclastic cone(s),Basalt / Picro-Basalt,,Rift zone | Oceanic crust (< 15 km),0,0,0,0,1793 CE,1793 - Unknown,,
234010,Heard,Composite,Stratovolcano | Pyroclastic cone(s),Trachybasalt / Tephrite Basanite | Basalt / Picro-Basalt | Trachyandesite / Basaltic Trachyandesite | Trachyte / Trachydacite | Phono-tephrite /  Tephri-phonolite,,Intraplate | Oceanic crust (< 15 km),0,0,0,0,2026 CE,2012 Sep 5 ± 4 days - 2026 Mar 16 (continuing) || 2006 Mar 11 - 2008 Mar 3 || 2003 Jun 9 - 2004 Jun 14 || 2000 Mar 7 (?) - 2001 Feb 16 ± 15 days || 1993 Jan 2 ± 15 days - Unknown || 1992 May 29 (?) - Unknown || 1992 Jan 17 - 1992 Jan 18 || 1985 Jan 14 - 1987 Jan 16 (?) ± 15 days || 1954 Apr 13 (?) - 1954 Jun 13 (?) || 1953 Aug 20 - 1953 Nov 18 || 1950 Jan 24 - 1952 Mar 12 (?) || 1910 Mar 16 ± 15 days - 1910 Apr 16 ± 15 days || 1881 Jun 2 - Unknown,,
234011,McDonald Islands,Composite,Complex | Lava dome(s),Phonolite | Phono-tephrite /  Tephri-phonolite,,Intraplate | Oceanic crust (< 15 km),0,0,0,0,2005 CE,2005 Jul 12 (on or before) - Unknown || 2004 Nov 14 - 2004 Nov 14 || 2001 May 3 ± 150 days - Unknown || 1996 Dec 16 ± 15 days - 1997 Feb 10 ± 30 days || 1992 Dec 16 ± 15 days - Unknown,,
234020,Kerguelen Islands,Composite,Stratovolcano(es) | Pyroclastic cone(s),Trachyandesite / Basaltic Trachyandesite | Trachyte / Trachydacite | Phono-tephrite /  Tephri-phonolite,,Intraplate | Oceanic crust (< 15 km),0,0,0,0,Unknown - Evidence Uncertain,,,
234030,Ile de l' Est,Composite,Stratovolcano | Pyroclastic cone(s),Basalt / Picro-Basalt | Trachybasalt / Tephrite Basanite,,Rift zone | Oceanic crust (< 15 km),0,0,0,0,Unknown - Evidence Uncertain,,,
234040,Île de la Possession,Composite,Stratovolcano | Pyroclastic cone(s),Basalt / Picro-Basalt | Phonolite | Trachybasalt / Tephrite Basanite | Trachyandesite / Basaltic Trachyandesite,,Rift zone | Oceanic crust (< 15 km),0,0,0,0,Unknown - Evidence Credible,,,
234050,Ile aux Cochons,Composite,Stratovolcano | Caldera | Pyroclastic cone(s),Basalt / Picro-Basalt,,Rift zone | Oceanic crust (< 15 km),0,0,0,0,Unknown - Evidence Credible,,,
234060,Prince Edward Island,Shield,Shield | Pyroclastic cone(s) | Tuff cone(s),Basalt / Picro-Basalt | Trachybasalt / Tephrite Basanite,Trachyte / Trachydacite,Rift zone | Oceanic crust (< 15 km),0,0,0,0,Unknown - Evidence Credible,,,
234070,Marion Island,Shield,Shield(s) | Pyroclastic cone(s) | Tuff cone(s),Basalt / Picro-Basalt | Trachybasalt / Tephrite Basanite,Trachyandesite / Basaltic Trachyandesite,Rift zone | Oceanic crust (< 15 km),0,0,0,0,2004 CE,2004 Jun 24 - 2004 Jun 24 (?) || 1980 Sep 16 (?) ± 15 days - Unknown,,
241010,Kaikohe-Bay of Islands,Cluster,Volcanic field,Trachybasalt / Tephrite Basanite | Basalt / Picro-Basalt,Andesite / Basaltic Andesite | Rhyolite,Subduction zone | Continental crust (> 25 km),13786,13786,18679,133899,Pleistocene,,,
241020,Auckland Volcanic Field,Cluster,Volcanic field,Trachybasalt / Tephrite Basanite | Basalt / Picro-Basalt | Foidite,,Intraplate | Continental crust (> 25 km),1049110,1049110,1222436,1446768,1446 CE,1446 ± 5 years - Unknown || 1397 ± 7 years - Unknown,,
241021,Tuhua/Mayor Island,Shield,Shield | Caldera(s) | Lava dome(s) | Pyroclastic cone(s),Rhyolite,,Subduction zone | Continental crust (> 25 km),105,105,141,355290,5055 BCE,5055 BCE ± 155 years - Unknown || 6050 BCE ± 75 years - Unknown,,
241030,Taranaki,Composite,Stratovolcano | Lava dome(s),Andesite / Basaltic Andesite,Basalt / Picro-Basalt,Subduction zone | Continental crust (> 25 km),200,230,77381,104499,1800 CE,1854 Jul 2 ± 182 days - Unknown || 1800 Jul 2 (?) ± 182 days - Unknown || 1755 (?) - Unknown || 1700 ± 50 years - Unknown || 1655 (?) - Unknown || 1590 ± 40 years - Unknown || 1570 ± 40 years - Unknown || 1560 ± 40 years - Unknown || 1550 ± 40 years - Unknown || 1500 ± 30 years - Unknown || 1480 ± 50 years - Unknown || 1400 ± 50 years - Unknown || 1340 ± 40 years - Unknown || 1300 ± 50 years - Unknown || 1070 ± 40 years - Unknown || 0970 ± 30 years - Unknown || 0820 ± 30 years - Unknown || 0550 (?) - Unknown || 0520 ± 150 years - Unknown || 0390 ± 40 years - Unknown || 0150 (?) - Unknown || 0100 ± 40 years - Unknown || 0040 BCE ± 75 years - Unknown || 0150 BCE ± 30 years - Unknown || 0420 BCE ± 30 years - Unknown || 0590 BCE ± 500 years - Unknown || 1130 BCE ± 200 years - Unknown || 1190 BCE ± 40 years - Unknown || 1250 BCE (?) - Unknown || 1560 BCE ± 40 years - Unknown || 1700 BCE ± 100 years - Unknown || 2150 BCE (?) - Unknown || 2400 BCE ± 40 years - Unknown || 2450 BCE ± 300 years - Unknown || 2700 BCE (?) - Unknown || 2850 BCE ± 300 years - Unknown || 3250 BCE (?) - Unknown || 5120 BCE ± 50 years - Unknown || 6050 BCE (?) - Unknown || 7000 BCE ± 100 years - Unknown || 7270 BCE ± 50 years - Unknown || 7330 BCE (?) - Unknown || 7650 BCE (?) - Unknown,,
241040,Whakaari/White Island,Composite,Stratovolcano(es) | Lava dome,Andesite / Basaltic Andesite | Dacite,,Subduction zone | Continental crust (> 25 km),5,5,5,190290,2026 CE,2026 Mar 10 - 2026 Mar 24 || 2025 Aug 28 - 2025 Aug 28 || 2024 May 24 - 2025 May 13 || 2019 Dec 9 - 2019 Dec 9 || 2016 Sep 13 - 2016 Sep 14 || 2016 Apr 27 - 2016 Apr 27 || 2012 Aug 7 - 2012 Aug 15 ± 2 days || 2012 Nov 22 ± 4 days - 2013 Apr 29 (on or before) || 2013 Jul 26 - 2013 Oct 11 || 2001 Feb 19 - 2001 Feb 19 (?) || 2000 Mar 7 - 2000 Sep 5 ± 4 days || 1998 Aug 22 - 1999 Aug 16 ± 15 days || 1998 Mar 28 - 1998 Mar 29 || 1995 Jun 28 (?) - 1995 Jun 29 (?) || 1986 Feb 1 (?) - 1994 Jul 28 || 1983 Dec 26 ± 5 days - 1984 Feb 12 ± 5 days || 1976 Dec 18 - 1982 Jan 29 || 1974 Sep 8 ± 10 days - Unknown || 1971 Jul 19 - 1971 Jul 20 || 1971 Apr 9 ± 3 days - Unknown || 1970 Jun 30 ± 30 days - Unknown || 1969 Aug 16 ± 15 days - 1969 Sep 16 ± 15 days || 1968 Jan 27 - 1969 Feb 16 ± 15 days || 1966 Nov 13 - 1967 Mar 16 ± 15 days || 1962 Dec 15 - Unknown || 1959 Dec 14 - 1959 Dec 20 || 1958 Dec 16 ± 15 days - Unknown || 1957 Dec 11 - Unknown || 1955 Jan 16 ± 15 days - Unknown || 1947 Jan 16 (on or before) ± 15 days - Unknown || 1933 Apr 2 - Unknown || 1930 Mar 16 - Unknown || 1928 Sep 1 - 1928 Sep 3 ± 1 days || 1926 Feb 3 - Unknown || 1924 Jul 2 ± 182 days - Unknown || 1922 Jul 2 ± 182 days - Unknown || 1909 May 13 - Unknown || 1908 Nov 28 - 1908 Dec 6 || 1886 Sep 16 - 1886 Dec 16 (?) ± 15 days || 1886 Jun 10 - 1886 Jun 15 || 1885 Oct 16 ± 15 days - Unknown || 1885 Jan 16 ± 15 days - Unknown || 1856 Jul 2 ± 8 years ± 182 days - Unknown || 1836 Jul 2 ± 2 years ± 182 days - Unknown || 1826 Dec 1 - Unknown,,
241050,Okataina,Cluster,Lava dome(s) | Caldera(s) | Fissure vent(s),Rhyolite,Basalt / Picro-Basalt | Dacite | Andesite / Basaltic Andesite,Subduction zone | Continental crust (> 25 km),18,579,79591,362413,1981 CE,1981 May 16 ± 15 days - 1981 May 16 ± 15 days || 1978 Feb 23 - 1978 Feb 23 || 1973 Feb 22 - 1973 Feb 22 || 1951 Jun 16 ± 15 days - Unknown || 1926 Nov 17 - 1926 Nov 18 || 1924 Jul 2 ± 182 days - Unknown || 1918 Jul 2 ± 182 days - 1920 Jul 2 ± 182 days || 1917 Mar 24 - 1917 Apr 4 || 1915 Nov 5 - 1915 Nov 9 || 1915 Feb 4 - 1915 Apr 13 || 1914 Jan 28 - 1914 Feb 16 ± 15 days || 1913 Jan 27 - 1913 Jan 27 || 1912 Apr 16 ± 15 days - Unknown || 1910 Jul 24 - 1910 Jul 25 || 1908 Oct 1 - 1908 Oct 1 || 1906 Feb 21 - 1906 Feb 21 || 1905 Jun 17 - 1905 Jun 17 || 1905 Feb 18 - 1905 Feb 23 || 1900 Jan 16 ± 15 days - 1904 Nov 1 || 1896 Jul 2 ± 182 days - Unknown || 1886 Jun 10 - 1886 Aug 16 ± 15 days || 1310 ± 12 years - 1315 (?) || 0180 (?) - Unknown || 0300 BCE (?) - Unknown || 1330 BCE ± 75 years - Unknown || 1750 BCE (?) - Unknown || 3580 BCE ± 50 years - Unknown || 5550 BCE (?) - Unknown || 6060 BCE ± 50 years - Unknown || 7560 BCE ± 18 years - Unknown || 8050 BCE (?) - Unknown,,
241070,Taupo,Caldera,Caldera | Lava dome(s) | Fissure vent(s),Rhyolite,Dacite | Basalt / Picro-Basalt,Subduction zone | Continental crust (> 25 km),21456,21456,26674,161966,260 CE,0260 (?) - Unknown || 0233 Mar 15 ± 13 years ± 20 days - Unknown || 0200 BCE (?) - Unknown || 0800 BCE (?) - Unknown || 1010 BCE ± 200 years - Unknown || 1050 BCE (?) - Unknown || 1250 BCE (?) - Unknown || 1460 BCE ± 40 years - Unknown || 2500 BCE (?) - Unknown || 2600 BCE (?) - Unknown || 2800 BCE (?) - Unknown || 2850 BCE (?) - Unknown || 2900 BCE (?) - Unknown || 3070 BCE (?) - Unknown || 3120 BCE (?) - Unknown || 3170 BCE ± 200 years - Unknown || 3420 BCE (?) - Unknown || 4000 BCE (?) - Unknown || 4100 BCE (?) - Unknown || 4700 BCE (?) - Unknown || 5100 BCE (?) - Unknown || 8130 BCE ± 200 years - Unknown || 9210 BCE (?) - Unknown || 9240 BCE ± 75 years - Unknown || 9460 BCE ± 200 years - Unknown,,
241080,Tongariro,Composite,Stratovolcano(es) | Pyroclastic cone(s),Andesite / Basaltic Andesite,Basalt / Picro-Basalt,Subduction zone | Continental crust (> 25 km),27,286,7591,81567,2012 CE,2012 Nov 21 - 2012 Nov 21 || 2012 Aug 6 - 2012 Aug 7 || 1977 Jul 4 - 1977 Jul 4 || 1976 Aug 23 - 1976 Aug 28 || 1975 Feb 12 - 1975 Feb 23 || 1972 Nov 22 - 1974 Aug 19 || 1972 Mar 19 - 1972 Jun 6 || 1969 Jan 21 - Unknown || 1968 Aug 18 - Unknown || 1962 May 24 - Unknown || 1959 Jun 1 - Unknown || 1958 Nov 5 - 1958 Nov 18 (?) || 1956 Jan 11 - 1956 Feb 11 || 1954 May 13 - 1955 Jun 25 || 1953 Dec 28 (on or before) - Unknown || 1952 Nov 29 - 1953 Jul 16 ± 15 days || 1951 May 16 ± 15 days - Unknown || 1950 Jun 16 - Unknown || 1949 Feb 9 - 1949 Mar 3 || 1948 Sep 16 ± 15 days - Unknown || 1948 Apr 30 - 1948 May 16 ± 15 days || 1940 Sep 16 ± 15 days - 1940 Oct 16 ± 15 days || 1939 Aug 16 ± 15 days - Unknown || 1937 Jan 16 ± 15 days - Unknown || 1934 Dec 16 ± 15 days - 1935 Feb 16 ± 15 days || 1934 Jun 16 ± 15 days - Unknown || 1931 Feb 16 ± 15 days - 1931 May 16 ± 15 days || 1928 Jul 16 ± 15 days - Unknown || 1928 Mar 3 - Unknown || 1927 Jul 2 ± 182 days - Unknown || 1926 Dec 21 - 1926 Dec 30 (?) || 1926 Apr 16 - 1926 Jun 16 ± 15 days || 1925 Nov 16 ± 15 days - 1925 Dec 16 ± 15 days || 1924 Oct 16 ± 15 days - 1924 Nov 16 ± 15 days || 1924 May 22 - Unknown || 1924 Jan 9 - 1924 Jan 30 || 1917 Oct 16 ± 15 days - 1917 Nov 16 ± 15 days || 1914 Sep 16 ± 15 days - 1914 Oct 16 ± 15 days || 1913 May 16 ± 15 days - Unknown || 1913 Jan 16 ± 15 days - Unknown || 1910 Oct 16 ± 15 days - 1911 Jan 16 ± 15 days || 1910 Jan 16 ± 15 days - Unknown || 1909 Mar 16 ± 15 days - 1909 Jul 16 ± 15 days || 1907 Nov 16 ± 15 days - Unknown || 1907 Feb 16 ± 15 days - 1907 May 16 ± 15 days || 1906 Mar 16 ± 15 days - Unknown || 1905 Jul 2 ± 182 days - Unknown || 1904 Nov 22 - Unknown || 1898 Jan 16 ± 15 days - Unknown || 1897 Jul 2 ± 182 days - Unknown || 1896 Nov 16 ± 15 days - 1896 Dec 26 ± 5 days || 1892 Nov 30 - Unknown || 1892 Nov 16 ± 15 days - 1892 Dec 16 ± 15 days || 1892 Feb 16 ± 15 days - 1892 Mar 16 ± 15 days || 1890 Mar 16 ± 15 days - Unknown || 1886 Jun 16 ± 15 days - Unknown || 1885 Jul 2 ± 1 years ± 182 days - 1887 Jul 2 ± 182 days || 1883 Apr 25 ± 5 days - Unknown || 1881 Jul 6 - Unknown || 1878 Sep 1 ± 120 days - Unknown || 1875 Oct 1 ± 90 days - Unknown || 1870 Apr 16 ± 15 days - 1870 Aug 16 ± 15 days || 1869 Aug 16 ± 15 days - Unknown || 1869 Jul 2 ± 182 days - Unknown || 1864 Dec 16 ± 15 days - 1865 Jan 16 ± 15 days || 1863 Jul 2 ± 182 days - 1864 Apr 16 ± 15 days || 1862 Jan 16 ± 15 days - Unknown || 1859 Apr 21 - Unknown || 1857 Feb 16 ± 15 days - 1857 Mar 16 ± 15 days || 1855 Jul 2 ± 182 days - Unknown || 1844 Oct 16 ± 15 days - 1845 Jan 16 ± 15 days || 1841 Jul 2 ± 182 days - Unknown || 1839 Feb 16 ± 15 days - 1839 Mar 16 ± 15 days || 1500 ± 50 years - Unknown || 0550 BCE ± 200 years - Unknown || 9350 BCE (?) - Unknown || 9450 BCE (?) - Unknown || 9650 BCE (?) - Unknown || 9850 BCE (?) - Unknown,,
241100,Ruapehu,Composite,Stratovolcano | Pyroclastic cone(s) | Maar(s),Andesite / Basaltic Andesite,Dacite | Basalt / Picro-Basalt,Subduction zone | Continental crust (> 25 km),14,298,6901,119709,2007 CE,2007 Sep 25 - 2007 Sep 25 || 2006 Oct 4 - 2006 Oct 4 || 1997 Oct 9 - 1997 Oct 18 || 1996 Jun 16 - 1996 Sep 1 || 1996 Mar 21 (on or before) - Unknown || 1995 Jan 11 (?) - 1995 Nov 9 || 1994 Feb 12 - 1994 Apr 1 || 1992 Feb 8 - 1992 Mar 6 || 1991 Jul 5 (?) - 1991 Jul 14 (?) || 1990 Jun 17 - 1990 Sep 8 (on or before) || 1990 Jan 7 - 1990 Jan 26 || 1989 Jul 1 - 1989 Sep 20 (?) || 1988 Dec 8 - 1989 Mar 5 (?) || 1988 Mar 20 - 1988 May 25 ± 3 days || 1987 Aug 24 - 1987 Aug 30 || 1986 Feb 8 - 1986 Feb 9 (?) || 1985 Nov 15 - 1985 Nov 15 || 1985 May 21 (on or before) - 1985 Jun 9 (?) || 1984 Oct 25 (?) - 1984 Dec 16 ± 15 days || 1984 Apr 2 - Unknown || 1981 Oct 25 (?) - 1982 Apr 12 ± 3 days || 1980 Oct 18 - 1980 Nov 3 || 1980 Jan 15 (?) - 1980 Mar 27 (?) || 1979 Jun 30 - 1979 Jul 15 || 1977 Jul 16 - 1979 Jan 17 || 1976 Sep 12 (on or before) - 1976 Nov 22 (?) || 1976 Mar 6 - 1976 Mar 6 || 1975 Oct 17 (on or before) - 1975 Oct 17 (on or before) || 1975 Apr 24 - 1975 Apr 27 || 1973 Oct 31 - 1974 Oct 25 || 1972 Oct 22 - 1973 Jan 10 || 1971 Apr 3 - 1971 Nov 1 || 1970 Sep 16 - 1970 Sep 17 || 1969 Jun 22 - 1969 Jun 23 || 1968 Apr 6 - 1968 Jun 10 || 1967 Jul 22 - 1967 Oct 4 (?) || 1966 Apr 4 - 1966 Sep 27 || 1959 May 21 - 1959 Aug 31 || 1956 Nov 18 - 1956 Nov 18 || 1952 Jul 16 ± 15 days - Unknown || 1951 Mar 19 - Unknown || 1950 Jun 26 - 1950 Jun 26 || 1948 May 1 - Unknown || 1946 Nov 21 - 1947 May 31 || 1946 Apr 16 ± 15 days - 1946 Jun 16 ± 15 days || 1945 Mar 8 - 1945 Dec 16 ± 15 days || 1944 Oct 16 ± 15 days - Unknown || 1942 Aug 10 - Unknown || 1940 Apr 16 ± 15 days - Unknown || 1936 May 9 (?) - 1936 May 13 || 1934 Dec 16 ± 15 days - 1935 Feb 16 ± 15 days || 1934 Aug 11 - Unknown || 1925 Jan 22 - Unknown || 1921 Oct 16 ± 15 days - Unknown || 1918 Jun 29 - Unknown || 1906 Mar 15 - Unknown || 1903 Jul 2 ± 182 days - Unknown || 1895 Mar 10 - 1895 Mar 14 (on or after) || 1889 May 1 - Unknown || 1861 May 16 - Unknown || 1210 ± 150 years - Unknown || 5550 BCE ± 2500 years - Unknown || 7590 BCE ± 100 years - Unknown || 7840 BCE (in or before) - Unknown || 9650 BCE (?) - Unknown || 9850 BCE (?) - Unknown,,
241101,Clark,Composite,Stratovolcano | Submarine,Basalt / Picro-Basalt | Dacite,,Subduction zone | Oceanic crust (< 15 km),0,0,0,0,Unknown - Unrest / Holocene,,,
241102,Tangaroa,Composite,Stratovolcano | Submarine,Basalt / Picro-Basalt | Andesite / Basaltic Andesite,,Subduction zone | Oceanic crust (< 15 km),0,0,0,0,Unknown - Unrest / Holocene,,,
241110,Rumble V,Composite,Stratovolcano | Submarine,Andesite / Basaltic Andesite,,Subduction zone | Oceanic crust (< 15 km),0,0,0,0,Unknown - Unrest / Holocene,,,
241120,Rumble IV,Composite,Stratovolcano | Submarine,Andesite / Basaltic Andesite,,Subduction zone | Oceanic crust (< 15 km),0,0,0,0,Unknown - Unrest / Holocene,,,
241130,Rumble III,Composite,Stratovolcano | Submarine,Andesite / Basaltic Andesite | Basalt / Picro-Basalt,,Subduction zone | Oceanic crust (< 15 km),0,0,0,0,2008 CE,2008 Jul 2 ± 1 years ± 182 days - Unknown || 1986 Jun 15 - 1986 Aug 5 (?) || 1973 Oct 15 - 1973 Oct 17 || 1970 Jul 2 ± 182 days - Unknown || 1963 Jan 16 ± 15 days - 1966 Dec 16 (on or after) ± 15 days || 1958 Jul 9 - 1962 Jul 2 ± 182 days,,
241131,Rumble II West,Composite,Stratovolcano | Caldera | Submarine,Andesite / Basaltic Andesite | Basalt / Picro-Basalt,Dacite,Subduction zone | Oceanic crust (< 15 km),0,0,0,0,Unknown - Unrest / Holocene,,,
241140,Healy,Composite,Stratovolcano | Caldera(s) | Submarine,Dacite,Rhyolite | Basalt / Picro-Basalt,Subduction zone | Oceanic crust (< 15 km),0,0,0,0,1360 CE,1360 ± 75 years - Unknown,,
241150,Brothers,Caldera,Caldera | Stratovolcano | Lava dome | Submarine,Dacite | Basalt / Picro-Basalt,,Subduction zone | Oceanic crust (< 15 km),0,0,0,0,Unknown - Unrest / Holocene,,,
242001,Wright,Composite,Stratovolcano(es) | Caldera(s) | Cone(s) | Submarine,Basalt / Picro-Basalt,,Subduction zone | Oceanic crust (< 15 km),0,0,0,0,Unknown - Unrest / Holocene,,,
242005,Havre Seamount,Composite,Stratovolcano | Caldera | Submarine,,,Subduction zone | Oceanic crust (< 15 km),,,,,2012 CE,2012 Jul 17 - 2012 Jul 19,,
242010,Curtis Island,Composite,Stratovolcano | Submarine,Andesite / Basaltic Andesite | Dacite | Rhyolite,,Subduction zone | Oceanic crust (< 15 km),0,0,0,0,Unknown - Unrest / Holocene,2009 Jan 18 - 2009 Jan 19 || 1936 Jun 18 - 1936 Dec 16 ± 15 days,,
242021,Macauley,Caldera,Caldera | Pyroclastic cone(s),Basalt / Picro-Basalt | Rhyolite,Dacite | Andesite / Basaltic Andesite,Subduction zone | Oceanic crust (< 15 km),0,0,0,0,4360 BCE,1887 Dec 1 - Unknown || 1825 Sep 6 - Unknown || 4360 BCE ± 200 years - Unknown,,
242022,Giggenbach,Composite,Stratovolcano | Cone(s) | Submarine,Basalt / Picro-Basalt | Dacite | Andesite / Basaltic Andesite,,Subduction zone | Oceanic crust (< 15 km),0,0,0,0,Unknown - Unrest / Holocene,,,
242030,Raoul Island,Composite,Stratovolcano | Caldera(s) | Pyroclastic cone(s),Andesite / Basaltic Andesite | Dacite | Basalt / Picro-Basalt,,Subduction zone | Oceanic crust (< 15 km),0,0,0,0,2006 CE,2006 Mar 17 - 2006 Mar 17 || 1987 Mar 25 - 1987 Mar 25 || 1964 Nov 19 - 1965 Apr 25 (?) || 1886 Mar 16 ± 15 days - Unknown || 1870 Jun 20 ± 4 days - 1870 Oct 3 || 1814 Mar 9 - Unknown || 1720 ± 50 years - Unknown || 1630 ± 50 years - Unknown || 1450 (?) - Unknown || 0850 (?) - Unknown || 0700 (?) - Unknown || 0550 (?) - Unknown || 0400 (?) - Unknown || 0100 (?) - Unknown || 0050 BCE (?) - Unknown || 0250 BCE ± 75 years - Unknown || 1200 BCE ± 150 years - Unknown || 2000 BCE ± 100 years - Unknown,,
242050,Monowai,Composite,Stratovolcano | Caldera | Submarine,Basalt / Picro-Basalt,,Subduction zone | Oceanic crust (< 15 km),0,0,0,0,2014 CE,2016 Nov 11 - 2016 Nov 12 || 2014 Oct 16 - 2014 Nov 5 || 2014 Jan 1 - 2014 Jan 1 || 2012 Aug 3 - 2012 Aug 19 || 2011 May 17 - 2011 May 22 || 2009 May 4 ± 3 days - 2009 Dec 16 ± 4 days || 2008 Feb 8 (?) - 2008 Feb 8 (?) || 2006 Dec 12 - 2007 Nov 4 ± 3 days || 2005 Mar 2 - 2006 Jun 27 || 2003 Apr 10 - 2004 Sep 16 ± 15 days || 2002 Nov 1 - 2002 Nov 24 || 2002 May 24 - 2002 May 24 || 1999 Jun 6 - 1999 Jun 11 || 1997 Dec 15 - 1998 Feb 4 (?) || 1997 Apr 18 - 1997 Apr 21 || 1996 Sep 20 - 1996 Sep 22 || 1995 Nov 27 - 1995 Nov 30 || 1990 May 30 - 1991 Mar 25 || 1988 Sep 8 - 1988 Sep 8 || 1986 Jun 16 ± 15 days - 1986 Jun 16 ± 15 days || 1982 May 16 ± 15 days - 1982 May 16 ± 15 days || 1980 Jan 16 ± 15 days - 1980 Jan 16 ± 15 days || 1979 Feb 16 (?) ± 15 days - 1979 Apr 19 (?) || 1978 Feb 16 ± 15 days - 1978 Jul 16 ± 15 days || 1977 Oct 17 - 1977 Oct 27 (?) || 1977 Apr 16 ± 15 days - 1977 Apr 16 ± 15 days || 1944 Jul 2 ± 182 days - Unknown,,
243001,Kermadec Arc at 24.8°S,Composite,Stratovolcano | Caldera(s) | Cone(s) | Submarine,Basalt / Picro-Basalt | Andesite / Basaltic Andesite,,Subduction zone | Oceanic crust (< 15 km),0,0,0,0,Unknown - Unrest / Holocene,,,
243010,Tofua Arc at 21.3°S,Composite,Stratovolcano | Submarine,No Data (checked),,Subduction zone | Oceanic crust (< 15 km),0,0,0,88771,1932 CE,1932 Dec 1 ± 30 days - Unknown || 1907 Jul 16 ± 15 days - Unknown,,
243011,Tofua Arc at 21.1°S,Composite,Stratovolcano | Caldera | Pyroclastic cone(s) | Submarine,Andesite / Basaltic Andesite,,Subduction zone | Oceanic crust (< 15 km),0,0,0,67409,Unknown - Evidence Credible,,,
243030,Tofua Arc at 20.9°S,Composite,Stratovolcano | Submarine,No Data (checked),,Subduction zone | Oceanic crust (< 15 km),0,0,0,88571,2017 CE,2017 Jan 23 - 2017 Jan 31 || 1999 Jan 8 (on or before) - 1999 Jan 14 (?) || 1970 Jan 3 - 1970 Jan 3 || 1923 Jul 1 - Unknown || 1911 Aug 16 ± 15 days - Unknown,,
243040,Hunga Tonga-Hunga Ha'apai,Caldera,Caldera | Stratovolcano | Submarine,Andesite / Basaltic Andesite,,Subduction zone | Oceanic crust (< 15 km),230,230,532,86213,2022 CE,2021 Dec 20 - 2022 Jan 15 || 2014 Dec 19 - 2015 Jan 23 ± 3 days || 2009 Mar 17 (?) - 2009 Mar 22 ± 1 days || 1988 Jun 1 - 1988 Jun 3 (on or after) || 1937 Jul 2 ± 182 days - Unknown || 1912 Apr 29 - Unknown || 1110 ± 70 years - Unknown,,
243050,Fonuafo'ou,Composite,Stratovolcano | Submarine,Andesite / Basaltic Andesite | Dacite,,Subduction zone | Oceanic crust (< 15 km),302,302,532,69016,1936 CE,1936 Jun 16 ± 15 days - Unknown || 1933 Apr 16 ± 15 days - Unknown || 1927 Oct 4 - 1928 Sep 16 (on or after) ± 15 days || 1921 Nov 16 ± 15 days - Unknown || 1894 Dec 16 ± 15 days - Unknown || 1885 Oct 12 (?) - 1886 Jul 2 ± 182 days || 1877 Jul 2 ± 182 days - Unknown || 1865 Jul 2 ± 182 days - Unknown || 1781 - Unknown,,
243060,Tofua,Caldera,Caldera | Pyroclastic cone(s),Andesite / Basaltic Andesite | Dacite,,Subduction zone | Oceanic crust (< 15 km),1556,1556,1556,8789,2026 CE,2015 Oct 2 - 2026 Mar 17 (continuing) || 2004 Mar 19 - 2014 Oct 18 || 1993 Apr 29 - Unknown || 1958 Dec 31 ± 120 days - 1960 Jul 2 (?) ± 182 days || 1906 Dec 16 ± 15 days - Unknown || 1906 Jan 16 ± 15 days - 1906 Feb 16 ± 15 days || 1885 Oct 16 (on or before) ± 15 days - Unknown || 1854 Jul 2 ± 182 days - Unknown || 1847 Jul 10 (on or before) - Unknown || 1845 Jul 1 ± 60 days - Unknown || 1792 - Unknown || 1774 Jun - Unknown,,
243061,Kao,Composite,Stratovolcano,Andesite / Basaltic Andesite,,Subduction zone | Oceanic crust (< 15 km),236,1170,1563,8602,1847 CE,1847 Jul 10 (on or before) - Unknown,,
243070,Lateiki,Composite,Stratovolcano | Submarine,Dacite,,Subduction zone | Oceanic crust (< 15 km),18,18,18,7907,2019 CE,2019 Oct 13 - 2019 Oct 22 || 1995 Jun 6 - 1995 Jun 23 ± 2 days || 1991 Jun 24 (on or before) - Unknown || 1979 May 10 (on or before) - 1979 Jul 21 (on or after) || 1967 Dec 11 (on or before) - 1968 Jan 4 ± 4 days || 1894 Jul 2 (in or before) ± 182 days - Unknown || 1886 Jul 2 ± 182 days - Unknown || 1878 Apr 16 (on or before) ± 15 days - Unknown || 1858 Jul 2 ± 182 days - Unknown || 1852 Jul 2 ± 182 days - Unknown || 1851 Jul 2 ± 182 days - Unknown || 1781 (in or before) - Unknown,,
243080,Home Reef,Composite,Stratovolcano | Submarine,Dacite,,Subduction zone | Oceanic crust (< 15 km),0,0,142,21334,2026 CE,2025 Dec 17 - 2026 Mar 20 (continuing) || 2024 Dec 4 - 2025 Jun 29 ± 1 days || 2024 Jun 10 - 2024 Jul 4 || 2023 Oct 12 - 2023 Oct 19 || 2022 Sep 10 - 2022 Oct 17 || 2006 Aug 7 - 2006 Aug 16 (?) || 1984 Mar 1 - 1984 Mar 5 || 1857 Jul 2 ± 182 days - Unknown || 1852 Jul 2 ± 182 days - Unknown,,
243090,Late,Composite,Stratovolcano | Pyroclastic cone(s),Andesite / Basaltic Andesite,,Subduction zone | Oceanic crust (< 15 km),158,158,158,17190,1854 CE,1854 Jul 2 ± 182 days - Unknown || 1790 - Unknown,,
243091,Tofua Arc at 18.3°S,Composite,Stratovolcano | Submarine,Dacite,,Subduction zone | Oceanic crust (< 15 km),0,0,20,18153,2019 CE,2019 Aug 6 - 2019 Aug 8 || 2001 Sep 27 - 2001 Sep 28 (?),,
243100,Fonualei,Composite,Stratovolcano | Caldera | Pyroclastic cone,Dacite | Andesite / Basaltic Andesite,,Subduction zone | Oceanic crust (< 15 km),71,71,91,17857,1957 CE,1974 Feb 16 - Unknown || 1957 Jun 16 ± 15 days - Unknown || 1951 Aug 21 - Unknown || 1939 Jun 16 ± 15 days - Unknown || 1906 Mar 16 ± 15 days - Unknown || 1846 Jun 11 (?) - 1846 Oct 10 (on or after) || 1791 - Unknown || 1780 (in or before) - Unknown,,
243101,Tafahi,Composite,Stratovolcano,Andesite / Basaltic Andesite | Basalt / Picro-Basalt,,Subduction zone | Oceanic crust (< 15 km),37,37,1706,1706,Unknown - Evidence Uncertain,,,
243102,Curacoa,Composite,Complex | Stratovolcano | Submarine,Dacite,,Subduction zone | Oceanic crust (< 15 km),0,0,37,1755,1979 CE,1979 May 14 - Unknown || 1973 Jul 11 - 1973 Jul 16,,
243110,Niuafo'ou,Shield,Shield | Caldera | Pyroclastic cone(s),Basalt / Picro-Basalt,,Subduction zone | Oceanic crust (< 15 km),118,155,155,155,1946 CE,1985 Mar 21 - 1985 Mar 22 || 1947 Jan 16 ± 15 days - Unknown || 1946 Sep 9 - 1946 Sep 17 || 1943 Sep 26 - 1943 Oct 16 ± 30 days || 1935 Dec 7 - 1936 Feb 16 (?) ± 15 days || 1929 Jul 25 - 1929 Jul 26 || 1912 Oct 15 ± 5 days - Unknown || 1887 Jul 2 ± 182 days - Unknown || 1886 Aug 31 - 1886 Sep 18 (?) || 1867 Apr 12 - Unknown || 1853 Jun 24 - 1853 Jun 24 (?) || 1814 Jul 2 ± 182 days - Unknown,,
243111,Dugong,Shield,Shield | Caldera | Submarine,,,,,,,,Unknown - Evidence Uncertain,,,
243112,Lobster,Shield,Shield | Caldera | Submarine,,,,,,,,Unknown - Evidence Uncertain,,,
243120,Tafu-Maka,Cluster,Fissure vent | Submarine,Basalt / Picro-Basalt,,Rift zone | Oceanic crust (< 15 km),0,0,0,1755,2008 CE,2008 Nov 16 (?) ± 15 days - 2008 Nov 16 (?) ± 15 days,,
243130,West Mata,Cluster,Fissure vent(s) | Cone | Submarine,Andesite / Basaltic Andesite,,Subduction zone | Oceanic crust (< 15 km),0,0,0,1755,2009 CE,2008 Nov 16 (on or before) ± 15 days - 2009 May 16 (on or after) ± 15 days,,
243140,Niuatahi,Caldera,Caldera,,,Subduction zone | Oceanic crust (< 15 km),,,,,Unknown - Unrest / Holocene,,,
244000,Vailulu'u,Shield,Shield | Caldera | Fissure vent | Submarine,Basalt / Picro-Basalt,,Subduction zone | Oceanic crust (< 15 km),0,0,0,1387,2003 CE,2003 Apr 16 ± 2 years ± 15 days - Unknown || 1995 Jan 9 - 1995 Jan 29 || 1973 Jul 10 - 1973 Jul 10,,
244001,Ta'u,Shield,Shield | Caldera | Pyroclastic cone(s),Basalt / Picro-Basalt | Trachybasalt / Tephrite Basanite,,Subduction zone | Oceanic crust (< 15 km),95,1154,1538,1538,Unknown - Evidence Credible,,,
244010,Ofu-Olosega,Shield,Shield(s) | Caldera | Pyroclastic cone(s),Basalt / Picro-Basalt | Trachybasalt / Tephrite Basanite,,Subduction zone | Oceanic crust (< 15 km),220,384,1387,1387,1866 CE,1866 Sep 12 - 1866 Nov 15 ± 5 days,,
244020,Tutuila,Cluster,Tuff cone(s) | Pyroclastic cone(s),Basalt / Picro-Basalt | Andesite / Basaltic Andesite | Trachyte / Trachydacite,,Subduction zone | Oceanic crust (< 15 km),16653,49763,56239,67387,440 CE,0440 ± 200 years - Unknown,,
244021,Malumalu,Composite,Stratovolcano | Submarine,,,Intraplate | Oceanic crust (< 15 km),,,,,Unknown - Evidence Credible,,,
244030,Upolu,Shield,Shield | Pyroclastic cone(s),Basalt / Picro-Basalt,Andesite / Basaltic Andesite | Trachyandesite / Basaltic Trachyandesite | Trachyte / Trachydacite,Subduction zone | Oceanic crust (< 15 km),680,13753,144419,198677,Unknown - Evidence Credible,,,
244040,Savai'i,Shield,Shield | Pyroclastic cone(s),Basalt / Picro-Basalt,,Subduction zone | Oceanic crust (< 15 km),0,59,34215,188465,1911 CE,1905 Aug 4 - 1911 Nov 16 ± 15 days || 1902 Oct 30 - 1902 Nov 17 ± 4 days || 1760 - Unknown || 1610 ± 200 years - Unknown || 1350 ± 50 years - Unknown || 1310 ± 50 years - Unknown || 1240 ± 30 years - Unknown || 1040 ± 150 years - Unknown || 0170 ± 100 years - Unknown || 0480 BCE ± 300 years - Unknown || 1150 BCE ± 150 years - Unknown || 1990 BCE ± 150 years - Unknown,,
245010,Taveuni,Shield,Shield | Fissure vent(s) | Pyroclastic cone(s) | Tuff ring(s),Basalt / Picro-Basalt,Trachybasalt / Tephrite Basanite | Trachyandesite / Basaltic Trachyandesite,Subduction zone | Crustal thickness unknown,692,3220,19186,146131,1550 CE,1550 ± 100 years - Unknown || 1420 ± 20 years - Unknown || 1350 ± 75 years - Unknown || 1160 ± 150 years - Unknown || 1020 (?) - Unknown || 0880 (?) - Unknown || 0770 (?) - Unknown || 0640 ± 40 years - Unknown || 0520 ± 100 years - Unknown || 0480 ± 75 years - Unknown || 0400 ± 50 years - Unknown || 0350 (?) - Unknown || 0320 ± 100 years - Unknown || 0270 (?) - Unknown || 0220 ± 100 years - Unknown || 0090 BCE ± 200 years - Unknown || 0200 BCE (?) - Unknown || 0330 BCE ± 75 years - Unknown || 0400 BCE ± 20 years - Unknown || 0600 BCE (?) - Unknown || 0680 BCE (?) - Unknown || 1020 BCE (?) - Unknown || 1100 BCE (?) - Unknown || 1200 BCE (?) - Unknown || 1300 BCE (?) - Unknown || 1450 BCE (?) - Unknown || 1700 BCE (?) - Unknown || 3200 BCE ± 150 years - Unknown || 3580 BCE ± 200 years - Unknown || 4800 BCE ± 100 years - Unknown || 5230 BCE ± 100 years - Unknown || 5920 BCE ± 75 years - Unknown || 6560 BCE ± 75 years - Unknown || 8040 BCE ± 50 years - Unknown,,
245020,Koro,Composite,Pyroclastic cone(s),Basalt / Picro-Basalt,,Subduction zone | Crustal thickness unknown,621,1759,1761,141037,Pleistocene,,,
245030,Nabukelevu,Minor (Silicic),Lava dome(s),Andesite / Basaltic Andesite | Dacite,,Subduction zone | Crustal thickness unknown,269,1379,4523,21730,1660 CE,1660 ± 30 years - Unknown || 0340 (?) - Unknown || 0580 BCE ± 300 years - Unknown,,
250010,St. Andrew Strait,Composite,Complex,Rhyolite,,Subduction zone | Oceanic crust (< 15 km),633,678,2870,47539,1957 CE,1953 Jun 27 - 1957 Jan 28 || 1931 Jul 2 ± 182 days - Unknown || 1883 Mar 28 - Unknown || 0350 (?) - Unknown || 0240 BCE ± 100 years - Unknown,,
250020,Baluan,Composite,Stratovolcano | Pyroclastic cone,Basalt / Picro-Basalt,,Subduction zone | Continental crust (> 25 km),242,248,982,46898,Pleistocene,,,
250030,Titan Ridge,Cluster,Fissure vent | Submarine,No Data (checked),,Rift zone | Continental crust (> 25 km),0,0,0,2529,1972 CE,1972 Jan 8 - 1972 Jan 12,,
251001,Blup Blup,Composite,Stratovolcano | Pyroclastic cone,Andesite / Basaltic Andesite | Dacite,,Subduction zone | Continental crust (> 25 km),270,270,462,93315,Unknown - Evidence Credible,,,
251002,Kadovar,Composite,Stratovolcano | Lava dome,Andesite / Basaltic Andesite,,Subduction zone | Continental crust (> 25 km),0,0,1341,114708,2023 CE,2018 Jan 5 - 2018 Jun 20 || 2018 Sep 21 - 2023 May 14 || 1700 Apr - Unknown,,
251010,Bam,Composite,Stratovolcano,Andesite / Basaltic Andesite,,Subduction zone | Continental crust (> 25 km),192,192,462,103203,1960 CE,1960 Apr 28 - 1960 Jul 6 || 1959 Apr 2 - 1959 Oct 31 || 1958 Sep 5 - 1958 Sep 10 || 1958 Mar 11 ± 10 days - 1958 Apr 19 (?) || 1957 Oct 26 - 1957 Oct 26 || 1954 Aug 3 - 1957 Jan 2 || 1947 Mar 13 ± 75 days - Unknown || 1944 Jul 2 ± 182 days - Unknown || 1936 Jul 16 ± 15 days - 1939 Apr 16 ± 15 days || 1924 Jul 2 ± 182 days - Unknown || 1918 Sep 18 - Unknown || 1913 Jul 2 ± 182 days - Unknown || 1909 Apr 19 - 1909 Sep 13 || 1908 Jul 12 - Unknown || 1907 Nov 16 ± 15 days - Unknown || 1897 Jul 2 ± 182 days - 1898 Jul 2 ± 182 days || 1888 Jul 2 ± 182 days - Unknown || 1885 May 20 - Unknown || 1883 Mar 16 ± 15 days - Unknown || 1877 Nov 13 - Unknown || 1874 May 20 - Unknown || 1872 Jul 2 ± 4 years ± 182 days - Unknown,,
251011,Boisa,Composite,Stratovolcano | Lava dome(s),Basalt / Picro-Basalt | Andesite / Basaltic Andesite,,Subduction zone | Continental crust (> 25 km),139,1343,18874,177478,Pleistocene,,,
251020,Manam,Composite,Stratovolcano | Pyroclastic cone(s),Basalt / Picro-Basalt | Andesite / Basaltic Andesite,,Subduction zone | Continental crust (> 25 km),1106,2553,24364,180402,2026 CE,2018 Jun 10 - 2019 Jul 21 || 2019 Sep 29 - 2020 Feb 1 ± 30 days || 2020 Mar 20 - 2026 Mar 16 (continuing) || 2014 Jun 29 - 2015 Oct 29 || 2016 Jan 29 ± 2 days - 2016 Oct 6 || 2017 Jan 15 ± 2 days - 2017 Sep 2 || 2017 Dec 20 (on or after) - 2018 Jan 10 ± 3 days || 2010 Aug 10 (?) - 2013 Dec 15 (on or after) || 2004 Oct 24 - 2009 Dec 12 (?) || 2003 Oct 26 ± 5 days - 2004 Mar 28 || 2003 May 17 - 2003 May 23 || 2002 Oct 31 - Unknown || 2002 Jan 13 - 2002 May 21 || 2001 Jun 14 - 2001 Jun 25 (?) || 2000 Jun 3 - 2000 Jun 4 || 1974 Mar 4 (?) - 1999 Nov 9 (?) || 1965 Jul 2 ± 182 days - 1966 Jan 25 (on or after) || 1963 Nov 26 - 1964 Apr 16 ± 15 days || 1963 Feb 15 ± 14 days - 1963 May 8 (on or after) || 1962 Apr 16 ± 15 days - Unknown || 1961 Jul 16 ± 15 days - 1961 Sep 16 ± 15 days || 1959 Dec 16 ± 15 days - 1960 Dec 16 (on or after) ± 15 days || 1959 Jun 16 ± 15 days - 1959 Jul 16 ± 15 days || 1956 Dec 8 - 1958 Aug 16 ± 15 days || 1954 May 16 ± 15 days - 1954 Jun 16 ± 15 days || 1953 Apr 16 ± 15 days - 1953 Aug 16 ± 15 days || 1946 Dec 1 ± 30 days - 1947 Sep 16 ± 15 days || 1936 Sep 16 ± 15 days - 1939 Jul 2 ± 182 days || 1932 Jul 2 ± 182 days - 1934 Jul 2 ± 182 days || 1926 Mar 16 ± 15 days - 1928 Mar 1 ± 30 days || 1925 Jul 2 ± 182 days - Unknown || 1924 Jul 2 ± 182 days - Unknown || 1923 Jul 2 ± 182 days - Unknown || 1922 Jul 2 ± 182 days - Unknown || 1920 Dec 5 (?) - 1921 Mar 16 ± 15 days || 1919 Aug 11 - Unknown || 1917 Jul 2 ± 182 days - Unknown || 1909 Jul 2 ± 182 days - 1914 Jul 2 (?) ± 182 days || 1907 Jul 2 ± 182 days - Unknown || 1904 Oct 26 - 1904 Oct 27 || 1904 Apr 30 ± 30 days - Unknown || 1901 Jul 2 ± 182 days - 1902 Jul 2 ± 182 days || 1899 Jul 2 ± 1 years ± 182 days - Unknown || 1887 Jun 16 ± 15 days - 1895 Jul 2 ± 182 days || 1885 May 16 ± 15 days - Unknown || 1884 Jul 2 ± 182 days - Unknown || 1877 Oct 29 - 1877 Nov 13 (on or after) || 1830 Jul 2 ± 182 days - Unknown || 1700 Apr 2 - Unknown || 1643 Apr 21 - Unknown || 1616 Jul 6 - Unknown,,
251030,Karkar,Composite,Stratovolcano | Caldera(s) | Pyroclastic cone(s),Andesite / Basaltic Andesite | Basalt / Picro-Basalt,,Subduction zone | Continental crust (> 25 km),5,4159,20127,189841,1979 CE,2014 Mar 26 - 2014 Mar 27 || 2013 Jan 29 - 2013 Mar 15 || 2012 Feb 1 - 2012 Feb 1 || 2010 Feb 25 - 2010 Feb 26 || 2009 May 1 ± 30 days - Unknown || 1980 Jan 7 - 1980 Jan 17 || 1979 Jan 12 (?) - 1979 Aug 9 || 1974 Dec 30 (?) - 1975 Jun 26 || 1974 Feb 14 - 1974 Aug 8 || 1962 Jul 2 (?) ± 182 days - Unknown || 1895 Jun 17 - 1895 Aug 16 ± 15 days || 1885 Jul 2 ± 182 days - Unknown || 1830 Jul 2 ± 182 days - Unknown || 1643 Apr 20 - Unknown || 1070 ± 200 years - Unknown || 0730 (?) - Unknown || 0520 ± 100 years - Unknown || 0870 BCE ± 75 years - Unknown || 7140 BCE ± 150 years - Unknown,,
251041,Hankow Reef,Composite,Stratovolcano | Caldera | Submarine,No Data (checked),,Subduction zone | Continental crust (> 25 km),0,0,0,50983,Unknown - Evidence Uncertain,,,
251050,Long Island,Composite,Complex | Caldera | Pyroclastic cone(s),Andesite / Basaltic Andesite | Basalt / Picro-Basalt,,Subduction zone | Continental crust (> 25 km),172,2023,4017,78803,1993 CE,1993 Nov 3 (?) - 1993 Nov 25 ± 5 days || 1976 Jan 2 ± 120 days - Unknown || 1973 Apr 16 ± 15 days - 1974 Feb 28 || 1968 Mar 16 - 1968 Jun 12 || 1961 Jul 2 ± 182 days - Unknown || 1955 Jun 5 - 1955 Jun 13 || 1953 May 8 - 1954 Jan 7 || 1943 Jul 2 ± 182 days - Unknown || 1938 Jul 2 ± 182 days - Unknown || 1933 Jul 2 ± 182 days - Unknown || 1660 ± 20 years - Unknown || 2040 BCE ± 110 years - Unknown,,
251060,Umboi,Composite,Complex | Caldera | Stratovolcano(es),Basalt / Picro-Basalt | Andesite / Basaltic Andesite,Dacite,Subduction zone | Continental crust (> 25 km),249,1127,5585,83275,Unknown - Evidence Credible,,,
251070,Ritter Island,Composite,Stratovolcano | Caldera,Basalt / Picro-Basalt | Andesite / Basaltic Andesite,,Subduction zone | Continental crust (> 25 km),3,43,4323,68670,2007 CE,2007 May 19 - 2007 May 21 (?) || 2006 Oct 17 - 2006 Oct 17 (?) || 2002 Aug 2 - 2002 Aug 2 || 1974 Oct 17 - 1974 Oct 17 || 1972 Oct 9 - 1972 Oct 9 || 1888 Mar 13 - 1888 Mar 13 || 1887 Feb 2 - 1887 Feb 5 || 1885 Jan 13 (?) - Unknown || 1878 Dec 31 ± 30 days - Unknown || 1848 Apr 13 - 1848 Jul 10 (?) || 1793 Jun 29 - Unknown || 1700 Apr 3 (on or before) - 1700 Apr 6 (on or after),,
251080,Sakar,Composite,Stratovolcano | Pyroclastic cone(s),Basalt / Picro-Basalt | Andesite / Basaltic Andesite,,Subduction zone | Continental crust (> 25 km),149,160,1176,58544,Unknown - Evidence Uncertain,,,
252010,Langila,Composite,Complex,Basalt / Picro-Basalt | Andesite / Basaltic Andesite,,Subduction zone | Continental crust (> 25 km),213,3653,11641,45698,2026 CE,2015 Oct 22 (?) - 2018 Jan 22 || 2018 Apr 9 - 2018 Dec 21 || 2019 Mar 10 - 2020 Apr 30 ± 30 days || 2020 Jun 1 ± 30 days - 2026 Mar 16 (continuing) || 2013 Oct 23 - 2013 Dec 1 || 2012 Dec 1 - 2012 Dec 5 || 2012 Jul 21 - 2012 Jul 21 || 2011 Jul 28 - 2011 Jul 28 || 2009 Sep 16 (on or before) ± 15 days - 2010 Feb 16 (?) ± 15 days || 2006 Aug 9 - 2008 Jul 6 (?) || 2005 Apr 19 (?) - 2006 Mar 31 (?) || 2004 Nov 24 (?) - 2004 Dec 25 (?) || 2004 Jan 20 (?) - 2004 Jan 27 (?) || 2002 May 25 (?) - 2003 Apr 9 (?) || 1973 Feb 24 ± 4 days - 2000 Oct 16 (on or after) ± 15 days || 1971 Jan 26 ± 5 days - 1972 Jul 5 ± 4 days || 1970 May 20 - 1970 Sep 22 || 1969 Sep 29 - 1969 Sep 29 || 1967 Jan 19 - 1968 Jun 16 ± 15 days || 1964 Dec 4 ± 4 days - 1966 Sep 23 ± 3 days || 1962 Mar 16 ± 15 days - 1963 Aug 11 || 1960 Dec 19 - 1961 Sep 25 ± 5 days || 1958 Apr 21 - 1958 Jun 4 ± 4 days || 1956 Mar 25 - 1956 Mar 31 || 1955 Jun 1 - 1955 Jun 16 || 1955 Feb 15 - 1955 Feb 17 || 1954 May 18 - 1954 Nov 13 || 1942 Jul 2 ± 5 years ± 182 days - Unknown || 1907 Jul 2 ± 182 days - Unknown || 1900 Jul 2 ± 182 days - Unknown || 1890 Jul 2 ± 182 days - Unknown || 1884 Jul 2 ± 182 days - Unknown || 1878 Jul 2 ± 182 days - Unknown,,
252021,Mundua,Composite,Complex,Basalt / Picro-Basalt,,Subduction zone | Continental crust (> 25 km),489,501,6406,9419,Pleistocene,,,
252030,Garove,Composite,Stratovolcano | Pyroclastic cone(s),Andesite / Basaltic Andesite | Dacite | Basalt / Picro-Basalt,Rhyolite,Subduction zone | Oceanic crust (< 15 km),4259,5887,6388,18704,Pleistocene,,,
252040,Dakataua,Caldera,Caldera | Shield | Maar(s),Andesite / Basaltic Andesite | Dacite | Basalt / Picro-Basalt,,Subduction zone | Continental crust (> 25 km),1147,1147,3743,113954,1895 CE,1895 Jul 2 ± 5 years ± 182 days - Unknown || 0800 ± 60 years - Unknown || 0653 ± 18 years - Unknown,,
252050,Bola,Composite,Stratovolcano,Andesite / Basaltic Andesite,,Subduction zone | Continental crust (> 25 km),73,387,8601,116418,Unknown - Evidence Credible,,,
252060,Garua Harbour,Cluster,Volcanic field,Rhyolite | Andesite / Basaltic Andesite,,Subduction zone | Continental crust (> 25 km),12090,12090,44354,123676,Unknown - Evidence Uncertain,,,
252070,Krummel-Garbuna-Welcker,Composite,Stratovolcano(es) | Lava dome(s) | Maar(s),Andesite / Basaltic Andesite | Dacite | Basalt / Picro-Basalt,,Subduction zone | Continental crust (> 25 km),91,8207,58235,143455,2008 CE,2008 Jul 13 - 2008 Oct 4 || 2008 Mar 11 - 2008 Mar 13 || 2005 Oct 16 - 2005 Nov 17 (on or after) || 0150 (?) - Unknown,,
252071,Lolo,Composite,Stratovolcano,Andesite / Basaltic Andesite | Basalt / Picro-Basalt,,Subduction zone | Continental crust (> 25 km),5176,13925,35526,144334,Unknown - Evidence Uncertain,,,
252080,Witori,Caldera,Caldera | Lava cone | Fissure vent(s),Dacite | Andesite / Basaltic Andesite | Rhyolite,Basalt / Picro-Basalt,Subduction zone | Continental crust (> 25 km),24509,24509,37824,145382,2012 CE,2012 May 3 - 2012 Jul 11 || 2007 Aug 28 - 2007 Aug 28 || 2004 Feb 24 - 2004 Feb 24 || 2002 Aug 3 - 2003 Mar 26 ± 25 days || 1933 Jul 16 (?) ± 15 days - 1933 Aug 16 (?) ± 15 days || 1920 Jul 2 ± 2 years ± 182 days - Unknown || 1911 Jul 2 ± 182 days - 1918 May 16 (?) ± 15 days || 1800 Jul 2 (?) ± 182 days - Unknown || 1730 ± 25 years - Unknown || 1550 (?) - Unknown || 1450 (?) - Unknown || 1050 ± 100 years - Unknown || 0950 (?) - Unknown || 0710 ± 75 years - Unknown || 0690 ± 90 years - Unknown || 0310 ± 100 years - Unknown || 0640 BCE ± 300 years - Unknown || 1370 BCE ± 160 years - Unknown || 4000 BCE ± 210 years - Unknown || 7510 BCE ± 150 years - Unknown,,
252090,Sulu Range,Composite,Stratovolcano(es) | Lava dome(s) | Maar,Andesite / Basaltic Andesite | Basalt / Picro-Basalt | Dacite | Rhyolite,,Subduction zone | Continental crust (> 25 km),298,1543,15051,135039,Unknown - Unrest / Holocene,,,
252100,Hargy,Composite,Stratovolcano | Caldera | Lava cone,Dacite | Andesite / Basaltic Andesite,,Subduction zone | Continental crust (> 25 km),84,5093,14613,85504,950 CE,0950 (?) - Unknown || 5050 BCE (?) - Unknown,,
252110,Bamus,Composite,Stratovolcano | Lava dome | Pyroclastic cone(s),Andesite / Basaltic Andesite,,Subduction zone | Continental crust (> 25 km),50,630,19320,71997,1886 CE,1886 Jul 2 ± 8 years ± 182 days - Unknown || 1650 ± 50 years - Unknown || 0270 BCE ± 50 years - Unknown || 0350 BCE ± 75 years - Unknown,,
252120,Ulawun,Composite,Stratovolcano | Caldera,Basalt / Picro-Basalt | Andesite / Basaltic Andesite,,Subduction zone | Continental crust (> 25 km),30,1801,10577,61018,2025 CE,2025 Mar 27 - 2025 Apr 7 || 2023 Jul 18 - 2023 Dec 31 || 2023 Mar 28 - 2023 Mar 28 || 2022 Jun 2 - 2022 Jun 2 || 2021 Jul 9 - 2021 Aug 4 ± 1 days || 2021 Nov 3 - 2021 Nov 29 || 2019 Jun 26 - 2019 Oct 5 || 2018 Sep 21 - 2018 Oct 12 (on or before) || 2018 Jun 8 - 2018 Jun 8 || 2017 Jun 11 - 2017 Nov 3 || 2016 Oct 11 - 2016 Nov 18 || 2013 Jul 8 - 2013 Dec 21 || 2012 Nov 6 - 2012 Dec 11 || 2012 May 7 - 2012 May 31 || 2010 May 26 ± 4 days - 2011 May 27 || 2007 Dec 25 - Unknown || 2007 May 1 - 2007 May 1 || 2006 Mar 1 - 2007 Jan 18 || 2005 Mar 27 (?) - 2005 Aug 9 (?) || 2004 Apr 12 - 2004 Apr 14 || 2003 Apr 14 (?) - 2003 Oct 10 || 2002 Aug 22 (?) - 2002 Nov 3 || 2001 Aug 28 - 2001 Aug 28 || 2001 Jan 16 (?) - 2001 May 3 || 2000 Sep 28 - 2000 Nov 1 || 1999 Oct 20 - 1999 Oct 20 || 1994 Apr 19 (?) - 1994 Jun 16 ± 15 days || 1993 Jan 12 - 1993 Jan 31 (?) || 1989 Jan 1 - 1989 Dec 16 (?) ± 15 days || 1985 Nov 17 - 1985 Nov 22 || 1984 Dec 30 - 1985 Jan 27 || 1984 Aug 23 - 1984 Sep 11 || 1983 Nov 6 - 1984 Mar 13 || 1980 Oct 6 - 1980 Oct 7 || 1978 May 7 - 1978 May 14 || 1973 Oct 4 - 1973 Oct 19 || 1970 Jan 15 - 1970 Feb 11 || 1967 Jan 22 - 1967 Dec 28 || 1963 Mar 17 - 1963 May 2 (?) || 1960 Jul 29 ± 3 days - 1962 Nov 16 ± 15 days || 1958 Feb 1 ± 60 days - Unknown || 1951 Jul 2 ± 182 days - Unknown || 1941 Jan 26 - 1941 Jan 26 || 1937 May 16 ± 15 days - Unknown || 1927 Jul 16 ± 15 days - 1927 Sep 17 (on or after) || 1919 May 28 (?) - Unknown || 1918 Jul 21 (?) - Unknown || 1915 Apr 16 ± 15 days - Unknown || 1898 Jul 2 ± 182 days - Unknown || 1878 Jul 2 ± 182 days - Unknown || 1700 Mar 11 - Unknown,,
252130,Lolobau,Caldera,Caldera | Stratovolcano | Pyroclastic cone(s),Basalt / Picro-Basalt | Dacite | Andesite / Basaltic Andesite,,Subduction zone | Continental crust (> 25 km),7243,7243,9659,62340,1912 CE,1911 Jul 2 ± 182 days - 1912 Jul 2 ± 182 days || 1908 Jul 2 ± 182 days - Unknown || 1904 Aug 9 - 1905 Oct 18 (on or after) || 1100 ± 30 years - Unknown,,
252140,Rabaul,Caldera,Caldera | Shield(pyroclastic) | Pyroclastic cone(s),Dacite | Andesite / Basaltic Andesite | Basalt / Picro-Basalt,Rhyolite,Subduction zone | Continental crust (> 25 km),3311,43531,199361,252121,2014 CE,2014 Jul 7 - 2014 Sep 18 || 2013 Jan 19 - 2014 Mar 11 || 2011 Mar 29 - 2011 Aug 12 || 2010 Jul 23 - 2010 Jul 25 || 2006 Aug 11 - 2010 Jan 31 || 2005 Jan 25 - 2006 Feb 17 || 2002 Oct 6 (?) - 2004 Feb 17 || 1995 Nov 28 - 2001 Sep 5 ± 4 days || 1994 Sep 19 - 1995 Apr 16 || 1943 Nov 24 - 1943 Dec 23 (on or after) || 1941 Jun 6 - 1942 Mar 31 ± 30 days || 1940 Feb 4 ± 4 days - 1940 May 18 || 1937 May 29 - 1937 Jun 2 || 1878 Jan 30 (?) - 1878 Feb 26 ± 2 days || 1850 Jul 2 (?) ± 182 days - Unknown || 1791 May 22 - Unknown || 1767 Sep 10 - Unknown || 1450 ± 150 years - Unknown || 0683 ± 2 years - Unknown,,
252150,Tavui,Caldera,Caldera | Submarine,Rhyolite,Basalt / Picro-Basalt,Subduction zone | Continental crust (> 25 km),30373,30373,152530,259182,4946 BCE,4946 BCE ± 40 years - Unknown,,
253010,Lamington,Composite,Stratovolcano | Lava dome,Andesite / Basaltic Andesite | Trachyandesite / Basaltic Trachyandesite | Trachybasalt / Tephrite Basanite,,Subduction zone | Continental crust (> 25 km),252,2018,45841,146630,1956 CE,1951 Jan 17 - 1956 Jul 2 ± 182 days || 4850 BCE ± 300 years - Unknown || 5980 BCE ± 300 years - Unknown,,
253011,Hydrographers Range,Composite,Stratovolcano | Pyroclastic cone(s) | Explosion crater(s),Andesite / Basaltic Andesite,Basalt / Picro-Basalt | Dacite,Subduction zone | Continental crust (> 25 km),585,1428,38537,136167,Unknown - Evidence Credible,,,
253021,Managlase Plateau,Cluster,Volcanic field,Trachybasalt / Tephrite Basanite | Trachyandesite / Basaltic Trachyandesite | Dacite | Basalt / Picro-Basalt,,Subduction zone | Continental crust (> 25 km),5732,5732,14700,145917,Unknown - Evidence Credible,,,
253030,Victory,Composite,Stratovolcano | Caldera | Lava dome(s) | Pyroclastic cone(s),Andesite / Basaltic Andesite,Basalt / Picro-Basalt | Dacite,Subduction zone | Continental crust (> 25 km),16,96,14042,116816,1935 CE,1890 Jul 2 (?) ± 182 days - 1935 Jul 2 ± 5 years ± 182 days || 1810 Jul 2 ± 10 years ± 182 days - Unknown,,
253031,,,,,,,,,,,,,missing:volcano_name; missing:volcano_types; missing:last_known_eruption,
253040,Sessagara Hills,Cluster,Volcanic field | Pyroclastic cone(s),Trachyandesite / Basaltic Trachyandesite,,Subduction zone | Continental crust (> 25 km),61,338,10041,137492,1944 CE,1943 Sep 18 - 1944 Aug 31,,
253041,Goodenough,Cluster,Volcanic field,Andesite / Basaltic Andesite,,Subduction zone | Continental crust (> 25 km),7639,7639,17932,127955,Unknown - Evidence Credible,,,
253050,Iamalele,Cluster,Lava dome(s),Andesite / Basaltic Andesite | Rhyolite | Basalt / Picro-Basalt,,Subduction zone | Continental crust (> 25 km),382,766,8026,113875,Unknown - Evidence Credible,,,
253060,Dawson Strait Group,Cluster,Volcanic field,Rhyolite | Trachyte / Trachydacite | Trachyandesite / Basaltic Trachyandesite,,Subduction zone | Continental crust (> 25 km),5388,5388,7721,80476,1350 CE,1350 (?) - Unknown,,
254010,Lihir,Composite,Compound | Stratovolcano(es),Trachybasalt / Tephrite Basanite | Basalt / Picro-Basalt,Trachyandesite / Basaltic Trachyandesite | Phono-tephrite /  Tephri-phonolite,Subduction zone | Crustal thickness unknown,959,2592,3562,32340,Pleistocene,,,
254020,Feni,Composite,Stratovolcano | Caldera | Lava dome(s) | Maar,Phono-tephrite /  Tephri-phonolite | Trachybasalt / Tephrite Basanite | Trachyandesite / Basaltic Trachyandesite | Basalt / Picro-Basalt | Trachyte / Trachydacite,,Subduction zone | Crustal thickness unknown,1643,9195,9779,24367,Pleistocene,0350 BCE ± 100 years - Unknown,,
255010,Balbi,Composite,Stratovolcano | Lava dome(s) | Pyroclastic cone(s),Andesite / Basaltic Andesite,,Subduction zone | Crustal thickness unknown,314,505,11904,127928,Unknown - Evidence Credible,1825 Jul 2 ± 25 years ± 182 days - Unknown,,
255011,Billy Mitchell,Caldera,Caldera | Shield(pyroclastic),Andesite / Basaltic Andesite | Dacite,,Subduction zone | Crustal thickness unknown,113,449,9620,119191,1580 CE,1580 ± 19 years - Unknown || 1032 ± 23 years - Unknown,,
255020,Bagana,Composite,Lava cone | Lava dome,Andesite / Basaltic Andesite,,Subduction zone | Crustal thickness unknown,198,404,7861,115257,2026 CE,2000 Feb 28 (in or before) - 2026 Mar 17 (continuing) || 1972 Jul 2 ± 182 days - 1995 Jul 2 (on or after) ± 182 days || 1970 May 21 ± 15 days - 1971 Aug 16 (on or after) ± 15 days || 1968 Aug 16 ± 15 days - 1968 Aug 16 ± 15 days || 1966 Mar 20 - 1967 Nov 30 || 1964 Apr 24 - 1965 Jul 2 ± 182 days || 1962 Feb 15 - 1963 Jul 2 ± 182 days || 1961 Jul 26 - Unknown || 1959 Jul 2 (?) ± 182 days - 1960 May 16 ± 15 days || 1956 Jul 2 ± 182 days - Unknown || 1953 Jun 16 ± 15 days - 1953 Sep 16 ± 15 days || 1952 Feb 29 - 1952 Oct 16 ± 15 days || 1948 Dec 1 ± 30 days - 1951 Dec 1 ± 30 days || 1945 Jul 2 ± 182 days - 1947 Jul 2 ± 182 days || 1943 Apr 7 (on or before) - Unknown || 1939 Jan 30 (?) - Unknown || 1938 May 15 - Unknown || 1937 Sep 7 - Unknown || 1909 Jul 16 ± 15 days - Unknown || 1908 Jul 15 - Unknown || 1899 Jul 2 ± 182 days - Unknown || 1897 May 16 (?) - Unknown || 1894 Jul 2 ± 182 days - 1895 Jul 2 ± 182 days || 1883 Dec 31 ± 30 days - Unknown || 1865 Jul 2 ± 3 years ± 182 days - 1883 Jul 2 ± 182 days || 1842 Mar 15 - Unknown,,
255021,Takuan Group,Composite,Compound | Stratovolcano(es) | Caldera | Lava dome(s),Andesite / Basaltic Andesite | Dacite,,Subduction zone | Crustal thickness unknown,13,1177,62020,98513,Unknown - Evidence Credible,,,
255030,Loloru,Composite,Compound | Caldera(s) | Lava dome | Pyroclastic shield,Andesite / Basaltic Andesite,,Subduction zone | Crustal thickness unknown,1,173,26075,97088,1050 BCE,1050 BCE (?) - Unknown || 1260 BCE ± 300 years - Unknown || 2150 BCE (?) - Unknown || 3150 BCE (?) - Unknown || 4150 BCE (?) - Unknown || 6950 BCE (?) - Unknown,,
255050,Simbo,Composite,Stratovolcano(es) | Explosion crater(s),Andesite / Basaltic Andesite | Basalt / Picro-Basalt,,Subduction zone | Crustal thickness unknown,210,240,833,27923,1910 CE,1910 Jul 2 ± 10 years ± 182 days - Unknown,,
255052,Kana Keoki,Composite,Stratovolcano | Submarine,Dacite,,Subduction zone | Crustal thickness unknown,0,0,378,63959,Unknown - Evidence Credible,,,
255053,Coleman Seamount,Composite,Stratovolcano | Submarine,No Data (checked),,Subduction zone | Crustal thickness unknown,0,0,2686,71895,Unknown - Evidence Credible,,,
255060,Kavachi,Composite,Stratovolcano | Submarine,Andesite / Basaltic Andesite | Basalt / Picro-Basalt,,Subduction zone | Crustal thickness unknown,6,6,802,50014,2014 CE,2020 Mar 16 - 2020 Apr 30 || 2020 Sep 2 - 2021 Apr 10 || 2021 Oct 2 - 2024 Apr 24 (continuing) || 2014 Jan 29 - 2014 Jan 29 (?) || 2007 Apr 2 (?) - 2007 Apr 6 (on or after) || 2004 Mar 15 - Unknown || 1999 Nov 16 (?) ± 15 days - 2003 Aug 16 ± 15 days || 1999 Feb 16 ± 15 days - 1999 May 16 ± 15 days || 1998 Jul 2 ± 182 days - Unknown || 1997 Jan 16 - 1997 Jan 17 (on or after) || 1991 May 4 (on or before) - 1991 Sep 16 ± 15 days || 1986 Jul 5 - 1986 Jul 23 || 1985 Dec 9 - 1986 Feb 28 ± 3 days || 1982 Apr 7 - 1982 Jun 2 ± 1 days || 1981 Sep 15 ± 5 days - Unknown || 1980 Oct 7 - 1981 Feb 25 || 1978 Jun 21 - 1978 Jul 22 ± 6 days || 1977 Jul 17 (?) - 1977 Jul 22 || 1977 Feb 22 - Unknown || 1976 Aug 24 - 1976 Oct 13 || 1975 Aug 16 ± 15 days - Unknown || 1974 Nov 12 - 1974 Dec 12 (?) || 1972 Oct 24 - Unknown || 1969 Oct 28 - 1970 Feb 6 || 1966 Mar 19 - 1966 Mar 22 (on or after) || 1965 Dec 11 - 1965 Dec 13 || 1963 Dec 14 - 1964 Jan 31 (?) || 1962 Jan 16 ± 15 days - 1962 Feb 16 ± 15 days || 1961 Mar 28 (on or before) - Unknown || 1958 Nov 21 - 1958 Dec 2 (?) || 1957 Feb 8 - Unknown || 1952 Apr 16 - 1953 Jan 31 (?) || 1951 Dec 1 ± 30 days - Unknown || 1950 Dec 1 ± 30 days - Unknown || 1942 Jul 2 (?) ± 182 days - Unknown || 1939 Apr 30 (?) - Unknown,,
255061,New Georgia at 8.9°S,Composite,Stratovolcano | Submarine(es),Andesite / Basaltic Andesite,,Subduction zone | Crustal thickness unknown,0,6,8101,52212,Unknown - Evidence Credible,,,
255062,Gallego,Cluster,Volcanic field,Andesite / Basaltic Andesite,,Subduction zone | Crustal thickness unknown,10017,10017,81587,169626,Pleistocene,,,
255070,Savo,Composite,Stratovolcano | Lava dome(s),Andesite / Basaltic Andesite | Dacite,Basalt / Picro-Basalt,Subduction zone | Crustal thickness unknown,3200,3200,6251,174571,1847 CE,1865 Jul 2 ± 20 years ± 182 days - Unknown || 1835 Jul 2 ± 5 years ± 182 days - 1847 Jul 2 (?) ± 182 days || 1650 ± 20 years - Unknown || 1568 (in or before) - Unknown,,
256010,Tinakula,Composite,Stratovolcano | Pyroclastic cone,Andesite / Basaltic Andesite,Basalt / Picro-Basalt | Dacite,Subduction zone | Crustal thickness unknown,0,19,19,20155,2024 CE,2018 Dec 8 (on or before) - 2024 Dec 31 || 2017 Oct 21 - 2017 Oct 26 || 2008 Sep 19 (?) - 2008 Nov 29 (?) || 2006 Feb 11 - 2007 Nov 9 (?) || 2002 Nov 16 ± 15 days - Unknown || 2002 Apr 16 ± 15 days - Unknown || 2000 Feb 29 (?) - 2001 May 8 (?) || 1999 May 16 ± 15 days - Unknown || 1995 Jul 2 ± 182 days - Unknown || 1989 Aug 16 (on or before) ± 15 days - 1990 Feb 16 (on or after) ± 15 days || 1984 Jun 3 (on or before) - 1985 Jun 13 (on or after) || 1971 Sep 6 - 1971 Dec 11 || 1965 Nov 23 - 1966 Jun 11 || 1955 Aug 16 ± 15 days - 1955 Oct 15 ± 60 days || 1951 Oct 23 - 1951 Nov 27 ± 30 days || 1932 May 11 ± 10 days - Unknown || 1927 Mar 1 (on or before) - 1927 Mar 4 (on or after) || 1909 Aug 16 ± 15 days - Unknown || 1897 Mar 26 ± 5 days - Unknown || 1886 Jul 2 ± 182 days - Unknown || 1871 Sep 16 (on or before) - 1871 Sep 19 (on or after) || 1869 Mar 16 ± 15 days - Unknown || 1855 Aug 16 ± 15 days - 1857 Aug 16 ± 15 days || 1840 Jul 2 (?) ± 182 days - Unknown || 1797 - Unknown || 1767 Aug 17 - Unknown || 1595 Sep 7 (in or before) - 1595 Sep 14 (?) || 1050 BCE (?) - Unknown,,
257001,Motlav,Composite,Stratovolcano | Pyroclastic cone(s),Basalt / Picro-Basalt,,Subduction zone | Intermediate crust (15-25 km),251,292,3768,7490,Unknown - Evidence Credible,,,
257010,Suretamatai,Composite,Complex | Pyroclastic cone(s),Andesite / Basaltic Andesite | Basalt / Picro-Basalt | Dacite,,Subduction zone | Intermediate crust (15-25 km),68,3509,5555,9242,1966 CE,1965 Aug 9 - 1966 Jul 2 ± 182 days || 1861 Jul 2 (?) ± 182 days - Unknown || 1856 Jul 2 (?) ± 182 days - Unknown || 1841 Jul 2 ± 182 days - Unknown,,
257020,Gaua,Composite,Stratovolcano | Caldera | Pyroclastic cone(s),Andesite / Basaltic Andesite | Basalt / Picro-Basalt,Dacite,Subduction zone | Intermediate crust (15-25 km),166,1200,2848,8834,2022 CE,2022 May 3 - 2022 May 3 || 2021 Nov 16 - 2021 Nov 16 || 2011 Sep 17 - 2011 Oct 10 || 2009 Sep 27 - 2010 Jun 19 || 1982 Apr 18 - 1982 Apr 18 || 1981 Jul 9 - 1981 Jul 9 || 1980 Jul 2 ± 182 days - Unknown || 1977 Apr 13 - 1977 Apr 13 || 1976 Jan 15 ± 5 days - Unknown || 1973 Oct 9 - 1974 Jan 21 || 1971 May 12 - 1971 May 13 || 1969 Sep 22 - Unknown || 1968 Jul 2 ± 182 days - 1968 Dec 1 ± 30 days || 1967 Jul 16 ± 15 days - Unknown || 1966 Jul 2 ± 182 days - Unknown || 1965 Sep 27 - 1965 Sep 30 (on or after) || 1963 Sep 15 ± 5 days - 1963 Nov 9 (on or after) || 1962 Jul 16 (on or before) ± 15 days - Unknown || 1875 Jun 16 (in or before) ± 15 days - Unknown,,
257030,Ambae,Shield,Shield | Caldera | Pyroclastic cone(s) | Tuff ring(s),Basalt / Picro-Basalt,,Subduction zone | Intermediate crust (15-25 km),73,1279,4326,73308,2026 CE,2025 Nov 24 - 2026 Mar 24 (continuing) || 2024 Jun 29 - 2024 Jun 30 || 2023 Dec 11 - 2023 Dec 21 || 2023 Feb 20 - 2023 May 28 || 2021 Dec 5 - 2022 Aug 15 ± 10 days || 2017 Sep 6 - 2018 Oct 30 (?) || 2016 Aug 18 - 2016 Aug 19 || 2011 Jun 4 - 2011 Jul 10 || 2005 Nov 27 - 2006 Feb 16 ± 15 days || 1995 Mar 2 - 1995 Mar 3 (?) || 1915 Jul 2 ± 1 years ± 182 days - Unknown || 1870 Jul 2 (?) ± 182 days - Unknown || 1670 (?) - Unknown || 1530 (?) - Unknown,,
257040,Ambrym,Shield,Shield(pyroclastic) | Caldera | Pyroclastic cone(s) | Maar(s),Basalt / Picro-Basalt | Andesite / Basaltic Andesite | Dacite,,Subduction zone | Intermediate crust (15-25 km),9,186,10826,63999,2024 CE,2024 Oct 31 - 2024 Nov 2 || 2024 Jan 13 - 2024 Jan 16 || 2022 Jan 25 - 2022 Feb 2 ± 1 days || 2008 May 23 - 2018 Dec 17 || 2006 Nov 8 - 2007 Dec 27 (on or after) || 1996 Jun 16 (on or before) ± 15 days - 2005 Aug 16 (on or after) ± 15 days || 1994 Dec 16 (on or before) ± 15 days - Unknown || 1990 Sep 16 (on or before) ± 15 days - 1991 Jul 16 (on or after) ± 15 days || 1989 Apr 24 - 1989 Dec 23 || 1988 Feb 12 (?) - 1988 Aug 23 || 1986 Nov 13 - 1986 Nov 19 (?) || 1984 Jul 2 ± 182 days - 1986 Mar 8 (on or after) || 1983 Jul 2 ± 182 days - Unknown || 1981 Feb 20 - 1981 Sep 30 || 1980 May 16 - 1980 Aug 18 || 1979 Jun 6 - 1979 Sep 16 (?) ± 15 days || 1979 Jan 26 ± 5 days - 1979 Feb 18 (?) || 1977 Aug 16 ± 15 days - 1977 Sep 30 || 1977 Jan 20 ± 5 days - 1977 Jan 28 (?) || 1973 Apr 15 ± 5 days - 1976 Oct 14 || 1972 Apr 15 - 1972 Aug 15 || 1971 Feb 3 - 1971 Nov 5 || 1967 Jul 16 ± 15 days - 1970 Aug 29 || 1964 Feb 16 (?) ± 15 days - 1966 Sep 16 (on or after) ± 15 days || 1963 Aug 30 - 1963 Sep 23 (on or after) || 1961 Aug 15 - 1963 Apr 3 || 1960 Sep 17 - Unknown || 1959 Apr 16 ± 15 days - Unknown || 1958 Nov 18 - Unknown || 1957 Aug 26 ± 5 days - 1957 Oct 16 ± 15 days || 1955 Jul 2 ± 182 days - Unknown || 1954 Jul 2 ± 182 days - Unknown || 1953 May 16 ± 15 days - 1953 Oct 13 (?) || 1952 Aug 10 - 1952 Dec 26 ± 5 days || 1950 Dec 6 - 1951 Nov 25 ± 5 days || 1942 Jun 6 - Unknown || 1938 Jul 2 ± 182 days - Unknown || 1937 Mar 27 - 1937 Apr 16 ± 15 days || 1935 Sep 16 ± 15 days - 1936 Jan 16 ± 15 days || 1929 Jun 28 - 1929 Jul 1 || 1927 Jan 27 (on or before) - 1927 Jan 27 (on or after) || 1915 Oct 20 - Unknown || 1913 Oct 14 - 1914 Jul 2 ± 182 days || 1912 Jul 2 ± 182 days - Unknown || 1910 Jul 2 ± 182 days - Unknown || 1909 Jul 28 (?) - Unknown || 1908 Jul 2 ± 182 days - Unknown || 1898 Mar 26 - Unknown || 1894 Oct 15 - 1895 Feb 10 (on or after) || 1888 Feb 24 ± 4 days - 1888 Apr 16 (?) ± 15 days || 1886 Jul 16 ± 15 days - Unknown || 1884 Jul 2 ± 182 days - Unknown || 1883 Jul 2 ± 182 days - Unknown || 1875 May 3 ± 2 days - Unknown || 1871 Jul 2 ± 182 days - Unknown || 1870 Jul 2 ± 182 days - Unknown || 1863 Jul 2 ± 182 days - 1864 Jul 2 ± 182 days || 1820 Jul 2 (?) ± 182 days - Unknown || 1774 Jul 2 ± 182 days - Unknown || 0050 ± 100 years - Unknown,,
257050,Lopevi,Composite,Stratovolcano | Pyroclastic cone(s),Basalt / Picro-Basalt | Andesite / Basaltic Andesite,,Subduction zone | Intermediate crust (15-25 km),690,793,7942,50310,2007 CE,2014 Dec 1 - 2014 Dec 15 || 2008 Feb 24 - 2008 Feb 24 (?) || 2007 Apr 21 - 2007 May 14 (?) || 2005 Oct 27 (?) - 2006 Aug 1 (?) || 2005 Jan 30 - 2005 Mar 31 (?) || 2004 Sep 16 ± 15 days - 2004 Sep 16 ± 15 days || 2003 Jun 8 - 2003 Jun 16 (?) || 2001 Jun 8 - 2001 Jun 19 (on or after) || 1998 Jul 16 ± 15 days - 2000 Apr 25 (?) || 1982 Oct 24 - 1982 Oct 25 || 1980 Apr 15 - 1980 Aug 20 || 1979 Jul 2 - 1979 Sep 12 || 1978 Nov 22 - 1979 Mar 16 ± 15 days || 1976 May 1 - 1976 Sep 5 || 1975 Mar 6 ± 3 days - 1975 Jun 23 || 1974 Jan 16 ± 15 days - 1974 Oct 7 || 1970 May 9 - 1972 Aug 7 || 1967 Jan 27 - 1969 Mar 31 || 1963 Jul 7 - 1965 Jul 2 ± 182 days || 1962 Jul 16 ± 15 days - 1962 Jul 16 (?) ± 15 days || 1960 Jul 10 - 1960 Sep 16 ± 15 days || 1939 Nov 1 - Unknown || 1939 Feb 2 - Unknown || 1933 Jul 2 ± 182 days - Unknown || 1922 Jun 28 - 1922 Jul 1 || 1908 Jul 2 ± 182 days - Unknown || 1898 Jun 3 - 1898 Jul 24 (?) || 1892 Oct 16 ± 15 days - 1893 Jul 2 ± 182 days || 1883 Jul 2 ± 182 days - 1884 Jul 2 ± 182 days || 1874 Jul 2 ± 182 days - Unknown || 1864 Jun 9 - Unknown || 1863 Jul 2 ± 182 days - Unknown,,
257060,East Epi,Cluster,Stratovolcano(es) | Caldera | Submarine(es),Basalt / Picro-Basalt | Andesite / Basaltic Andesite | Dacite,,Subduction zone | Intermediate crust (15-25 km),0,170,7819,52827,2023 CE,2023 Jan 31 - 2023 Feb 23 || 2004 Feb 16 - 2004 Feb 24 || 2002 Mar 16 ± 15 days - 2002 Mar 16 ± 15 days || 1999 Feb 1 ± 30 days - 1999 Feb 1 ± 30 days || 1988 Aug 16 ± 15 days - Unknown || 1979 Jul 2 ± 5 years ± 182 days - Unknown || 1974 Nov 16 ± 15 days - 1974 Nov 16 ± 15 days || 1973 May 5 ± 4 days - 1973 Oct 26 ± 5 days || 1972 May 15 ± 5 days - 1972 Jun 25 ± 5 days || 1971 Oct 28 - 1971 Nov 15 (?) || 1960 Jul 16 (?) ± 15 days - Unknown || 1958 Sep 16 (?) ± 15 days - 1958 Nov 16 (?) ± 15 days || 1953 Nov 16 ± 15 days - Unknown || 1953 Feb 12 - 1953 Feb 19 || 1920 Jan 22 - Unknown,,
257070,Kuwae,Caldera,Caldera | Submarine | Stratovolcano(es),Basalt / Picro-Basalt | Dacite | Andesite / Basaltic Andesite,,Subduction zone | Intermediate crust (15-25 km),2836,2836,5725,48609,1974 CE,1980 Aug 20 - Unknown || 1979 Sep 16 ± 15 days - Unknown || 1977 Feb 1 - Unknown || 1974 Feb 4 ± 4 days - 1974 Sep 16 (?) ± 15 days || 1973 May 5 ± 4 days - 1973 Oct 16 ± 15 days || 1972 Mar 5 ± 5 days - 1972 May 15 ± 5 days || 1971 Feb 22 - 1971 Feb 22 || 1970 Sep 12 - 1970 Sep 20 || 1959 Sep 18 (?) - 1959 Sep 20 (?) || 1958 Oct 7 (?) - 1958 Dec 18 || 1953 Feb 12 - Unknown || 1952 Oct 3 - 1952 Oct 3 || 1949 Oct 16 ± 15 days - 1949 Dec 16 ± 15 days || 1949 Apr 16 ± 15 days - Unknown || 1948 Sep 22 - 1948 Sep 29 || 1923 Jul 2 ± 182 days - 1925 Jul 2 ± 182 days || 1897 May 25 (?) - 1901 Jul 2 ± 182 days || 1425 ± 5 years - Unknown,,
257081,Nguna-Emau,Composite,Stratovolcano(es) | Caldera,Basalt / Picro-Basalt | Andesite / Basaltic Andesite | Trachyte / Trachydacite,,Subduction zone | Intermediate crust (15-25 km),3327,6497,26614,61663,Unknown - Evidence Credible,,,
257090,Traitor's Head,Composite,Stratovolcano | Pyroclastic cone(s),Basalt / Picro-Basalt | Andesite / Basaltic Andesite,,Subduction zone | Intermediate crust (15-25 km),207,380,7007,30651,1881 CE,1959 Jul 2 ± 182 days - Unknown || 1881 Jul 2 ± 182 days - Unknown,,
257100,Yasur,Composite,Stratovolcano | Caldera | Pyroclastic cone(s),Andesite / Basaltic Andesite,Basalt / Picro-Basalt,Subduction zone | Intermediate crust (15-25 km),3636,6068,24748,32427,2026 CE,1270 ± 110 years - 1774 || 1774 Jul 2 ± 182 days - 2026 Mar 16 (continuing) || 0708 ± 169 years - 1273 ± 111 years || 0434 ± 90 years - Unknown,,
258001,Gemini-Oscostar,Cluster,Stratovolcano | Submarine,Basalt / Picro-Basalt | Andesite / Basaltic Andesite,,Rift zone | Oceanic crust (< 15 km),0,0,0,187,1996 CE,1996 Feb 18 - 1996 Feb 22 (on or after),,
258010,Matthew Island,Composite,Stratovolcano,Andesite / Basaltic Andesite | Dacite,,Subduction zone | Crustal thickness unknown,1,1,1,1,1956 CE,1976 Nov 27 - Unknown || 1966 Aug 16 ± 15 days - Unknown || 1963 Sep 11 - 1964 Jul 2 ± 182 days || 1956 Jul 2 ± 2 years ± 182 days - Unknown || 1954 Oct 16 (?) ± 15 days - Unknown || 1949 Jul 2 (in or before) ± 182 days - Unknown || 1828 Jan 16 ± 15 days - Unknown,,
258020,Hunter Island,Composite,Stratovolcano | Lava dome,Andesite / Basaltic Andesite | Dacite,,Subduction zone | Crustal thickness unknown,0,0,0,1,1903 CE,1903 Jul 2 ± 182 days - Unknown || 1895 Nov 24 - Unknown || 1892 Jul 2 ± 182 days - Unknown || 1841 Mar 15 - Unknown || 1835 Jul 2 ± 182 days - Unknown || 1797 - Unknown,,
259010,Newer Volcanics Province,Cluster,Volcanic field | Shield(s) | Pyroclastic cone(s) | Tuff ring(s),Trachybasalt / Tephrite Basanite | Basalt / Picro-Basalt,Trachyte / Trachydacite | Andesite / Basaltic Andesite | Trachyandesite / Basaltic Trachyandesite,Intraplate | Continental crust (> 25 km),610361,610361,610361,610361,2900 BCE,2900 BCE ± 150 years - Unknown || 3000 BCE ± 500 years - Unknown || 5290 BCE (in or before) - Unknown || 5850 BCE (?) - Unknown,,
259804,McBride Volcanic Province,Cluster,Volcanic field | Pyroclastic cone(s) | Shield(s),,,Intraplate | Continental crust (> 25 km),,,,,5050 BCE,5050 BCE ± 2000 years - Unknown,,
260001,Narcondam,Composite,Stratovolcano,Andesite / Basaltic Andesite | Dacite,,Subduction zone | Continental crust (> 25 km),0,0,0,0,Pleistocene,,,
260010,Barren Island,Composite,Stratovolcano | Caldera | Pyroclastic cone,Basalt / Picro-Basalt | Andesite / Basaltic Andesite,,Subduction zone | Continental crust (> 25 km),645,645,645,5035,2026 CE,2025 Jul 30 - 2026 Jan 11 || 2024 Mar 15 - 2024 May 29 || 2022 Dec 30 - 2023 Aug 18 || 2022 May 15 - 2022 May 15 || 2019 Oct 23 - 2022 Jan 30 || 2018 Sep 25 - 2019 Nov 13 || 2019 Jan 12 - 2019 Apr 30 || 2017 Jan 15 - 2017 Mar 24 || 2015 Mar 17 - 2016 May 17 ± 1 days || 2013 Oct 12 - 2014 Jun 1 ± 15 days || 2013 Feb 16 - 2013 Feb 16 || 2010 Sep 17 - 2011 Jun 22 || 2008 May 13 - 2010 Apr 19 (?) || 2005 May 26 - 2007 Dec 23 (?) || 2000 Jan 16 ± 15 days - Unknown || 1994 Dec 20 (on or before) - 1995 Jun 5 ± 8 days || 1991 Apr 1 - 1991 Oct 31 ± 7 days || 1852 Jul 2 ± 182 days - Unknown || 1832 Mar 16 ± 15 days - Unknown || 1803 Nov 16 ± 15 days - 1804 Jan 31 (on or after) || 1795 Dec 20 - 1795 Dec 21 (on or after) || 1789 Mar 24 - Unknown || 1787 May 12 - Unknown || 8060 BCE ± 100 years - Unknown,,
261020,Seulawah Agam,Composite,Stratovolcano | Caldera(s),Andesite / Basaltic Andesite | Dacite,,Subduction zone | Continental crust (> 25 km),226,10555,306345,1565392,Pleistocene,,,
261030,Peuet Sague,Composite,Complex | Lava dome(s),Andesite / Basaltic Andesite | Dacite,,Subduction zone | Continental crust (> 25 km),53,144,16227,1862448,2000 CE,2000 Dec 25 - 2000 Dec 26 (on or after) || 1999 Mar 9 (?) - 1999 Apr 30 ± 3 days || 1998 Apr 19 - 1998 Apr 26 (?) || 1991 Jul 2 ± 182 days - Unknown || 1986 Jul 2 ± 182 days - Unknown || 1979 Jul 2 ± 182 days - Unknown || 1918 Jul 2 ± 182 days - 1921 Jul 2 ± 182 days,,
261050,Bur ni Telong,Composite,Stratovolcano | Lava dome(s),Andesite / Basaltic Andesite,,Subduction zone | Continental crust (> 25 km),1342,25733,125812,1631846,1937 CE,1937 Jul 2 ± 182 days - Unknown || 1924 Dec 7 - Unknown || 1919 Dec 16 ± 15 days - Unknown || 1856 Apr 14 - Unknown || 1839 Jan 12 - 1839 Jan 13 || 1837 Sep 25 ± 5 days - Unknown,,
261070,Singkut,Caldera,Caldera(s) | Stratovolcano(es) | Lava dome,Andesite / Basaltic Andesite | Dacite,,Subduction zone | Continental crust (> 25 km),11833,21448,228453,7958409,1881 CE,1881 Jul 2 ± 182 days - Unknown,,
261080,Sinabung,Composite,Stratovolcano,Andesite / Basaltic Andesite | Dacite,,Subduction zone | Continental crust (> 25 km),997,13801,163630,7646863,2021 CE,2020 Aug 8 - 2021 Sep 23 || 2019 May 7 (on or before) - 2019 Jun 9 || 2013 Sep 15 - 2018 Jun 22 || 2010 Aug 27 - 2010 Sep 17 || 1881 Jul 2 ± 182 days - Unknown || 0810 ± 70 years - Unknown,,
261090,Toba,Caldera,Caldera | Stratovolcano | Lava dome(s),Dacite | Rhyolite | Trachyandesite / Basaltic Trachyandesite | Andesite / Basaltic Andesite,,Subduction zone | Continental crust (> 25 km),125908,125908,168995,3437177,Pleistocene,,,
261110,Sibualbuali,Composite,Stratovolcano | Lava dome(s),Dacite | Rhyolite | Andesite / Basaltic Andesite,Basalt / Picro-Basalt,Subduction zone | Continental crust (> 25 km),2249,10838,404339,2481584,Pleistocene,,,
261111,Lubuk Raya,Composite,Stratovolcano | Lava dome,Andesite / Basaltic Andesite,Basalt / Picro-Basalt,Subduction zone | Continental crust (> 25 km),349,6931,445954,2208734,Pleistocene,,,
261120,Sorikmarapi,Composite,Stratovolcano,Andesite / Basaltic Andesite | Dacite,,Subduction zone | Continental crust (> 25 km),203,1469,90257,1831957,1986 CE,1996 May 5 - Unknown || 1986 Jul 5 - 1986 Jul 14 || 1970 Jul 2 ± 182 days - Unknown || 1917 May 20 - 1917 May 20 || 1893 Jan 4 - 1893 Jan 4 || 1892 May 21 - Unknown || 1888 Feb 16 ± 15 days - Unknown || 1879 Jul 2 ± 182 days - Unknown || 1866 Jul 2 ± 182 days - Unknown || 1829 Jul 2 (?) ± 182 days - Unknown,,
261121,Malintang,Composite,Stratovolcano | Caldera,Andesite / Basaltic Andesite,Dacite,Subduction zone | Continental crust (> 25 km),56,535,169047,1602138,Unknown - Evidence Credible,,,
261130,Talakmau,Composite,Complex,Andesite / Basaltic Andesite | Dacite,,Subduction zone | Continental crust (> 25 km),75,3261,352639,2728121,Unknown - Evidence Credible,1937 Sep 8 - Unknown,,
261140,Marapi,Composite,Complex,Andesite / Basaltic Andesite | Trachyandesite / Basaltic Trachyandesite | Basalt / Picro-Basalt,,Subduction zone | Continental crust (> 25 km),706,57453,818039,4059773,2026 CE,2023 Dec 3 - 2026 Mar 24 (continuing) || 2023 Jan 7 - 2023 Mar 17 || 2018 Apr 27 - 2018 May 2 || 2017 Jun 4 - 2017 Jun 4 || 2015 Nov 14 - 2015 Nov 14 || 2014 Feb 3 ± 2 days - 2014 Feb 26 || 2012 Sep 26 - 2012 Sep 26 || 2012 Mar 1 ± 3 days - 2012 May 18 || 2011 Aug 3 - 2011 Oct 12 || 2004 Aug 5 - 2004 Aug 5 (?) || 2001 Apr 13 - 2001 Jun 5 || 2000 Mar 11 - 2000 Apr 3 (on or after) || 1999 Apr 16 (on or before) ± 15 days - 1999 Sep 16 (on or after) ± 15 days || 1987 Jan 15 - 1994 Aug 12 (on or after) || 1984 Nov 15 - 1984 Nov 15 || 1983 Jul 2 ± 182 days - Unknown || 1982 Dec 16 ± 15 days - 1982 Dec 16 ± 15 days || 1982 Mar 10 (on or before) - 1982 May 16 ± 15 days || 1980 Mar 29 - Unknown || 1975 Jan 16 ± 15 days - 1979 Sep 11 || 1973 Jul 24 - 1973 Jul 24 || 1970 Jul 26 ± 5 days - 1971 Aug 20 || 1968 Dec 16 ± 15 days - 1968 Dec 16 ± 15 days || 1967 Apr 16 ± 15 days - 1967 Jul 16 ± 15 days || 1966 Mar 16 ± 15 days - 1966 Jun 16 ± 15 days || 1958 Oct 17 - 1958 Oct 25 || 1958 Jun 23 - 1958 Jun 23 (?) || 1954 Aug 16 ± 15 days - 1957 Dec 16 (on or after) ± 15 days || 1950 Sep 27 - 1952 Jun 14 || 1949 Oct 15 ± 5 days - 1949 Oct 22 ± 5 days || 1949 Apr 29 - 1949 Apr 30 || 1943 Jul 2 ± 5 years ± 182 days - Unknown || 1932 Jul 2 ± 182 days - Unknown || 1930 Apr 9 (on or before) - 1930 Dec 7 || 1929 Jun 22 - 1929 Jun 22 || 1927 Feb 5 - 1927 Aug 3 || 1925 Apr 16 (?) ± 15 days - Unknown || 1919 Feb 28 - 1919 Mar 1 || 1918 Aug 15 ± 5 days - 1918 Aug 15 ± 5 days || 1918 Mar 8 - 1918 Mar 10 || 1917 Jun 16 - 1917 Sep 16 || 1916 May 5 - 1916 Jul 7 || 1915 Dec 16 ± 15 days - Unknown || 1914 Jul 1 - Unknown || 1913 Jun 23 - 1913 Jul 31 || 1911 Nov 2 - Unknown || 1910 Jul 2 ± 182 days - Unknown || 1907 Dec 17 - 1908 Sep 16 ± 15 days || 1905 Nov 1 - Unknown || 1904 Apr 18 - 1904 Apr 18 || 1889 Mar 27 - 1889 Apr 17 (?) || 1888 Feb 19 - 1888 Mar 19 || 1886 Mar 31 - 1886 May 3 || 1885 Nov 12 - Unknown || 1883 Dec 16 ± 15 days - 1883 Dec 16 ± 15 days || 1883 Jun 25 - 1883 Aug 27 || 1878 Dec 16 ± 15 days - Unknown || 1876 Aug 16 ± 15 days - 1877 Jun 16 ± 15 days || 1876 Apr 4 - Unknown || 1871 Sep 24 - Unknown || 1871 Apr 24 - Unknown || 1863 May 23 - Unknown || 1861 Apr 16 ± 15 days - Unknown || 1855 Oct 2 - 1856 Jan 16 ± 15 days || 1854 Aug 29 (on or after) - Unknown || 1845 Nov 16 - 1845 Nov 18 || 1833 Jul 2 ± 182 days - 1834 Jul 2 ± 182 days || 1822 Jul 23 - 1822 Jul 31 || 1807 Jul 2 ± 182 days - Unknown || 1770 - Unknown,,
261150,Tandikat-Singgalang,Composite,Stratovolcano(es),Andesite / Basaltic Andesite,Dacite,Subduction zone | Continental crust (> 25 km),130,38799,604282,4022932,1924 CE,1924 Apr 16 ± 15 days - 1924 Apr 16 (?) ± 15 days || 1914 May 31 - Unknown || 1892 Jul 2 ± 182 days - Unknown || 1889 Feb 19 - 1889 Dec 4,,
261160,Talang,Composite,Stratovolcano,Andesite / Basaltic Andesite,,Subduction zone | Continental crust (> 25 km),1593,18512,214975,3283153,2007 CE,2007 Nov 27 - 2007 Dec 16 (?) ± 15 days || 2007 Mar 19 - 2007 Jun 22 ± 3 days || 2006 Sep 10 - 2006 Sep 10 || 2005 Apr 12 (?) - 2005 Jul 18 (?) || 2001 Sep 25 - 2001 Nov 15 ± 3 days || 1986 Jul 16 - 1986 Oct 13 || 1968 Sep 16 ± 15 days - 1968 Oct 16 ± 15 days || 1968 Jan 14 - 1968 Jan 14 (?) || 1967 Oct 10 - 1967 Oct 10 || 1963 Jul 2 ± 182 days - Unknown || 1876 Jul 2 (?) ± 182 days - Unknown || 1868 Jul 2 ± 3 years ± 182 days - Unknown || 1845 Apr 22 - Unknown || 1843 Oct 21 - Unknown || 1833 Oct 16 ± 15 days - Unknown,,
261170,Kerinci,Composite,Stratovolcano,Andesite / Basaltic Andesite,,Subduction zone | Continental crust (> 25 km),304,33878,264107,1437454,2024 CE,2024 May 28 - 2024 May 28 || 2022 Oct 15 - 2023 Feb 27 || 2018 Apr 21 - 2019 Oct 22 || 2019 Jan 19 - 2021 Jun 13 || 2017 Aug 13 - 2017 Aug 13 || 2016 Nov 15 - 2016 Nov 21 || 2016 Mar 31 - 2016 Jun 9 || 2013 Jun 2 - 2013 Jun 2 || 2011 Dec 15 - 2011 Dec 15 || 2009 Apr 1 (?) - 2009 Jun 19 (?) || 2008 Mar 24 - Unknown || 2007 Sep 9 - 2007 Sep 9 || 2004 Jun 22 (?) - 2004 Oct 24 (?) || 2001 May 12 - 2002 Aug 27 (?) || 1999 Mar 16 (on or before) ± 15 days - 1999 Sep 16 (on or after) ± 15 days || 1998 Nov 3 - Unknown || 1998 Jul 4 - 1998 Jul 4 || 1996 Aug 16 ± 15 days - 1996 Oct 16 (?) ± 15 days || 1990 Dec 31 ± 365 days - Unknown || 1971 Jun 16 ± 15 days - 1971 Jun 16 ± 15 days || 1969 Jul 2 ± 182 days - 1970 Jul 2 ± 182 days || 1968 Feb 3 - 1968 Mar 18 || 1967 Nov 2 - Unknown || 1966 Jun 9 - 1966 Jun 30 (on or after) || 1964 Jul 8 - 1964 Jul 8 (?) || 1963 Jul 16 ± 15 days - Unknown || 1960 Jul 16 ± 15 days - Unknown || 1952 Jan 16 ± 15 days - 1952 Jun 16 ± 15 days || 1938 Jan 19 - 1938 Mar 18 || 1937 Sep 8 - Unknown || 1936 Aug 30 - 1936 Aug 30 || 1936 Apr 29 - 1936 Apr 29 || 1923 Sep 16 ± 15 days - 1923 Sep 16 ± 15 days || 1921 May 16 ± 15 days - 1921 Jun 16 ± 15 days || 1908 Oct 16 ± 15 days - 1909 Jul 2 ± 182 days || 1887 Mar 23 - 1887 Mar 30 || 1878 Dec 11 - Unknown || 1874 Jul 2 (?) ± 182 days - Unknown || 1842 Jul 2 ± 182 days - Unknown || 1838 Jul 2 ± 182 days - Unknown,,
261180,Sumbing,Composite,Stratovolcano,Andesite / Basaltic Andesite | Dacite,,Subduction zone | Continental crust (> 25 km),3,304,49583,1209448,1921 CE,1921 May 23 - 1921 Jun 3 || 1909 Jun 3 - 1909 Jul 16 ± 15 days,,
261200,Bukit Hulu Lais,Composite,Compound,Basalt / Picro-Basalt | Andesite / Basaltic Andesite,,Subduction zone | Continental crust (> 25 km),9,21,45038,1566370,Pleistocene,,,
261210,Bukit Daun,Composite,Stratovolcano(es) | Caldera,Basalt / Picro-Basalt | Andesite / Basaltic Andesite,,Subduction zone | Continental crust (> 25 km),4088,42410,425096,2318233,Pleistocene,,,
261220,Kaba,Composite,Stratovolcano | Pyroclastic cone,Andesite / Basaltic Andesite,,Subduction zone | Continental crust (> 25 km),278,15352,333750,2608259,2000 CE,2000 Aug 22 (?) - 2000 Aug 27 (?) || 1956 Mar 22 - 1956 Mar 28 || 1952 Apr 1 - 1952 Apr 28 || 1950 Mar 16 ± 15 days - 1951 Apr 16 ± 15 days || 1939 Nov 19 - 1941 Mar 14 || 1918 Aug 9 - Unknown || 1907 Jul 2 ± 182 days - Unknown || 1873 Jul 2 ± 182 days - 1892 Nov 1 ± 30 days || 1868 Oct 16 ± 15 days - 1869 Jul 2 ± 182 days || 1853 Nov 16 ± 15 days - Unknown || 1838 Jul 2 ± 182 days - Unknown || 1834 Nov 16 ± 15 days - Unknown || 1833 Nov 24 - 1833 Nov 25,,
261230,Dempo,Composite,Stratovolcano(es) | Caldera,Andesite / Basaltic Andesite,,Subduction zone | Continental crust (> 25 km),124,9613,96058,2307584,2025 CE,2025 Aug 7 - 2025 Aug 29 || 2024 Nov 23 - 2025 Feb 2 || 2024 May 27 - 2024 May 31 || 2023 Jul 25 - 2023 Aug 21 || 2022 May 31 - 2022 May 31 || 2017 Nov 9 - 2017 Nov 9 || 2009 Jan 1 - 2009 Jan 1 || 2006 Sep 25 - 2006 Sep 25 || 1994 Oct 16 ± 15 days - 1994 Oct 16 ± 15 days || 1974 Feb 26 - 1974 Oct 20 || 1973 Jan 24 - 1973 Jan 25 || 1964 Feb 14 - 1964 Feb 14 || 1940 Jul 16 ± 15 days - Unknown || 1939 Dec 19 - 1940 Feb 21 || 1939 Jul 18 - 1939 Jul 30 || 1936 Nov 26 - 1936 Nov 27 || 1934 Jan 24 - 1934 Apr 25 || 1926 Apr 22 - 1926 Apr 24 || 1923 May 19 (?) - 1923 May 19 (?) || 1921 Apr 16 ± 15 days - 1921 Apr 16 ± 15 days || 1908 Feb 16 - 1908 Feb 17 || 1905 Jul 2 ± 182 days - Unknown || 1900 Oct 26 - 1900 Oct 27 || 1900 Jun 4 - 1900 Jun 4 || 1895 Jul 2 - 1895 Sep 30 || 1884 Jun 16 ± 15 days - 1884 Jul 16 ± 15 days || 1881 Dec 16 ± 15 days - 1881 Dec 16 ± 15 days || 1881 Feb 16 - Unknown || 1880 May 16 ± 15 days - Unknown || 1879 May 18 - Unknown || 1853 Jan 1 - Unknown || 1839 Jul 2 (?) ± 182 days - Unknown || 1817 Dec 31 ± 365 days - Unknown,,
261231,Patah,Composite,Stratovolcano?,No Data (checked),,Subduction zone | Continental crust (> 25 km),47,214,64024,1302916,Unknown - Unrest / Holocene,,,
261251,Ranau,Caldera,Caldera | Stratovolcano,Dacite | Andesite / Basaltic Andesite,,Subduction zone | Continental crust (> 25 km),12275,12275,21279,939197,Unknown - Evidence Uncertain,1903 Dec 9 - 1903 Dec 9 || 1887 Oct 7 - 1888 Jan 20,,
261270,Suoh,Cluster,Caldera(s) | Maar(s) | Lava dome(s),No Data (checked),,Subduction zone | Continental crust (> 25 km),837,2048,24619,1616500,2024 CE,2024 May 24 - 2024 May 24 || 1933 Jul 10 - 1933 Aug 5,,
261290,Rajabasa,Composite,Stratovolcano,Andesite / Basaltic Andesite,,Subduction zone | Continental crust (> 25 km),3534,144855,557060,7750607,Pleistocene,,,
262000,Krakatau,Caldera,Caldera | Stratovolcano | Pyroclastic cone,Andesite / Basaltic Andesite | Dacite | Basalt / Picro-Basalt,Trachyte / Trachydacite,Subduction zone | Continental crust (> 25 km),7177,7177,8027,6326159,2024 CE,2021 May 25 - 2021 Nov 7 || 2022 Feb 3 - 2023 Jul 20 || 2023 Sep 10 - 2023 Dec 20 || 2024 Feb 8 - 2024 Feb 20 || 2018 Jun 18 - 2020 Apr 17 || 2017 Feb 17 - 2017 Feb 19 || 2014 Mar 31 - 2014 Mar 31 || 2013 Oct 31 - 2013 Oct 31 || 2013 Mar 11 - 2013 Mar 29 || 2010 Oct 25 (?) - 2011 Mar 9 ± 8 days || 2011 May 17 - 2011 Nov 27 || 2012 Feb 4 - 2012 Jun 3 || 2012 Aug 30 - 2012 Sep 9 ± 1 days || 2009 Mar 25 (?) - 2009 Sep 16 (?) ± 15 days || 2007 Oct 23 - 2008 Aug 30 (?) || 2001 Jul 21 - 2001 Sep 17 (?) || 2000 May 29 - 2000 Oct 30 (?) || 1999 Feb 5 - 1999 Aug 16 (on or after) ± 15 days || 1997 Mar 16 (on or before) ± 15 days - 1997 May 16 (on or after) ± 15 days || 1996 Jul 16 (on or before) ± 15 days - 1996 Oct 16 (on or after) ± 15 days || 1994 Mar 19 - 1995 Jun 16 (on or after) ± 15 days || 1992 Nov 7 - 1993 Oct 16 ± 15 days || 1988 Feb 14 ± 5 days - 1988 Apr 16 (?) ± 15 days || 1981 Apr 24 - 1981 Oct 20 || 1980 Mar 15 ± 5 days - 1980 Dec 16 ± 15 days || 1979 Jul 15 ± 5 days - 1979 Nov 16 ± 15 days || 1978 Jul 10 - 1978 Nov 16 ± 15 days || 1975 Mar 27 - 1975 Oct 26 ± 5 days || 1972 Jun 10 ± 3 days - 1973 Jul 1 ± 30 days || 1969 Jul 2 ± 182 days - Unknown || 1965 Jul 2 (?) ± 182 days - Unknown || 1959 Dec 16 ± 15 days - 1963 Jul 2 ± 182 days || 1958 Oct 2 - 1959 Jun 25 ± 4 days || 1955 Feb 11 - Unknown || 1953 Sep 21 - 1953 Nov 25 || 1953 Mar 17 - 1953 May 1 (?) || 1952 Oct 10 - 1952 Oct 11 || 1950 Jul 3 - 1950 Jul 7 || 1949 May 12 - Unknown || 1946 Dec 26 ± 5 days - 1947 Aug 7 (on or after) || 1946 Jul 25 - 1946 Jul 25 || 1945 Jul 2 ± 182 days - Unknown || 1944 Jul 2 ± 182 days - Unknown || 1943 Jul 2 ± 182 days - Unknown || 1942 Jan 29 - 1942 Jan 30 || 1941 Jan 28 - 1941 Feb 12 || 1938 Jul 4 - 1940 Jul 2 || 1937 Aug 6 - 1937 Nov 23 || 1936 Oct 13 - 1936 Nov 16 ± 15 days || 1935 Jan 4 - 1935 Jul 12 || 1932 Nov 14 - 1934 Jun 9 || 1931 Sep 23 - 1932 Feb 17 || 1927 Dec 29 - 1930 Aug 15 || 1883 May 20 - 1883 Oct 21 (?) || 1684 Feb 1 - Unknown || 1680 May - 1681 Nov 19 (on or after) || 1530 - Unknown || 1320 (?) - Unknown || 1150 ± 50 years - Unknown || 1050 ± 50 years - Unknown || 0950 ± 50 years - Unknown || 0850 ± 50 years - Unknown || 0535 - Unknown || 0250 ± 50 years - Unknown,,
263010,Pulosari,Composite,Stratovolcano,Andesite / Basaltic Andesite | Basalt / Picro-Basalt,,Subduction zone | Continental crust (> 25 km),5739,42356,739785,20059788,Unknown - Evidence Credible,,,
263020,Karang,Composite,Stratovolcano,Andesite / Basaltic Andesite | Basalt / Picro-Basalt,,Subduction zone | Continental crust (> 25 km),1006,73942,1753655,23398992,Unknown - Evidence Uncertain,,,
263040,Perbakti-Gagak,Composite,Stratovolcano(es) | Lava dome(s),Andesite / Basaltic Andesite | Rhyolite | Dacite,,Subduction zone | Continental crust (> 25 km),1490,28784,2333456,36630568,1939 CE,1939 Apr 6 (on or before) - Unknown || 1938 Dec 16 ± 15 days - Unknown || 1936 Oct 26 - 1936 Oct 28 || 1935 May 31 ± 30 days - Unknown || 1929 Jul 2 ± 182 days - Unknown || 1923 Jun 16 ± 15 days - Unknown || 6450 BCE (?) - Unknown,,
263050,Salak,Composite,Stratovolcano | Lava dome(s) | Pyroclastic cone(s),Andesite / Basaltic Andesite | Basalt / Picro-Basalt,,Subduction zone | Continental crust (> 25 km),1367,80578,2675904,38154252,1938 CE,1938 Jan 31 ± 5 days - Unknown || 1935 Feb 16 ± 15 days - Unknown || 1919 Jul 2 ± 182 days - Unknown || 1902 Jul 2 ± 182 days - 1903 Jul 2 ± 182 days || 1780 - Unknown || 1699 Jan 5 - Unknown,,
263060,Gede-Pangrango,Composite,Stratovolcano(es) | Caldera(s),Andesite / Basaltic Andesite | Basalt / Picro-Basalt,,Subduction zone | Continental crust (> 25 km),2500,154390,2315469,40640105,1957 CE,1957 Mar 13 - 1957 Mar 13 || 1956 Apr 28 - 1956 Apr 28 || 1955 Jul 21 - 1955 Aug 2 || 1948 Nov 15 - 1949 Feb 5 || 1947 Sep 2 - 1948 Jan 28 || 1909 May 2 - 1909 May 2 || 1899 May 1 - 1899 May 14 || 1891 Jul 2 ± 182 days - Unknown || 1889 May 8 (on or before) - Unknown || 1888 Jul 2 ± 182 days - Unknown || 1887 Oct 22 - 1887 Oct 22 || 1886 Jun 10 - 1886 Aug 16 || 1885 Jan 16 ± 15 days - 1885 Feb 16 ± 15 days || 1870 Aug 16 ± 15 days - 1870 Oct 3 || 1866 Sep 18 - Unknown || 1853 Mar 14 - 1853 Mar 14 || 1852 May 28 - 1852 May 28 || 1848 May 8 - Unknown || 1847 Oct 17 - 1847 Oct 18 || 1845 Jan 23 - 1845 Mar 5 || 1843 Jul 28 - Unknown || 1840 Nov 12 - 1840 Dec 11 || 1839 Jul 2 ± 182 days - Unknown || 1832 Aug 29 - 1832 Aug 29 || 1761 - Unknown || 1747 - 1748,,
263070,Patuha,Composite,Stratovolcano,Andesite / Basaltic Andesite,,Subduction zone | Continental crust (> 25 km),12576,76063,1516827,23632738,Unknown - Evidence Credible,,,
263090,Tangkuban Parahu,Composite,Stratovolcano | Caldera,Andesite / Basaltic Andesite | Basalt / Picro-Basalt,,Subduction zone | Continental crust (> 25 km),100608,518822,5729309,32855731,2019 CE,2019 Jul 26 - 2019 Sep 17 || 2013 Oct 5 - 2013 Oct 5 || 2013 Feb 21 - 2013 Mar 6 || 1985 Nov 15 - 1985 Nov 15 || 1983 Sep 14 - Unknown || 1969 Jul 20 - 1969 Oct 21 || 1967 Jul 16 ± 15 days - 1967 Jul 16 ± 15 days || 1965 Oct 16 ± 15 days - 1965 Oct 16 ± 15 days || 1965 Feb 16 ± 15 days - 1965 Mar 16 ± 15 days || 1961 Jul 16 - 1961 Aug 1 || 1957 Jan 16 ± 15 days - 1957 Jan 16 ± 15 days || 1952 Jul 4 (?) - 1952 Jul 11 || 1929 May 20 - 1929 May 20 || 1926 Mar 1 - 1926 Jul 9 || 1910 Apr 7 - 1910 May 16 ± 15 days || 1896 May 22 - 1896 May 23 || 1846 May 27 - Unknown || 1842 Jul 2 ± 182 days - Unknown || 1829 Apr 1 - 1829 Apr 4 (?) || 1826 Oct 11 - 1826 Oct 11 || 7500 BCE ± 50 years - Unknown || 8020 BCE ± 50 years - Unknown,,
263100,Papandayan,Composite,Stratovolcano(es),Andesite / Basaltic Andesite,,Subduction zone | Continental crust (> 25 km),6835,163468,1637971,19312972,2002 CE,2002 Nov 11 - 2002 Dec 19 ± 3 days || 1942 Aug 15 - 1942 Aug 16 || 1923 Mar 11 - 1925 Mar 9 || 1772 Aug 12 - 1772 Aug 12,,
263110,Kendang,Composite,Stratovolcano | Lava dome,Andesite / Basaltic Andesite | Rhyolite,,Subduction zone | Continental crust (> 25 km),7758,89790,2601697,21174023,Pleistocene,,,
263130,Guntur,Composite,Complex | Stratovolcano,Andesite / Basaltic Andesite | Basalt / Picro-Basalt,,Subduction zone | Continental crust (> 25 km),4652,218012,3412038,24486191,1847 CE,1887 Jul 2 ± 182 days - Unknown || 1885 Jan 18 - Unknown || 1847 Oct 16 - 1847 Oct 28 || 1843 Nov 26 - 1843 Nov 26 || 1843 Jan 4 - 1843 Jan 4 || 1841 Nov 14 - 1841 Nov 14 || 1840 May 20 - 1840 May 24 || 1836 Oct 11 - Unknown || 1834 Dec 16 ± 15 days - 1835 Jan 16 ± 15 days || 1833 Sep 1 - Unknown || 1832 Aug 8 - 1832 Aug 13 || 1832 Jan 16 - Unknown || 1829 Jul 2 ± 182 days - Unknown || 1828 May 14 - 1828 Jul 8 || 1827 May 13 - Unknown || 1825 Jun 14 - 1825 Jun 15 || 1818 Oct 21 - 1818 Oct 24 || 1816 Sep 21 - Unknown || 1815 Aug 15 - Unknown || 1809 May 9 - Unknown || 1807 Sep 1 - 1807 Sep 6 || 1803 Apr 3 - 1803 Apr 15 || 1800 Jul 2 ± 182 days - Unknown || 1780 - Unknown || 1777 - Unknown || 1690 - Unknown,,
263131,Tampomas,Composite,Stratovolcano,Andesite / Basaltic Andesite,,Subduction zone | Continental crust (> 25 km),47404,194503,2301649,24709382,Unknown - Evidence Credible,,,
263140,Galunggung,Composite,Stratovolcano | Lava dome,Basalt / Picro-Basalt | Andesite / Basaltic Andesite,Rhyolite,Subduction zone | Continental crust (> 25 km),4781,66495,2382939,23897342,1984 CE,1984 Jan 9 - 1984 Jan 31 (?) || 1982 Apr 5 - 1983 Jan 8 || 1918 Jul 17 - 1918 Jul 30 || 1894 Oct 17 - 1894 Dec 16 ± 15 days || 1822 Oct 8 - 1822 Dec 1 ± 30 days || 0850 ± 50 years - Unknown || 2250 BCE ± 150 years - Unknown,,
263150,Talagabodas,Composite,Stratovolcano | Lava dome,Basalt / Picro-Basalt | Andesite / Basaltic Andesite,,Subduction zone | Continental crust (> 25 km),7953,68266,2388005,24525517,Unknown - Unrest / Holocene,,,
263170,Ciremai,Composite,Stratovolcano,Andesite / Basaltic Andesite,,Subduction zone | Continental crust (> 25 km),915,67377,3058015,25718820,1951 CE,2015 Jun 24 - 2015 Jun 24 || 1951 Mar 1 - 1951 Mar 2 || 1937 Jun 24 - 1938 Jan 7 || 1805 Apr 16 ± 15 days - Unknown || 1775 Jan 4 - Unknown || 1772 Aug 11 - 1772 Aug 12 || 1698 Feb 3 - Unknown,,
263180,Slamet,Composite,Stratovolcano | Pyroclastic cone(s),Basalt / Picro-Basalt | Andesite / Basaltic Andesite,Dacite,Subduction zone | Continental crust (> 25 km),856,13401,2904026,20217467,2014 CE,2014 Mar 8 - 2014 Sep 18 || 2009 Apr 21 - 2009 Jun 22 (?) || 2000 Jul 16 (?) ± 15 days - 2000 Oct 16 (?) ± 15 days || 1999 May 1 (?) - 1999 Sep 16 (?) ± 15 days || 1988 Jul 12 - 1988 Jul 13 || 1974 May 29 - 1974 May 29 || 1973 Aug 16 ± 15 days - Unknown || 1969 Jun 23 - 1969 Aug 16 ± 15 days || 1967 May 7 - 1967 Jul 16 ± 15 days || 1966 Jul 2 ± 182 days - Unknown || 1960 Dec 16 ± 15 days - 1961 Jan 16 ± 15 days || 1958 Sep 13 - 1958 Nov 5 ± 4 days || 1958 Apr 17 - 1958 May 7 || 1957 Feb 8 - 1957 Feb 8 || 1955 Nov 12 - 1955 Dec 20 (?) || 1953 Aug 16 ± 15 days - 1953 Oct 16 ± 15 days || 1951 Jun 26 - 1952 Jan 1 || 1951 Feb 11 - Unknown || 1948 Nov 14 - 1948 Dec 15 || 1944 May 9 - 1944 Oct 30 || 1943 Oct 2 - 1944 Jan 5 || 1943 Mar 18 - Unknown || 1940 Mar 15 - 1940 Apr 15 || 1939 Dec 4 - 1939 Dec 4 || 1939 Mar 29 - 1939 Jul 15 || 1937 Jul 2 ± 182 days - Unknown || 1934 Jul 2 ± 182 days - Unknown || 1933 May 12 - 1933 May 13 || 1932 Jul 1 - 1932 Sep 10 || 1930 Apr 2 - 1930 Apr 13 || 1929 Jun 6 - 1929 Jun 15 || 1928 Mar 20 - 1928 May 12 || 1927 Feb 27 - 1927 Feb 27 || 1926 Nov 23 ± 1 days - 1926 Nov 30 || 1923 Jun 2 - 1923 Jun 2 || 1904 Jul 14 - 1904 Aug 9 || 1890 Aug 6 - 1890 Aug 29 || 1885 Mar 21 - 1885 Mar 30 || 1875 Nov 2 ± 2 days - 1875 Dec 26 ± 5 days || 1875 May 29 (on or before) - 1875 Jun 4 ± 4 days || 1860 Mar 19 - 1860 Apr 11 || 1849 Dec 1 - Unknown || 1847 Mar 20 - Unknown || 1835 Sep 16 ± 15 days - 1835 Sep 16 ± 15 days || 1825 Oct 16 ± 15 days - Unknown || 1772 Aug 11 - 1772 Aug 12,,
263200,Dieng Volcanic Complex,Composite,Complex,Andesite / Basaltic Andesite | Basalt / Picro-Basalt,,Subduction zone | Continental crust (> 25 km),1092929,1092929,1886942,24381814,2025 CE,2024 Dec 18 - 2025 Jan 6 || 2021 Apr 29 - 2021 Apr 29 || 2018 Apr 1 - 2018 Apr 1 || 2017 Apr 30 - 2017 Jul 2 || 2009 Sep 27 - 2009 Sep 27 || 2009 Jan 15 - 2009 Jan 15 || 2003 Jul 16 ± 15 days - 2003 Jul 16 ± 15 days || 1996 Dec 31 - 1996 Dec 31 || 1993 Jan 23 - 1993 Jan 23 (?) || 1986 Aug 6 - 1986 Aug 6 || 1981 Jul 2 ± 182 days - Unknown || 1979 Feb 20 - 1979 Feb 20 || 1964 Dec 13 - 1964 Dec 13 || 1956 Jun 2 - 1956 Jun 2 || 1954 Dec 6 - 1954 Dec 6 || 1953 Mar 24 - 1953 Mar 25 || 1952 Jul 16 ± 15 days - Unknown || 1944 Dec 4 - Unknown || 1943 Nov 3 - Unknown || 1939 Oct 13 - 1939 Oct 15 || 1928 May 13 - Unknown || 1883 Dec 26 ± 5 days - 1884 Mar 18 || 1847 Dec 4 - Unknown || 1826 Oct 11 - 1826 Oct 15 || 1825 Jul 2 ± 182 days - Unknown || 1786 - Unknown || 1776 - Unknown || 1766 - Unknown || 1375 ± 75 years - Unknown || 1180 ± 100 years - Unknown || 0050 BCE ± 100 years - Unknown || 0500 BCE ± 75 years - Unknown || 6590 BCE ± 150 years - Unknown,,
263210,Sundoro,Composite,Stratovolcano | Pyroclastic cone(s) | Lava dome,Andesite / Basaltic Andesite | Basalt / Picro-Basalt,,Subduction zone | Continental crust (> 25 km),52462,496751,2086299,24996512,1971 CE,1971 Oct 29 - 1971 Nov 9 || 1906 Sep 22 - 1906 Dec 20 || 1903 Oct 17 - 1903 Oct 21 (?) || 1902 May 1 - 1902 May 25 || 1887 Nov 13 - 1887 Nov 14 || 1883 Aug 16 (?) ± 15 days - Unknown || 1882 Apr 1 - 1882 Apr 7 || 1818 Jul 2 ± 182 days - Unknown || 1806 Jul 2 (?) ± 182 days - Unknown || 0470 (?) - Unknown || 0230 (?) - Unknown,,
263220,Sumbing,Composite,Stratovolcano | Pyroclastic cone(s),Andesite / Basaltic Andesite | Basalt / Picro-Basalt | Dacite,,Subduction zone | Continental crust (> 25 km),15294,310361,2425607,25707858,1730 CE,1730 (?) - Unknown,,
263230,Ungaran,Composite,Stratovolcano,Trachyandesite / Basaltic Trachyandesite | Trachybasalt / Tephrite Basanite | Basalt / Picro-Basalt,,Subduction zone | Continental crust (> 25 km),6705,110008,4595534,25639073,Pleistocene,,,
263231,Telomoyo,Composite,Stratovolcano | Pyroclastic cone,Andesite / Basaltic Andesite | Basalt / Picro-Basalt,,Subduction zone | Continental crust (> 25 km),38661,166844,2794587,25617237,Pleistocene,,,
263240,Merbabu,Composite,Stratovolcano,Basalt / Picro-Basalt | Trachyandesite / Basaltic Trachyandesite | Andesite / Basaltic Andesite,,Subduction zone | Continental crust (> 25 km),19996,249747,3019783,25096234,1797 CE,1797 - Unknown || 1570 - Unknown || 1560 - Unknown,,
263250,Merapi,Composite,Stratovolcano | Lava dome(s),Andesite / Basaltic Andesite | Trachyandesite / Basaltic Trachyandesite,Basalt / Picro-Basalt | Trachybasalt / Tephrite Basanite,Subduction zone | Continental crust (> 25 km),49205,185849,4348473,24728414,2026 CE,2020 Dec 31 - 2026 Mar 25 (continuing) || 2018 May 11 - 2018 Jun 2 || 2018 Aug 12 - 2019 Nov 17 || 2020 Jan 4 - 2020 Jun 21 || 2014 Mar 9 - 2014 Apr 20 || 2013 Nov 18 - 2013 Nov 18 || 2013 Jul 22 - 2013 Jul 22 || 2011 Mar 25 - 2011 Sep 8 || 2010 Sep 1 (on or after) - 2010 Oct 26 || 2010 Oct 26 - 2010 Nov 29 || 2010 Nov 23 - 2011 Apr 14 || 2008 May 19 - Unknown || 2006 Mar 16 ± 15 days - 2007 Aug 9 (?) || 1992 Jan 20 - 2002 Oct 19 (?) || 1986 Oct 10 - 1990 Aug 16 (?) ± 15 days || 1972 Oct 6 - 1985 Mar 16 ± 15 days || 1971 Jan 16 ± 15 days - 1971 Jul 26 || 1967 Jan 12 - 1970 Jul 2 (?) ± 182 days || 1961 Apr 11 - 1961 Nov 28 || 1953 Mar 2 - 1958 Dec 16 ± 15 days || 1948 Sep 29 - 1948 Dec 16 ± 15 days || 1942 May 30 - 1945 May 16 ± 15 days || 1939 Dec 13 - 1940 Sep 16 ± 15 days || 1933 Oct 1 - 1935 Apr 16 ± 15 days || 1932 Nov 16 ± 15 days - Unknown || 1930 Nov 25 - 1931 Sep 16 ± 15 days || 1924 Sep 10 - 1924 Sep 12 ± 1 days || 1923 Sep 16 ± 15 days - 1923 Nov 16 ± 15 days || 1922 Feb 18 - 1922 Aug 8 || 1920 Jul 25 - 1921 Feb 16 ± 15 days || 1918 Jan 16 ± 15 days - Unknown || 1915 Mar 28 - 1915 May 15 || 1909 Feb 1 - 1913 May 16 ± 15 days || 1908 Jul 16 ± 15 days - Unknown || 1906 Jan 26 ± 5 days - 1907 Feb 17 || 1905 Jan 16 ± 15 days - 1905 Jun 1 || 1902 Dec 16 ± 15 days - 1904 Jun 20 ± 5 days || 1902 Feb 3 - 1902 Feb 3 || 1897 Jul 2 ± 182 days - Unknown || 1894 Oct 16 ± 15 days - Unknown || 1894 Jan 27 - 1894 Feb 2 || 1893 Oct 16 ± 15 days - Unknown || 1891 Aug 25 - 1892 Jul 2 ± 182 days || 1889 Jul 2 ± 182 days - Unknown || 1888 Aug 18 - 1888 Dec 20 || 1885 Feb 24 ± 4 days - 1887 Jul 2 ± 182 days || 1883 Jan 16 (?) ± 15 days - 1884 Nov 16 ± 15 days || 1878 Jul 2 ± 182 days - 1879 Jun 20 || 1872 Nov 3 - 1873 Jan 16 (?) ± 15 days || 1872 Apr 15 - 1872 Apr 21 || 1865 Oct 24 - 1871 Aug 16 (?) ± 15 days || 1862 May 26 - 1864 Jul 2 ± 182 days || 1861 Jul 2 ± 182 days - Unknown || 1854 Sep 16 ± 15 days - Unknown || 1849 Sep 14 - 1849 Sep 24 || 1849 Apr 26 - 1849 Apr 26 || 1848 Jan 8 - Unknown || 1846 Sep 2 - 1847 Oct 16 ± 15 days || 1846 Apr 6 - Unknown || 1840 Jan 4 - Unknown || 1837 Aug 10 - 1838 Jun 16 ± 15 days || 1832 Dec 25 - 1836 Jul 2 ± 182 days || 1828 Dec 18 - 1828 Dec 19 || 1822 Dec 27 - 1823 Apr 6 || 1812 Jul 2 ± 182 days - 1822 Jul 2 ± 182 days || 1810 Jul 2 ± 182 days - Unknown || 1807 Jul 2 ± 182 days - Unknown || 1797 - Unknown || 1791 (in or before) - Unknown || 1786 Jul 17 - Unknown || 1768 Aug 19 - Unknown || 1755 - Unknown || 1752 - Unknown || 1745 - Unknown || 1678 Aug 19 - Unknown || 1677 - Unknown || 1672 Aug 4 - Unknown || 1663 Dec 31 ± 365 days - Unknown || 1658 - Unknown || 1587 - Unknown || 1586 - Unknown || 1584 - Unknown || 1560 - Unknown || 1554 - Unknown || 1548 - Unknown || 1480 ± 300 years - Unknown || 1440 ± 100 years - Unknown || 1380 ± 300 years - Unknown || 1300 ± 75 years - Unknown || 1230 ± 200 years - Unknown || 1190 ± 30 years - Unknown || 1140 ± 150 years - Unknown || 1090 ± 100 years - Unknown || 1010 ± 25 years - Unknown || 0940 ± 100 years - Unknown || 0870 ± 100 years - Unknown || 0680 ± 200 years - Unknown || 0630 ± 30 years - Unknown || 0540 ± 50 years - Unknown || 0480 ± 75 years - Unknown || 0410 ± 150 years - Unknown || 0280 ± 150 years - Unknown || 0190 ± 300 years - Unknown || 0120 ± 75 years - Unknown || 0020 ± 300 years - Unknown || 0340 BCE ± 500 years - Unknown || 0700 BCE ± 150 years - Unknown || 1010 BCE ± 200 years - Unknown || 1180 BCE ± 75 years - Unknown || 1410 BCE ± 50 years - Unknown || 1770 BCE ± 75 years - Unknown || 1890 BCE ± 55 years - Unknown || 2910 BCE ± 150 years - Unknown || 4690 BCE ± 75 years - Unknown || 7310 BCE ± 300 years - Unknown || 8780 BCE ± 150 years - Unknown,,
263251,Muria,Composite,Stratovolcano | Lava dome(s) | Pyroclastic cone(s) | Maar(s),Trachybasalt / Tephrite Basanite | Trachyte / Trachydacite | Phonolite | Basalt / Picro-Basalt | Andesite / Basaltic Andesite,,Subduction zone | Continental crust (> 25 km),212,7653,1587867,13061031,Pleistocene,0160 BCE ± 300 years - Unknown,,
263260,Lawu,Composite,Stratovolcano | Complex | Lava dome,Andesite / Basaltic Andesite | Basalt / Picro-Basalt,,Subduction zone | Continental crust (> 25 km),2171,68175,2344575,24931156,Unknown - Evidence Uncertain,,,
263270,Wilis,Composite,Stratovolcano,Andesite / Basaltic Andesite,,Subduction zone | Continental crust (> 25 km),514,5376,2150615,21455776,Pleistocene,,,
263280,Kelud,Composite,Stratovolcano | Lava dome(s),Andesite / Basaltic Andesite | Basalt / Picro-Basalt,,Subduction zone | Continental crust (> 25 km),279,50901,2087876,24999627,2014 CE,2013 Sep 10 - 2014 Feb 13 || 2014 Feb 13 - 2014 Feb 15 || 2007 Oct 16 (?) ± 15 days - 2008 Apr 16 (on or before) ± 15 days || 1990 Feb 10 - 1990 Mar 13 ± 45 days || 1967 Dec 11 - 1967 Dec 11 || 1967 Feb 18 - 1967 Feb 18 || 1966 Apr 26 - 1966 Apr 27 || 1951 Aug 31 - 1951 Aug 31 || 1920 Dec 6 - 1920 Dec 12 || 1919 May 19 - 1919 May 20 || 1901 May 22 - 1901 May 23 || 1864 Jan 4 (?) - 1864 Jan 4 (?) || 1851 Jan 24 - Unknown || 1849 Jul 2 ± 182 days - Unknown || 1848 May 16 - 1848 May 17 || 1835 Jul 2 ± 182 days - Unknown || 1826 Oct 11 - 1826 Oct 25 || 1825 Jul 2 ± 182 days - Unknown || 1811 Jun 5 - Unknown || 1785 - Unknown || 1776 - Unknown || 1771 Jan 10 - Unknown || 1756 - Unknown || 1752 May 1 - Unknown || 1716 Jul 20 - Unknown || 1641 - Unknown || 1586 - Unknown || 1548 - Unknown || 1500 (?) - Unknown || 1481 - Unknown || 1462 - Unknown || 1451 - Unknown || 1450 - Unknown || 1411 - Unknown || 1395 - Unknown || 1385 - Unknown || 1376 - Unknown || 1334 - Unknown || 1311 - Unknown || 1000 - Unknown || 0230 BCE ± 300 years - Unknown,,
263281,Kawi-Butak,Composite,Stratovolcano(es),No Data (checked),,Subduction zone | Continental crust (> 25 km),507,127978,2927446,24141573,Unknown - Evidence Credible,,,
263290,Arjuno-Welirang,Composite,Stratovolcano | Pyroclastic cone(s),Andesite / Basaltic Andesite | Basalt / Picro-Basalt,,Subduction zone | Continental crust (> 25 km),2584,53983,4143137,25385433,1952 CE,1991 Sep 13 - Unknown || 1952 Aug 15 ± 5 days - Unknown || 1950 Oct 30 - Unknown,,
263291,Penanggungan,Composite,Stratovolcano | Pyroclastic cone(s) | Lava dome(s),Andesite / Basaltic Andesite | Trachyandesite / Basaltic Trachyandesite | Basalt / Picro-Basalt,,Subduction zone | Continental crust (> 25 km),19435,416275,4605710,25773159,Unknown - Evidence Credible,0200 (?) - Unknown,,
263300,Semeru,Composite,Stratovolcano | Pyroclastic cone(s) | Fissure vent(s),Andesite / Basaltic Andesite | Basalt / Picro-Basalt,,Subduction zone | Continental crust (> 25 km),2686,8375,1022197,20098931,2026 CE,2019 Feb 24 - 2026 Mar 25 (continuing) || 2017 Jun 6 - 2018 Oct 31 || 2014 Apr 1 ± 15 days - 2017 Jan 9 || 2013 Oct 18 - 2013 Oct 18 || 2011 May 13 (on or before) - 2011 Sep 14 (on or after) || 2011 Dec 29 - 2012 Jul 20 (?) || 2010 Jan 5 - 2010 Nov 29 || 1967 Aug 31 - 2009 Mar 15 || 1950 Jul 23 - 1964 Dec 16 ± 15 days || 1946 Oct 29 - 1947 Jun 16 ± 15 days || 1946 Feb 16 ± 15 days - 1946 May 16 ± 15 days || 1945 Jun 12 - 1945 Jun 18 || 1941 Sep 21 - 1942 Feb 16 ± 15 days || 1915 Jul 2 ± 1 years ± 182 days - Unknown || 1913 Jun 23 - 1913 Jun 26 (?) || 1912 Aug 28 - Unknown || 1911 Nov 8 - 1911 Dec 16 ± 15 days || 1910 Nov 16 - 1911 Feb 16 ± 15 days || 1909 Sep 16 ± 15 days - 1910 Mar 22 || 1908 Jan 16 ± 15 days - 1908 Dec 16 ± 15 days || 1907 Jul 9 (on or before) - Unknown || 1907 Jan 7 - 1907 Jan 10 || 1905 Aug 4 - Unknown || 1904 Jan 2 - 1904 Jan 16 || 1903 Mar 26 - 1903 Jun 16 ± 15 days || 1901 Jan 29 - 1901 Jan 30 (on or after) || 1900 Mar 29 - 1900 Apr 11 (on or after) || 1899 Dec 16 ± 15 days - Unknown || 1899 Aug 11 - Unknown || 1899 Jan 17 - 1899 Mar 31 (?) || 1898 Feb 23 - Unknown || 1897 Jan 1 - 1897 Jan 3 || 1896 May 16 ± 15 days - 1896 Jun 16 ± 15 days || 1895 May 22 - 1895 Oct 1 || 1893 Dec 11 - 1894 Feb 16 ± 15 days || 1893 Jan 16 ± 15 days - 1893 May 16 ± 15 days || 1892 Mar 16 ± 15 days - 1892 Apr 16 ± 15 days || 1889 Jan 16 ± 15 days - 1891 May 31 (on or after) || 1888 Feb 16 ± 15 days - 1888 Oct 16 ± 15 days || 1887 Aug 16 (?) ± 15 days - 1887 Oct 11 || 1887 Feb 16 ± 15 days - 1887 Mar 16 ± 15 days || 1886 Jan 25 - 1886 Aug 26 ± 5 days || 1884 Dec 10 (?) - 1885 Sep 16 ± 15 days || 1879 Jul 2 ± 182 days - Unknown || 1878 Jul 2 ± 182 days - Unknown || 1877 Sep 16 ± 15 days - Unknown || 1877 Apr 16 ± 15 days - Unknown || 1872 Oct 23 - 1872 Oct 23 || 1867 Apr 15 ± 5 days - 1867 May 16 ± 15 days || 1866 Jul 2 ± 182 days - Unknown || 1865 Apr 15 ± 5 days - Unknown || 1860 Apr 16 ± 15 days - 1860 Jun 16 ± 15 days || 1857 Aug 13 - 1857 Sep 16 ± 15 days || 1856 Sep 10 - Unknown || 1851 Jan 16 ± 15 days - Unknown || 1849 Jul 2 ± 182 days - Unknown || 1848 Aug 4 - Unknown || 1848 Feb 16 ± 15 days - Unknown || 1845 Jan 16 ± 15 days - 1845 Jul 16 ± 15 days || 1844 Sep 25 - 1844 Sep 27 || 1842 Jan 16 ± 15 days - 1842 Mar 16 ± 15 days || 1838 Jul 16 ± 15 days - 1838 Oct 18 || 1836 Aug 3 - 1836 Aug 5 || 1832 Apr 18 - Unknown || 1830 Dec 15 - 1830 Dec 16 || 1829 Feb 16 ± 15 days - Unknown || 1818 Nov 8 - Unknown,,
263310,Tengger Caldera,Composite,Stratovolcano(es) | Caldera(s) | Pyroclastic cone(s) | Lava dome(s) | Maar,Trachyandesite / Basaltic Trachyandesite | Basalt / Picro-Basalt | Andesite / Basaltic Andesite,,Subduction zone | Continental crust (> 25 km),27826,69451,1420878,22628278,2023 CE,2023 Dec 13 - 2023 Dec 13 || 2021 Apr 15 - 2021 Oct 22 || 2020 Dec 26 - 2020 Dec 28 || 2019 Feb 18 - 2019 Jul 28 || 2015 Nov 12 - 2016 Nov 12 || 2010 Nov 8 - 2010 Nov 26 || 2010 Nov 26 - 2011 Jun 13 || 2004 Jun 8 - 2004 Jun 24 ± 3 days || 2000 Nov 29 - 2001 Jan 15 (on or after) || 1995 Sep 9 - 1995 Dec 16 ± 15 days || 1995 Mar 3 - 1995 May 26 ± 5 days || 1984 May 12 - 1984 May 31 || 1983 Dec 21 - 1983 Dec 21 || 1983 Apr 15 ± 5 days - 1983 Jun 28 ± 1 days || 1980 Jun 5 ± 1 days - 1980 Sep 20 || 1972 Jan 26 - 1972 Mar 16 ± 15 days || 1956 Jun 16 ± 15 days - 1956 Jul 16 (?) ± 15 days || 1955 Dec 29 - 1955 Dec 30 || 1950 May 27 - 1950 Aug 16 ± 15 days || 1948 Feb 15 - 1948 Apr 25 || 1940 Apr 25 - 1940 Jul 3 (on or after) || 1939 Jun 24 - 1939 Jul 16 ± 15 days || 1935 Jul 16 ± 15 days - Unknown || 1930 May 30 - 1930 Jul 16 ± 15 days || 1929 Aug 7 - 1929 Sep 8 || 1928 Dec 16 - Unknown || 1928 Mar 15 ± 5 days - 1928 Jul 16 ± 15 days || 1922 Feb 5 - 1922 Jun 20 || 1921 Jun 16 ± 15 days - 1921 Oct 17 || 1915 Nov 16 ± 15 days - 1916 Jun 16 ± 15 days || 1910 Jan 18 - 1910 Jan 21 || 1909 Jan 12 - 1909 Jan 14 || 1907 Dec 14 - 1908 Feb 13 || 1907 Aug 28 - Unknown || 1906 Sep 25 - 1907 May 18 || 1896 Jul 2 ± 182 days - Unknown || 1893 Jan 13 - 1893 Mar 27 || 1890 May 16 ± 15 days - 1890 Sep 16 ± 15 days || 1888 Feb 27 - Unknown || 1886 Nov 11 - 1887 Jan 25 || 1886 Apr 15 - 1886 Apr 26 || 1885 Oct 31 - 1886 Jan 10 || 1885 Jun 16 (?) ± 15 days - Unknown || 1877 Apr 24 (?) - Unknown || 1867 Dec 13 - 1868 Jan 12 || 1866 Jul 16 ± 15 days - Unknown || 1865 Dec 1 - 1865 Dec 18 || 1865 Apr 16 ± 15 days - 1865 May 16 ± 15 days || 1860 Jun 12 - 1860 Jun 14 || 1859 Jan 30 - 1859 Mar 4 ± 4 days || 1858 Oct 18 - Unknown || 1858 Mar 4 - Unknown || 1857 Jul 2 ± 182 days - Unknown || 1856 Sep 10 - Unknown || 1844 Nov 9 - Unknown || 1843 Jan 16 ± 15 days - Unknown || 1842 Jan 24 - 1842 Jun 16 ± 15 days || 1835 Jul 2 ± 182 days - Unknown || 1830 Dec 15 - 1830 Dec 16 || 1830 Mar 3 - Unknown || 1829 Nov 5 - 1829 Nov 11 || 1825 Nov 5 - 1825 Nov 8 || 1822 Dec 28 - 1823 Jan 5 ± 4 days || 1820 Jul 2 ± 182 days - Unknown || 1815 Apr 5 - 1815 Apr 17 (on or after) || 1804 Sep 16 ± 15 days - Unknown || 1775 - Unknown || 1767 - Unknown || 1590 ± 50 years - Unknown || 0330 ± 50 years - Unknown || 0190 ± 50 years - Unknown || 0830 BCE ± 50 years - Unknown || 5260 BCE ± 780 years - Unknown,,
263320,Lamongan,Composite,Stratovolcano | Maar(s) | Pyroclastic cone(s),Basalt / Picro-Basalt,Andesite / Basaltic Andesite | Trachybasalt / Tephrite Basanite | Trachyandesite / Basaltic Trachyandesite,Subduction zone | Continental crust (> 25 km),6588,66387,2193829,15322387,1898 CE,1953 Apr 4 - 1953 Jun 16 ± 15 days || 1898 Feb 5 - 1898 Feb 15 || 1896 Sep 5 - 1896 Sep 19 (on or after) || 1893 Nov 18 - Unknown || 1891 Sep 25 ± 5 days - 1891 Oct 5 ± 4 days || 1890 Sep 5 ± 4 days - 1891 Jan 16 (on or after) ± 15 days || 1890 Mar 23 ± 8 days - 1890 May 16 ± 15 days || 1889 Sep 7 - 1889 Nov 16 ± 15 days || 1888 Sep 16 ± 15 days - 1888 Oct 6 || 1887 Nov 16 ± 15 days - 1888 Feb 27 || 1887 Jul 3 ± 1 days - 1887 Jul 9 || 1885 Mar 11 - 1886 Oct 15 ± 5 days || 1884 Jan 6 - 1884 Jun 23 || 1883 Apr 13 - 1883 May 4 ± 1 days || 1877 Apr 24 (?) - 1877 May 12 (?) || 1874 May 20 - 1874 Aug 21 || 1872 Aug 15 - 1872 Sep 18 || 1870 Aug 18 - 1871 Feb 5 ± 1 days || 1870 Mar 2 - 1870 Mar 5 || 1869 Sep 12 - Unknown || 1869 Apr 6 - 1869 May 4 || 1864 Jun 9 - 1864 Jul 16 ± 15 days || 1861 Jul 2 ± 182 days - Unknown || 1859 Feb 27 - 1859 Mar 16 ± 15 days || 1856 Mar 1 - 1856 Jun 14 || 1849 Jun 16 ± 15 days - 1849 Sep 16 ± 15 days || 1847 Sep 25 - Unknown || 1847 Mar 26 - 1847 Jun 26 || 1843 Aug 16 ± 15 days - 1844 Sep 16 ± 15 days || 1841 Jul 16 - 1842 Aug 16 ± 15 days || 1838 Oct 18 - Unknown || 1838 Jul 4 - 1838 Jul 6 || 1830 Feb 16 ± 15 days - 1830 Mar 16 ± 15 days || 1829 Jan 16 ± 15 days - 1829 Feb 16 ± 15 days || 1826 Jul 2 ± 182 days - Unknown || 1824 Jan 1 (?) - 1824 Jan 31 (?) || 1821 Dec 15 ± 5 days - 1822 Jan 5 || 1818 Oct 8 - Unknown || 1817 Jul 2 ± 182 days - Unknown || 1808 Dec 8 - Unknown || 1806 May 16 ± 15 days - Unknown || 1799 - Unknown,,
263330,Iyang-Argapura,Composite,Complex,Andesite / Basaltic Andesite | Basalt / Picro-Basalt,,Subduction zone | Continental crust (> 25 km),372,11959,1601344,10538031,Unknown - Evidence Credible,1597 - Unknown,,
263340,Raung,Composite,Stratovolcano | Caldera | Pyroclastic cone,Andesite / Basaltic Andesite | Basalt / Picro-Basalt,,Subduction zone | Continental crust (> 25 km),152,572,581515,8123987,2025 CE,2025 Mar 13 - 2025 Jul 11 || 2024 Dec 15 - 2024 Dec 24 || 2022 May 14 - 2022 Sep 27 || 2021 Jan 21 - 2021 Apr 14 || 2020 Jul 16 - 2020 Oct 3 || 2014 Nov 23 ± 5 days - 2015 Aug 30 ± 8 days || 2014 Jan 4 - 2014 Jan 4 || 2013 Jun 29 - 2013 Jul 31 || 2012 Oct 16 ± 2 days - 2013 Jan 6 || 2008 Jun 12 - 2008 Jun 17 (?) || 2007 Jul 26 - 2007 Aug 26 || 2005 Jul 23 (?) - 2005 Aug 15 (?) || 2004 Apr 15 (?) - 2004 Oct 8 (?) || 2002 Jun 16 (on or before) ± 15 days - 2002 Aug 25 (on or after) || 2000 Jul 9 - 2000 Jul 9 || 1999 Jul 30 - Unknown || 1997 Apr 16 (on or before) ± 15 days - Unknown || 1995 Aug 15 - Unknown || 1995 Mar 16 ± 15 days - 1995 Mar 16 ± 15 days || 1994 Jul 14 - 1994 Jul 14 || 1993 Apr 1 ± 90 days - Unknown || 1991 Sep 10 - 1991 Nov 12 (?) || 1990 Jan 16 (on or before) - 1990 Dec 16 (on or after) ± 15 days || 1987 May 16 ± 15 days - 1989 Jul 28 ± 3 days || 1985 Aug 23 - 1986 Feb 28 || 1982 Jul 18 - 1982 Jul 20 || 1978 Jan 16 ± 15 days - 1979 Dec 16 (on or after) ± 15 days || 1977 Jun 9 - 1977 Jun 30 || 1976 Jun 7 - 1976 Nov 21 || 1975 Mar 16 ± 15 days - 1975 May 16 ± 15 days || 1974 Jun 15 - 1974 Jul 17 (?) || 1973 May 16 ± 15 days - 1973 Oct 16 ± 15 days || 1971 Sep 14 - 1971 Sep 14 || 1956 Feb 13 - 1956 Mar 25 || 1955 Jan 18 - 1955 Jan 18 || 1953 Jan 31 - 1953 Apr 15 ± 5 days || 1944 Jun 30 - 1945 Apr 19 || 1943 Mar 17 - 1943 Jun 18 || 1941 Dec 13 - Unknown || 1940 Jul 2 ± 182 days - Unknown || 1938 Aug 13 - 1939 Jan 10 (on or after) || 1937 Oct 27 - 1937 Nov 27 || 1936 Aug 22 - 1936 Dec 11 || 1933 Nov 21 - 1933 Dec 6 || 1929 Apr 27 ± 60 days - Unknown || 1928 Nov 16 ± 15 days - Unknown || 1927 Aug 2 - 1928 Mar 16 (?) ± 15 days || 1924 Aug 20 - Unknown || 1924 Feb 16 (on or before) ± 15 days - Unknown || 1921 Feb 14 ± 4 days - 1921 Apr 16 ± 15 days || 1917 Feb 22 - Unknown || 1916 Nov 16 ± 15 days - 1916 Dec 16 ± 15 days || 1915 May 16 ± 15 days - Unknown || 1913 May 10 - 1913 Dec 16 ± 15 days || 1903 Nov 28 - 1904 Jan 16 ± 15 days || 1902 Feb 16 - 1902 Feb 27 (on or after) || 1897 Apr 16 ± 15 days - Unknown || 1896 Aug 16 ± 15 days - Unknown || 1890 Jul 16 ± 15 days - 1890 Sep 15 ± 2 days || 1885 Jun 21 - 1885 Jun 22 || 1881 Jul 2 ± 182 days - Unknown || 1864 Jul 2 - 1864 Dec 16 ± 15 days || 1860 Sep 16 (on or before) ± 15 days - Unknown || 1859 Dec 14 - Unknown || 1849 Dec 1 ± 30 days - Unknown || 1838 Jul 2 ± 182 days - Unknown || 1817 Jan 16 - 1817 Feb 10 (?) || 1815 Dec 31 ± 365 days - Unknown || 1812 Jul 2 ± 182 days - 1814 Jul 2 (?) ± 182 days || 1804 Jul 2 ± 4 years ± 182 days - Unknown || 1793 ± 6 years - Unknown || 1730 - Unknown || 1638 - Unknown || 1597 Jan 17 - 1597 Feb 2 (on or after) || 1593 - Unknown || 1586 - Unknown,,
263350,Ijen,Composite,Stratovolcano(es) | Caldera | Pyroclastic cone(s),Andesite / Basaltic Andesite | Basalt / Picro-Basalt,Dacite,Subduction zone | Continental crust (> 25 km),1098,5504,664199,6846855,1999 CE,2002 Jul 29 - 2002 Aug 15 ± 3 days || 2000 Sep 1 ± 5 days - 2000 Sep 10 ± 3 days || 1999 Jun 28 - 1999 Jun 28 || 1994 Feb 3 - 1994 Feb 3 || 1993 Jul 3 - 1993 Aug 1 || 1952 Apr 22 - 1952 Apr 24 ± 1 days || 1936 Nov 5 - 1936 Nov 25 || 1917 Feb 25 - 1917 Mar 14 || 1817 Jan 15 - 1817 Feb 18 (?) || 1796 - Unknown || 0640 BCE ± 50 years - Unknown,,
263351,Baluran,Composite,Stratovolcano,Andesite / Basaltic Andesite,,Subduction zone | Continental crust (> 25 km),1313,59107,437688,5474053,Unknown - Evidence Uncertain,,,
264001,Buyan-Bratan,Cluster,Caldera | Stratovolcano(es),Andesite / Basaltic Andesite | Basalt / Picro-Basalt,,Subduction zone | Continental crust (> 25 km),333333,333333,935879,4355947,Unknown - Evidence Credible,,,
264010,Batur,Caldera,Caldera | Stratovolcano | Pyroclastic cone(s) | Maar(s),Andesite / Basaltic Andesite | Dacite | Trachyandesite / Basaltic Trachyandesite | Basalt / Picro-Basalt,,Subduction zone | Continental crust (> 25 km),466899,466899,937766,4289189,2000 CE,1999 Mar 15 - 2000 Jun 16 (?) ± 15 days || 1998 Jul 4 ± 3 days - Unknown || 1994 Aug 7 - 1994 Aug 14 (on or after) || 1976 Mar 26 - 1976 Mar 26 || 1974 Mar 12 - 1974 Apr 16 ± 15 days || 1973 Mar 30 ± 90 days - Unknown || 1972 Jan 19 - 1972 Mar 16 ± 15 days || 1971 Mar 11 - 1971 Aug 25 (on or after) || 1970 Jan 5 ± 4 days - 1970 Jan 15 || 1968 Jan 23 - 1968 Feb 15 || 1966 Apr 28 - Unknown || 1965 Aug 18 - 1965 Dec 16 ± 15 days || 1963 Sep 5 - 1964 May 10 || 1926 Aug 2 - 1926 Sep 21 || 1925 Jan 5 ± 4 days - 1925 Jan 5 ± 4 days || 1924 Mar 16 ± 15 days - 1924 Mar 16 (?) ± 15 days || 1923 Jul 2 ± 182 days - Unknown || 1922 Aug 30 - Unknown || 1921 Jan 29 - 1921 Apr 17 || 1905 Jul 2 ± 182 days - Unknown || 1904 Jul 2 ± 182 days - Unknown || 1897 Jul 2 ± 182 days - Unknown || 1888 May 30 - 1888 May 31 || 1854 Apr 28 - Unknown || 1849 Jul 2 ± 182 days - Unknown || 1847 Jul 2 ± 182 days - Unknown || 1821 Mar 16 - Unknown || 1804 Jul 2 ± 182 days - Unknown,,
264020,Agung,Composite,Stratovolcano | Lava cone,Andesite / Basaltic Andesite,,Subduction zone | Continental crust (> 25 km),5657,76781,968381,4550176,2022 CE,2022 Dec 13 - 2022 Dec 13 || 2022 Apr 3 - 2022 May 27 || 2017 Aug 10 - 2017 Nov 21 || 2017 Nov 21 - 2018 Jun 16 || 2018 Jun 27 - 2018 Aug 17 || 2018 Sep 10 (on or after) ± 5 days - 2019 Jan 10 (on or before) ± 5 days || 2018 Dec 30 - 2019 Jun 13 || 1963 Feb 18 - 1964 Jan 27 || 1843 Jul 2 ± 182 days - Unknown || 1821 Mar 16 - Unknown || 1808 Jul 2 ± 182 days - Unknown,,
264030,Rinjani,Composite,Stratovolcano | Caldera | Pyroclastic cone,Andesite / Basaltic Andesite | Basalt / Picro-Basalt | Trachybasalt / Tephrite Basanite | Dacite,Rhyolite,Subduction zone | Continental crust (> 25 km),10289,55594,1374441,3555330,2016 CE,2016 Aug 1 - 2016 Aug 1 || 2016 Sep 27 - 2016 Sep 27 || 2015 Oct 25 - 2015 Dec 24 || 2009 May 2 - 2010 May 23 || 2004 Oct 1 - 2004 Oct 5 (on or after) || 1995 Sep 12 - Unknown || 1994 Jun 3 - 1994 Nov 21 || 1966 Mar 28 - 1966 Aug 8 || 1965 Sep 16 ± 15 days - Unknown || 1953 Oct 15 ± 45 days - Unknown || 1949 Jul 2 ± 182 days - 1950 Jul 2 ± 182 days || 1944 Dec 25 - 1945 Jan 1 (?) || 1941 May 30 - Unknown || 1915 Nov 4 - Unknown || 1909 Nov 30 - 1909 Dec 2 || 1906 Apr 29 - Unknown || 1901 Jun 1 - 1901 Jun 2 || 1900 Nov 30 - 1900 Dec 2 || 1884 Aug 8 - 1884 Aug 10 ± 1 days || 1846 Sep 10 - 1846 Sep 12 || 1257 Jul 1 ± 90 days - Unknown || 0600 BCE (?) - Unknown,,
264040,Tambora,Composite,Stratovolcano | Caldera | Pyroclastic cone(s),Trachybasalt / Tephrite Basanite | Trachyandesite / Basaltic Trachyandesite,Basalt / Picro-Basalt | Andesite / Basaltic Andesite,Subduction zone | Continental crust (> 25 km),4156,11331,89006,1036033,1967 CE,1967 Jul 2 ± 20 years ± 182 days - Unknown || 1880 Jul 2 ± 30 years ± 182 days - Unknown || 1819 Aug 16 ± 15 days - Unknown || 1812 Jul 2 ± 182 days - 1815 Jul 15 (?) || 0740 ± 150 years - Unknown || 3050 BCE (?) - Unknown || 3910 BCE ± 200 years - Unknown,,
264050,Sangeang Api,Composite,Complex | Stratovolcano,Trachybasalt / Tephrite Basanite | Trachyandesite / Basaltic Trachyandesite | Basalt / Picro-Basalt,,Subduction zone | Continental crust (> 25 km),204,1155,39301,809132,2022 CE,2022 Feb 17 - 2022 Feb 17 || 2017 Feb 25 - 2020 Jun 10 || 2014 May 30 - 2014 Dec 27 || 2015 Mar 17 - 2015 Nov 5 || 2009 May 1 - 2009 Jun 3 || 1997 Jul 2 ± 182 days - 1999 Jul 2 ± 182 days || 1985 Jul 30 - 1988 Feb 16 ± 15 days || 1966 Feb 28 - 1966 Nov 16 ± 15 days || 1964 Jan 29 - 1965 Dec 1 ± 30 days || 1958 Jul 2 ± 182 days - Unknown || 1957 Jul 2 ± 182 days - Unknown || 1956 Dec 16 ± 15 days - Unknown || 1955 Jul 2 ± 182 days - Unknown || 1954 Nov 4 - Unknown || 1954 Apr 26 - Unknown || 1953 Mar 19 - 1953 May 15 (on or after) || 1927 Jul 2 ± 182 days - Unknown || 1912 Apr 16 ± 15 days - Unknown || 1911 Feb 13 - 1911 Mar 2 || 1860 Sep 11 - 1860 Oct 16 ± 15 days || 1821 Mar 23 - Unknown || 1715 - Unknown || 1512 - Unknown,,
264060,Wai Sano,Composite,Caldera,Dacite,,Subduction zone | Continental crust (> 25 km),127347,127347,242184,831863,Unknown - Evidence Credible,,,
264071,Ranakah,Cluster,Lava dome(s),Andesite / Basaltic Andesite | Dacite,,Subduction zone | Continental crust (> 25 km),1283,63314,291790,860496,1991 CE,1991 Mar 16 (on or before) ± 15 days - Unknown || 1987 Dec 28 - 1989 Apr 16 (on or after) ± 15 days,,
264080,Inierie,Composite,Stratovolcano | Pyroclastic cone(s),Andesite / Basaltic Andesite | Basalt / Picro-Basalt,,Subduction zone | Crustal thickness unknown,1073,7501,101938,809293,8050 BCE,8050 BCE (?) - Unknown,,
264090,Inielika,Composite,Complex,Andesite / Basaltic Andesite,,Subduction zone | Crustal thickness unknown,4601,27281,162299,818815,2001 CE,2001 Jan 11 - 2001 Mar 16 (?) ± 15 days || 1905 Nov 16 ± 15 days - 1905 Nov 16 ± 15 days,,
264100,Ebulobo,Composite,Stratovolcano | Lava dome,Andesite / Basaltic Andesite | Basalt / Picro-Basalt,,Subduction zone | Crustal thickness unknown,1278,24149,140204,674614,1969 CE,2017 Mar 12 - 2017 Mar 12 || 1969 Feb 27 - Unknown || 1941 Aug 23 ± 8 days - Unknown || 1938 May 16 ± 15 days - 1938 Jun 16 ± 15 days || 1924 Nov 16 ± 15 days - Unknown || 1910 Apr 10 - Unknown || 1888 Jul 2 ± 182 days - Unknown || 1830 Jul 2 ± 182 days - Unknown,,
264110,Iya,Composite,Stratovolcano | Pyroclastic cone(s),Basalt / Picro-Basalt | Andesite / Basaltic Andesite,,Subduction zone | Crustal thickness unknown,10837,46835,62974,535387,1969 CE,1971 Jun 16 ± 15 days - 1971 Jun 16 ± 15 days || 1969 Jan 27 - 1969 Jan 30 || 1953 Sep 4 - 1953 Sep 5 || 1888 Dec 16 ± 15 days - Unknown || 1882 Jul 2 ± 182 days - Unknown || 1871 Sep 1 - Unknown || 1868 May 4 - Unknown || 1867 Jan 16 ± 15 days - Unknown || 1844 May 16 ± 15 days - Unknown || 1671 (?) - Unknown || 1559 - Unknown,,
264140,Kelimutu,Composite,Complex,Andesite / Basaltic Andesite | Basalt / Picro-Basalt,,Subduction zone | Crustal thickness unknown,746,9896,118605,606946,1968 CE,1968 Jun 3 - 1968 Jul 29 || 1938 May 16 ± 15 days - 1938 Jun 16 ± 15 days || 1865 Jul 2 ± 5 years ± 182 days - Unknown,,
264150,Paluweh,Composite,Stratovolcano | Lava dome(s),Andesite / Basaltic Andesite | Basalt / Picro-Basalt,,Subduction zone | Crustal thickness unknown,446,446,5284,548803,2013 CE,2012 Oct 8 - 2013 Oct 31 ± 7 days || 1985 Feb 3 - 1985 Feb 3 || 1984 May 9 - 1984 May 21 || 1980 Nov 5 - 1981 Sep 16 ± 15 days || 1973 Oct 27 - 1973 Oct 28 || 1972 Oct 22 - 1973 Jan 16 || 1963 Dec 31 - 1966 Mar 16 || 1928 Aug 4 - 1928 Sep 25 || 1831 Jul 2 ± 182 days - Unknown || 1650 ± 50 years - Unknown,,
264160,Egon,Composite,Stratovolcano | Lava dome,Andesite / Basaltic Andesite,,Subduction zone | Crustal thickness unknown,818,23263,250257,868670,2008 CE,2008 Apr 15 - 2008 Apr 28 (?) || 2005 Feb 6 - 2005 Feb 27 || 2004 Jul 3 - 2004 Sep 16 (?) || 2004 Jan 29 - 2004 Feb 5 (?) || 1888 Jul 2 ± 182 days - 1892 Jul 2 ± 182 days,,
264180,Lewotobi,Composite,Stratovolcano(es) | Lava dome(s),Andesite / Basaltic Andesite,,Subduction zone | Crustal thickness unknown,18686,59084,284976,906184,2026 CE,2026 Mar 3 - 2026 Mar 25 (continuing) || 2023 Dec 23 - 2025 Oct 18 || 2014 Oct 6 - 2014 Oct 6 || 2003 May 30 - 2003 Sep 1 (on or after) || 2002 Oct 12 - 2002 Oct 12 (?) || 1999 Mar 31 - 1999 Jul 1 (?) || 1991 May 11 - 1992 Dec 31 (on or after) || 1990 Jan 28 - 1990 Jun 16 ± 15 days || 1971 Jan 16 ± 15 days - Unknown || 1970 Jul 2 ± 182 days - Unknown || 1968 Nov 28 - 1969 Feb 2 || 1939 Dec 17 - 1940 Apr 21 || 1935 Dec 16 ± 15 days - 1935 Dec 25 (on or after) || 1932 May 23 - 1933 Dec 26 ± 5 days || 1921 Jan 1 - 1921 Dec 20 || 1914 Jun 29 - Unknown || 1909 Jan 8 - 1910 May 26 || 1907 Sep 28 - 1907 Oct 30 || 1889 Jul 2 ± 182 days - Unknown || 1869 Jul 7 - 1869 Jul 27 || 1868 Dec 15 - Unknown || 1868 Jul 13 (on or before) - Unknown || 1865 May 4 - Unknown || 1861 May 4 - 1861 May 18 || 1859 Jul 16 ± 15 days - Unknown || 1675 ± 25 years - Unknown,,
264200,Lereboleng,Composite,Complex,Andesite / Basaltic Andesite,,Subduction zone | Crustal thickness unknown,9164,26794,358627,896194,Pleistocene,,,
264220,Iliboleng,Composite,Stratovolcano,Basalt / Picro-Basalt | Andesite / Basaltic Andesite,,Subduction zone | Crustal thickness unknown,30359,87503,260688,757701,1993 CE,1993 Jun 16 (?) ± 15 days - 1993 Jul 16 ± 15 days || 1991 Nov 3 - 1991 Nov 15 || 1991 May 8 - 1991 Jun 30 (on or after) || 1987 Oct 2 - 1987 Oct 2 || 1986 May 28 - 1986 Nov 24 || 1983 May 11 - 1984 Apr 13 || 1982 Nov 17 - 1982 Nov 17 || 1973 Apr 16 ± 15 days - 1974 Apr 16 ± 15 days || 1951 Jul 2 ± 182 days - Unknown || 1950 Mar 16 ± 15 days - 1950 Aug 16 (?) ± 15 days || 1949 Jun 12 - Unknown || 1949 Feb 4 - Unknown || 1948 Apr 29 - Unknown || 1944 Aug 16 ± 15 days - 1944 Oct 16 ± 15 days || 1927 Jul 2 ± 182 days - Unknown || 1925 Jul 2 ± 182 days - Unknown || 1909 Nov 9 - Unknown || 1904 Jul 2 ± 182 days - Unknown || 1888 Jul 2 ± 182 days - Unknown || 1885 Sep 16 ± 15 days - 1885 Oct 16 ± 15 days,,
264230,Lewotolok,Composite,Stratovolcano,Andesite / Basaltic Andesite | Trachyandesite / Basaltic Trachyandesite | Basalt / Picro-Basalt,,Subduction zone | Crustal thickness unknown,4390,10032,159023,695083,2026 CE,2025 Jan 16 - 2026 Mar 25 (continuing) || 2020 Nov 27 - 2022 Oct 25 || 2023 Jan 14 - 2024 Aug 20 || 2012 Jan 2 - 2012 Jan 14 || 1951 Dec 15 - Unknown || 1920 Jul 2 ± 182 days - Unknown || 1899 Jun 2 - Unknown || 1864 Jul 2 ± 182 days - Unknown || 1852 Oct 5 - 1852 Oct 6 || 1849 Oct 6 - Unknown || 1819 Jul 2 ± 182 days - Unknown || 1660 - Unknown,,
264240,Ililabalekan,Composite,Stratovolcano,Basalt / Picro-Basalt | Andesite / Basaltic Andesite,,Subduction zone | Crustal thickness unknown,7747,14260,123287,756090,Unknown - Unrest / Holocene,,,
264250,Iliwerung,Composite,Complex,Basalt / Picro-Basalt | Andesite / Basaltic Andesite,,Subduction zone | Crustal thickness unknown,968,4318,79569,665081,2021 CE,2021 Nov 28 - 2021 Nov 29 || 2013 Aug 20 - 2013 Aug 20 || 1999 May 22 - 1999 Sep 16 (on or after) ± 15 days || 1993 Sep 15 - 1993 Sep 19 || 1983 Aug 17 - 1983 Aug 18 || 1976 Mar 8 - Unknown || 1973 Dec 5 - 1974 Aug 22 || 1952 Mar 24 - Unknown || 1951 Nov 12 - 1951 Nov 16 || 1950 Sep 10 - 1950 Oct 2 || 1949 Apr 9 - 1949 Apr 29 || 1948 Apr 7 - 1948 Nov 26 || 1941 Jun 5 - Unknown || 1928 Jul 2 ± 182 days - Unknown || 1910 Jul 2 ± 182 days - Unknown || 1870 Jul 2 ± 182 days - Unknown,,
264260,Batu Tara,Composite,Stratovolcano,Trachybasalt / Tephrite Basanite | Trachyandesite / Basaltic Trachyandesite,,Subduction zone | Oceanic crust (< 15 km),207,207,207,455429,2015 CE,2022 Jan 31 - 2022 Jan 31 || 2007 Jan 17 (?) - 2015 Nov 26 || 2006 Jul 1 - 2006 Jul 1 || 1847 Jul 2 ± 182 days - 1852 Aug 31 (on or after),,
264270,Sirung,Composite,Complex | Caldera | Lava dome,Andesite / Basaltic Andesite | Basalt / Picro-Basalt,,Subduction zone | Crustal thickness unknown,5966,19334,69744,418756,2021 CE,2021 Jul 21 - 2021 Jul 21 || 2015 Jul 7 - 2015 Jul 8 || 2012 May 8 - 2012 May 12 || 1970 Jul 2 ± 182 days - Unknown || 1965 Nov 2 - 1965 Nov 2 || 1965 May 7 - 1965 May 18 || 1964 Feb 8 - 1964 Oct 5 (on or after) || 1960 Mar 13 - Unknown || 1953 Jun 16 ± 15 days - Unknown || 1947 Apr 16 ± 15 days - 1947 May 16 ± 15 days || 1934 Jun 14 - 1934 Jul 15 ± 5 days || 1927 Jul 2 ± 182 days - Unknown || 1899 Mar 16 ± 15 days - 1899 Apr 16 ± 15 days || 1852 Jul 2 ± 182 days - Unknown,,
265040,Wurlali,Composite,Stratovolcano,Andesite / Basaltic Andesite,Basalt / Picro-Basalt,Subduction zone | Oceanic crust (< 15 km),219,365,720,901,1892 CE,1892 Jun 3 - 1892 Jun 5,,
265050,Teon,Composite,Stratovolcano,Andesite / Basaltic Andesite,,Subduction zone | Oceanic crust (< 15 km),19,102,102,2045,1904 CE,1904 Jun 3 - Unknown || 1693 - Unknown || 1663 Jan 18 - Unknown || 1660 Feb - Unknown || 1659 Nov 11 - Unknown,,
265060,Nila,Composite,Stratovolcano | Caldera | Pyroclastic cone,Andesite / Basaltic Andesite,Basalt / Picro-Basalt,Subduction zone | Oceanic crust (< 15 km),200,200,200,1382,1968 CE,1968 May 7 - 1968 Jun 16 ± 15 days || 1964 Mar 16 ± 15 days - 1964 Mar 16 ± 15 days || 1932 Mar 13 - Unknown || 1903 Dec 8 - Unknown,,
265070,Serua,Composite,Stratovolcano | Lava dome,Andesite / Basaltic Andesite,,Subduction zone | Oceanic crust (< 15 km),58,58,58,258,1921 CE,1921 Sep 18 - Unknown || 1919 Nov 16 ± 15 days - Unknown || 1859 Jul 2 ± 182 days - Unknown || 1858 Jul 2 ± 182 days - Unknown || 1846 Sep 16 (?) ± 15 days - Unknown || 1845 Jul 2 ± 182 days - Unknown || 1844 Aug 16 ± 15 days - 1844 Sep 16 ± 15 days || 1694 - Unknown || 1693 Jun 4 - 1693 Jul || 1692 Jun 4 (?) - Unknown || 1687 Jun 15 - Unknown || 1683 - Unknown,,
265080,Manuk,Composite,Stratovolcano,Andesite / Basaltic Andesite,,Subduction zone | Oceanic crust (< 15 km),0,0,0,58,Unknown - Unrest / Holocene,,,
265090,Banda Api,Composite,Caldera | Stratovolcano | Tuff cone,Dacite | Andesite / Basaltic Andesite | Basalt / Picro-Basalt,,Subduction zone | Oceanic crust (< 15 km),5682,5682,5810,5810,1988 CE,1988 May 9 - 1988 May 17 || 1902 Mar 20 - Unknown || 1901 May 18 - Unknown || 1890 Nov 23 - 1890 Nov 23 || 1855 Dec 29 - 1855 Dec 30 || 1835 Oct 16 ± 15 days - Unknown || 1825 Jul 2 (?) ± 182 days - 1831 Jul 2 ± 182 days || 1824 Apr 22 - 1824 Jun 28 || 1820 Jun 11 - 1820 Aug 8 || 1816 Oct 11 - 1816 Dec 16 ± 15 days || 1778 - Unknown || 1775 - Unknown || 1773 Feb 6 - Unknown || 1765 Apr 19 - 1766 Oct || 1762 - Unknown || 1749 - Unknown || 1722 - Unknown || 1712 May - 1712 Dec || 1690 - 1696 May 22 || 1683 - Unknown || 1635 Nov 18 - Unknown || 1632 Dec 16 - Unknown || 1615 Mar 16 - 1615 Apr (?) || 1614 - Unknown || 1609 - Unknown || 1598 - 1602 || 1586 Apr 17 - Unknown,,
266010,Colo,Composite,Stratovolcano | Caldera,Trachyandesite / Basaltic Trachyandesite | Trachyte / Trachydacite,,Subduction zone | Continental crust (> 25 km),1897,2025,2025,229592,1983 CE,1983 Jul 18 - 1983 Dec 16 ± 15 days || 1938 Jul 2 ± 10 years ± 182 days - Unknown || 1898 May 2 - 1900 Jul 2 (?) ± 182 days,,
266020,Ambang,Composite,Complex,Andesite / Basaltic Andesite,,Subduction zone | Continental crust (> 25 km),9155,46469,319137,1730602,2005 CE,2005 Dec 22 - Unknown || 1845 Jul 2 ± 5 years ± 182 days - Unknown,,
266030,Soputan,Composite,Stratovolcano | Lava dome,Andesite / Basaltic Andesite | Basalt / Picro-Basalt,,Subduction zone | Continental crust (> 25 km),4724,69991,501336,1696768,2020 CE,2020 Mar 23 - 2020 Apr 2 || 2018 Oct 2 - 2018 Dec 16 || 2016 Jan 2 - 2016 Feb 7 || 2015 Jan 6 - 2015 Mar 9 || 2012 Aug 26 - 2012 Sep 19 || 2011 Jul 3 - 2011 Aug 15 || 2008 Jun 6 - 2008 Nov 2 (?) || 2007 Jun 16 (?) ± 15 days - 2007 Nov 9 (?) || 2006 Dec 14 - 2006 Dec 26 (?) || 2005 Dec 26 - 2006 Jan 24 (?) || 2005 Apr 19 - 2005 Jul 18 (?) || 2004 Oct 18 - 2004 Dec 27 (?) || 2000 May 13 - 2003 Sep 4 (?) || 1991 May 22 - 1996 Sep 29 (on or after) || 1989 Apr 22 - 1989 Apr 23 || 1985 May 19 - 1985 May 20 || 1984 May 24 - 1984 Aug 31 || 1982 Aug 26 - 1982 Nov 10 || 1973 Jan 6 - 1973 May 27 || 1971 May 19 - 1971 May 19 || 1970 Feb 16 ± 15 days - 1970 May 26 ± 5 days || 1968 Jul 16 ± 15 days - 1968 Aug 16 ± 15 days || 1966 May 21 - 1967 Nov 16 ± 15 days || 1953 Nov 16 ± 15 days - Unknown || 1947 Aug 22 - 1947 Aug 27 || 1923 Nov 27 - 1924 Jan 18 || 1917 Nov 16 ± 15 days - Unknown || 1915 Apr 16 ± 15 days - 1915 Jun 16 ± 15 days || 1913 Apr 16 ± 15 days - 1913 Jul 16 ± 15 days || 1911 Nov 16 ± 15 days - 1912 Apr 16 ± 15 days || 1910 Nov 15 ± 45 days - Unknown || 1908 Jun 16 ± 15 days - 1909 Jun 16 ± 15 days || 1907 Jun 5 - 1907 Jun 25 (?) || 1906 Jun 17 - 1906 Sep 16 ± 15 days || 1901 Feb 4 - Unknown || 1890 Jul 2 ± 182 days - Unknown || 1845 Feb 8 - Unknown || 1833 Jul 2 (?) ± 182 days - Unknown || 1819 Jul 2 ± 182 days - Unknown || 1785 Dec 31 ± 365 days - Unknown || 1450 ± 10 years - Unknown,,
266100,Lokon-Empung,Composite,Stratovolcano(es),Basalt / Picro-Basalt | Dacite | Andesite / Basaltic Andesite,,Subduction zone | Continental crust (> 25 km),12183,75684,942160,1583346,2015 CE,2015 Aug 30 - 2015 Sep 28 ± 1 days || 2015 May 20 - 2015 May 27 || 2012 Sep 15 - 2013 Sep 10 || 2011 Jun 26 - 2012 May 2 || 2011 Feb 22 - 2011 Feb 22 || 2003 Sep 12 - 2003 Sep 12 || 2002 Dec 23 - 2003 Apr 1 || 2002 Feb 9 - 2002 May 16 (?) ± 15 days || 2000 May 10 ± 3 days - 2001 Aug 18 || 1991 May 17 - 1992 Jan 16 ± 15 days || 1988 Apr 21 - 1988 May 1 || 1986 Mar 22 - 1987 May 13 || 1984 Jun 5 ± 4 days - 1984 Nov 16 ± 15 days || 1975 Nov 16 (on or before) ± 15 days - 1980 Jul 2 ± 182 days || 1973 Sep 15 - 1974 Dec 16 ± 15 days || 1971 May 11 - 1971 Oct 26 ± 5 days || 1969 Nov 27 - 1970 Dec 26 ± 5 days || 1966 Sep 24 - 1966 Sep 30 (?) || 1965 Jul 10 - 1965 Jul 10 || 1963 Dec 17 - 1964 Apr 16 ± 15 days || 1962 Apr 16 ± 15 days - 1962 Nov 16 ± 15 days || 1961 May 19 - 1961 Dec 16 ± 15 days || 1958 Feb 19 - 1959 Dec 23 || 1951 Jul 2 - 1953 Mar 16 ± 15 days || 1949 Sep 14 - Unknown || 1942 Sep 3 - Unknown || 1930 Aug 16 ± 15 days - Unknown || 1893 Mar 29 - 1894 Aug 14 (on or after) || 1829 Mar 16 ± 15 days - Unknown || 1775 ± 25 years - Unknown || 1375 ± 25 years - Unknown,,
266110,Mahawu,Composite,Stratovolcano | Pyroclastic cone(s),Andesite / Basaltic Andesite | Dacite | Basalt / Picro-Basalt,,Subduction zone | Continental crust (> 25 km),18618,111852,878193,1503109,1977 CE,1977 Nov 16 - Unknown || 1958 Jul 12 - 1958 Jul 29 || 1952 Jul 2 ± 182 days - Unknown || 1904 Oct 4 (on or before) - Unknown || 1846 Jul 2 ± 182 days - Unknown || 1789 Dec 31 ± 365 days - Unknown || 1788 (in or before) - Unknown,,
266120,Klabat,Composite,Stratovolcano,Andesite / Basaltic Andesite | Basalt / Picro-Basalt,,Subduction zone | Continental crust (> 25 km),1352,39935,822740,1326026,Unknown - Unrest / Holocene,,,
266130,Tangkoko-Duasudara,Composite,Stratovolcano | Lava dome,Andesite / Basaltic Andesite | Basalt / Picro-Basalt | Dacite,,Subduction zone | Continental crust (> 25 km),445,57792,135761,1227998,1880 CE,1880 Jul 2 ± 182 days - Unknown || 1843 Jul 2 ± 182 days - 1846 Jul 2 ± 182 days || 1821 Jul 2 ± 182 days - Unknown || 1801 Jul 2 ± 182 days - Unknown || 1694 - Unknown || 1683 - Unknown || 1680 - Unknown,,
267010,Ruang,Composite,Stratovolcano | Lava dome,Andesite / Basaltic Andesite | Basalt / Picro-Basalt,,Subduction zone | Oceanic crust (< 15 km),878,1652,2766,149159,2024 CE,2024 Apr 16 - 2024 May 7 || 2002 Sep 25 - 2002 Sep 29 (?) || 1996 Jun 27 - Unknown || 1949 Jan 5 - 1949 Jan 19 (on or after) || 1914 May 29 - 1915 Feb 28 ± 30 days || 1904 Apr 22 - 1905 May 27 || 1889 Jun 16 ± 15 days - Unknown || 1874 Nov 15 - Unknown || 1871 Mar 2 - 1871 Mar 14 || 1870 Aug 27 - 1870 Aug 28 || 1856 Sep 16 ± 15 days - Unknown || 1840 Jul 2 ± 182 days - Unknown || 1836 Apr 22 - 1836 Apr 24 || 1808 Jul 2 ± 182 days - Unknown,,
267020,Karangetang,Composite,Stratovolcano,Andesite / Basaltic Andesite | Basalt / Picro-Basalt,,Subduction zone | Oceanic crust (< 15 km),892,4478,11066,65667,2023 CE,2023 Feb 8 - 2023 Sep 5 || 2022 Sep 1 ± 15 days - 2022 Oct 15 ± 15 days || 2021 Oct 25 - 2022 Jan 10 (?) || 2018 Nov 25 - 2020 Jan 12 || 2019 Apr 15 - 2020 Apr 4 || 2020 Jul 14 - 2020 Nov 19 || 2020 Nov 15 ± 5 days - 2021 Jan 30 || 2018 Jul 4 - 2018 Jul 4 || 2018 Feb 2 - 2018 Feb 2 || 2017 May 10 - 2017 May 10 || 2014 Jun 8 - 2014 Oct 20 || 2015 Jan 12 - 2016 Mar 15 || 2014 Feb 9 - 2014 Feb 9 || 2012 May 14 - 2013 Sep 5 || 2011 Mar 11 - 2011 Aug 13 || 2010 Aug 6 - 2010 Dec 16 (?) ± 15 days || 2008 Nov 29 (?) - 2010 Mar 24 (?) || 2008 Mar 12 - 2008 Mar 12 || 2006 Jul 3 - 2007 Oct 16 (on or after) ± 15 days || 2004 Apr 2 (?) - 2005 Aug 5 (?) || 1999 Mar 16 (on or before) ± 15 days - 2003 Oct 28 || 1998 Jul 5 ± 4 days - Unknown || 1996 Oct 1 (on or before) - 1997 Jun 16 (on or after) ± 15 days || 1995 Nov 9 - 1995 Dec 17 || 1991 Jul 2 (on or before) - 1993 Dec 31 (on or after) || 1989 Jul 16 ± 15 days - 1989 Jul 16 ± 15 days || 1983 May 16 ± 15 days - 1988 Dec 31 (on or after) || 1982 Jul 2 ± 182 days - Unknown || 1980 Mar 24 - 1980 Sep 13 || 1979 May 31 - 1979 May 31 || 1978 Feb 22 - 1978 Dec 18 || 1976 Sep 15 - 1977 Sep 16 ± 15 days || 1972 Jan 16 ± 15 days - 1976 Apr 5 || 1970 Nov 27 - 1971 Mar 16 ± 15 days || 1967 Nov 29 - 1967 Dec 2 || 1965 Apr 5 ± 4 days - 1967 Jun 16 ± 15 days || 1962 Jan 29 - 1963 Dec 16 ± 15 days || 1961 Oct 9 - 1961 Oct 19 (on or after) || 1961 Feb 28 - 1961 Apr 16 ± 15 days || 1953 Jul 2 ± 182 days - Unknown || 1952 Feb 16 ± 15 days - 1952 Jun 30 || 1949 Sep 14 - Unknown || 1948 Dec 16 ± 15 days - Unknown || 1947 Dec 1 - 1947 Dec 21 || 1947 Feb 9 - 1947 Feb 9 || 1941 Oct 30 - 1941 Oct 30 || 1940 Jun 20 - 1940 Aug 23 || 1940 Mar 1 - 1940 Mar 9 || 1935 Aug 31 - Unknown || 1930 Nov 16 (?) ± 15 days - Unknown || 1930 Feb 4 - 1930 Feb 6 || 1926 Oct 16 ± 15 days - Unknown || 1924 May 16 ± 15 days - Unknown || 1922 May 4 - 1922 Dec 13 || 1921 Mar 16 ± 15 days - 1921 Jun 16 (on or after) ± 15 days || 1905 May 21 - 1905 May 22 || 1900 Jul 2 ± 182 days - Unknown || 1899 Jul 2 ± 182 days - Unknown || 1892 Jun 14 (?) - Unknown || 1887 May 27 - 1887 May 27 || 1886 Apr 25 - 1886 Jun 19 (on or after) || 1883 Aug 25 - 1883 Aug 26 || 1864 Jun 6 - Unknown || 1825 Jul 2 ± 182 days - Unknown || 1712 Jan 16 - Unknown || 1675 - Unknown,,
267030,Banua Wuhu,Composite,Complex | Lava dome | Submarine,Andesite / Basaltic Andesite,,Subduction zone | Oceanic crust (< 15 km),359,480,4586,69756,1919 CE,1968 Sep 5 - 1968 Sep 9 ± 4 days || 1918 Jul 18 - 1919 Dec 1 ± 30 days || 1904 Aug 27 - Unknown || 1904 Apr 17 - 1904 Apr 18 || 1895 Jul 16 ± 15 days - 1895 Dec 26 ± 5 days || 1889 Sep 6 - 1889 Sep 9 || 1835 Apr 23 - 1835 Apr 26,,
267040,Awu,Composite,Stratovolcano | Caldera,Andesite / Basaltic Andesite | Basalt / Picro-Basalt,,Subduction zone | Oceanic crust (< 15 km),6409,22655,52725,58719,2004 CE,2004 Jun 2 (on or before) - 2004 Aug 16 (?) ± 15 days || 1992 Apr 7 ± 9 days - Unknown || 1968 Aug 16 ± 15 days - 1968 Sep 16 ± 15 days || 1966 Aug 12 - 1966 Oct 16 ± 15 days || 1930 Dec 16 ± 15 days - 1931 Dec 16 ± 15 days || 1922 Jun 20 - 1922 Sep 16 ± 15 days || 1921 Feb 16 ± 15 days - 1921 Oct 1 ± 90 days || 1913 Mar 14 - 1913 Mar 14 || 1893 Jul 2 ± 182 days - Unknown || 1892 Jun 7 - 1892 Jun 12 (?) || 1885 Aug 18 - Unknown || 1883 Aug 25 - 1883 Aug 26 || 1875 Aug 16 ± 15 days - 1875 Aug 16 ± 15 days || 1856 Mar 2 - 1856 Mar 17 || 1812 Aug 6 - 1812 Aug 8 || 1711 Dec 10 - 1711 Dec 16 || 1699 - Unknown || 1646 ± 5 years - Unknown || 1640 Dec - 1641 Jan 4,,
268001,Tarakan,Minor (Basaltic),Pyroclastic cone(s),Basalt / Picro-Basalt,,Subduction zone | Oceanic crust (< 15 km),18056,23570,85055,360761,Unknown - Evidence Credible,,,
268010,Dukono,Composite,Complex,Andesite / Basaltic Andesite | Trachyte / Trachydacite | Basalt / Picro-Basalt,,Subduction zone | Oceanic crust (< 15 km),1575,3348,101506,393070,2026 CE,1933 Aug 13 - 2026 Mar 16 (continuing) || 1901 Jul 2 ± 182 days - Unknown || 1868 Jul 2 (?) ± 182 days - Unknown || 1719 ± 150 years - Unknown || 1550 Nov 20 ± 20 days - Unknown,,
268020,Tobaru,Composite,Stratovolcano,Andesite / Basaltic Andesite,,Subduction zone | Oceanic crust (< 15 km),215,5963,64388,532821,Unknown - Evidence Credible,,,
268030,Ibu,Composite,Stratovolcano | Pyroclastic cone(s) | Maar(s),Andesite / Basaltic Andesite | Basalt / Picro-Basalt,,Subduction zone | Oceanic crust (< 15 km),1560,14549,64581,637988,2026 CE,2008 Apr 5 - 2026 Mar 25 (continuing) || 2004 May 16 (?) ± 15 days - 2005 Feb 22 (?) || 2001 May 28 (?) - 2001 Oct 3 (?) || 1998 Dec 18 - 1999 Sep 16 (on or after) ± 15 days || 1911 Aug 30 - 1911 Sep 1,,
268040,Gamkonora,Composite,Stratovolcano,Andesite / Basaltic Andesite,,Subduction zone | Oceanic crust (< 15 km),3354,12744,61376,627128,2007 CE,2013 Jan 23 - 2013 May 27 || 2007 Jul 8 - 2007 Jul 16 (?) || 1987 Apr 13 - 1987 Apr 26 || 1981 Mar 4 - 1981 Jul 25 || 1952 Jul 16 - 1952 Sep 5 ± 4 days || 1951 Jul 2 ± 182 days - Unknown || 1950 Oct 16 ± 15 days - Unknown || 1949 Jul 2 ± 182 days - Unknown || 1926 Jun 16 ± 15 days - Unknown || 1917 Oct 18 - 1917 Oct 18 || 1911 Jul 2 ± 182 days - Unknown || 1885 Jul 2 ± 5 years ± 182 days - Unknown || 1673 May 20 - Unknown || 1564 Dec 31 ± 365 days - Unknown,,
268050,Todoko-Ranu,Composite,Caldera(s) | Stratovolcano(es),Andesite / Basaltic Andesite,,Subduction zone | Oceanic crust (< 15 km),366,10748,56900,631999,Unknown - Evidence Credible,,,
268051,Jailolo,Composite,Stratovolcano | Caldera(s),Andesite / Basaltic Andesite | Basalt / Picro-Basalt,,Subduction zone | Oceanic crust (< 15 km),7459,21868,79855,633186,Unknown - Evidence Credible,,,
268052,Hiri,Composite,Stratovolcano,Basalt / Picro-Basalt | Andesite / Basaltic Andesite,,Subduction zone | Oceanic crust (< 15 km),5650,11454,295487,550526,Unknown - Evidence Credible,,,
268060,Gamalama,Composite,Stratovolcano(es) | Maar(s),Andesite / Basaltic Andesite,Dacite,Subduction zone | Oceanic crust (< 15 km),103429,204820,308691,536972,2018 CE,2018 Oct 4 - 2018 Oct 6 || 2016 Aug 3 - 2016 Aug 4 || 2015 Jul 16 - 2015 Sep 8 || 2014 Dec 18 - 2014 Dec 25 || 2012 Sep 15 - 2012 Sep 17 || 2011 Dec 5 - 2011 Dec 23 || 2008 May 10 - Unknown || 2007 Aug 23 - Unknown || 2003 Jul 31 - 2003 Oct 2 ± 3 days || 1996 Jul 2 ± 182 days - Unknown || 1994 Jan 16 ± 15 days - 1994 Oct 15 (on or after) || 1993 May 6 - 1993 May 21 || 1991 Jun 15 - 1991 Jun 15 || 1990 Apr 25 - 1990 Apr 26 || 1988 Feb 12 - 1988 Mar 16 (?) ± 15 days || 1983 Aug 9 - 1983 Aug 12 || 1980 Sep 4 - 1980 Sep 23 || 1962 Dec 31 - 1963 Jan 2 (?) || 1938 Sep 8 - 1938 Sep 8 || 1933 Nov 12 - Unknown || 1932 Nov 10 - 1932 Nov 13 || 1923 Apr 13 - 1923 May 6 || 1918 Aug 16 ± 15 days - 1918 Sep 4 || 1911 Sep 2 - 1911 Sep 6 || 1907 Nov 17 - 1907 Nov 20 || 1900 May 16 ± 15 days - 1900 Jun 4 ± 4 days || 1898 May 14 - 1898 May 28 (?) || 1897 Sep 7 - 1897 Sep 24 || 1896 Aug 3 - 1896 Aug 4 (?) || 1895 Dec 19 - 1895 Dec 19 || 1884 Dec 8 - 1884 Dec 9 (?) || 1884 May 16 ± 15 days - 1884 May 16 ± 15 days || 1871 Aug 7 - 1871 Sep 25 || 1868 Nov 13 - 1869 Feb 10 || 1868 Mar 13 - 1868 Mar 13 || 1864 Dec 27 - 1865 Jan 2 || 1864 Jun 4 ± 4 days - 1864 Jun 25 ± 5 days || 1864 Jan 20 - 1864 Feb 17 || 1863 May 1 (?) - 1863 Jun 16 (?) ± 15 days || 1862 Jul 15 - 1862 Oct 16 ± 15 days || 1860 Jun 16 ± 15 days - Unknown || 1858 Nov 16 ± 15 days - 1859 Sep 16 ± 15 days || 1849 Nov 27 - 1850 Nov 19 || 1847 Sep 7 - 1847 Sep 7 || 1847 Feb 7 - 1847 Feb 7 || 1846 May 19 - 1846 May 19 || 1845 Apr 23 - 1845 Sep 3 || 1844 Mar 24 - 1844 Nov 14 || 1843 Apr 10 - 1843 May 27 || 1842 Oct 6 - 1842 Dec 31 || 1841 Mar 30 - 1841 Nov 20 || 1840 Feb 2 - 1840 Sep 29 || 1839 Jan 29 - 1839 Mar 26 || 1838 Feb 26 - 1838 May 16 ± 15 days || 1835 Jan 4 - Unknown || 1833 Jun 15 - Unknown || 1831 May 27 - 1831 Jun 27 || 1830 Jul 2 ± 182 days - Unknown || 1821 Aug 22 - Unknown || 1814 Nov 27 - 1814 Nov 28 || 1812 Sep 7 - 1812 Sep 7 || 1811 Feb 1 - 1811 May 16 ± 15 days || 1781 - Unknown || 1775 Aug 20 - 1775 Nov 6 || 1773 Oct 21 - 1774 Jan 22 || 1773 Feb 2 - 1773 Feb 7 || 1771 Aug 28 - 1772 Oct 9 || 1770 Jul 6 - 1770 Dec 9 || 1763 - Unknown || 1739 - Unknown || 1737 Mar 10 - 1737 Mar 13 || 1687 May 10 - 1687 May 11 || 1686 Sep (?) - 1686 Oct 13 (on or after) || 1676 Dec 31 ± 365 days - Unknown || 1659 Jun - Unknown || 1653 Dec 31 ± 365 days - Unknown || 1648 Jun 15 - 1648 Jun 18 || 1643 Jun 15 - Unknown || 1635 Mar 29 - Unknown || 1608 Jul 18 - 1608 Jul 19 || 1605 May - Unknown || 1561 Dec 31 ± 365 days - Unknown || 1538 - Unknown || 1510 ± 10 years - Unknown,,
268061,Kie Matubu,Composite,Stratovolcano | Caldera,Andesite / Basaltic Andesite,,Subduction zone | Oceanic crust (< 15 km),37379,74120,320483,530066,1210 CE,1210 (in or before) ± 26 years - Unknown || 0749 BCE ± 77 years - Unknown,,
268062,Mare,Composite,Stratovolcano,Andesite / Basaltic Andesite,,Subduction zone | Oceanic crust (< 15 km),889,20821,300717,498716,Unknown - Evidence Credible,,,
268063,Moti,Composite,Stratovolcano,Andesite / Basaltic Andesite | Basalt / Picro-Basalt,,Subduction zone | Oceanic crust (< 15 km),3190,5051,89568,462393,Unknown - Evidence Credible,,,
268070,Kie Besi,Composite,Stratovolcano | Pyroclastic cone(s),Andesite / Basaltic Andesite | Basalt / Picro-Basalt,,Subduction zone | Oceanic crust (< 15 km),4986,8466,21360,441768,1988 CE,1988 Jul 29 - 1988 Aug 5 || 1890 Jun 20 - 1890 Jun 30 || 1864 Oct 16 ± 15 days - 1864 Oct 16 ± 15 days || 1863 Aug 25 - 1863 Aug 31 || 1861 Dec 28 - 1862 Oct 16 ± 15 days || 1860 Jul 2 ± 182 days - Unknown || 1854 Jun 18 - 1854 Jun 18 || 1760 Sep 22 - 1761 Apr 30 (on or after) || 1660 - Unknown || 1646 Jul 19 - 1646 Jul 21 || 1550 (in or before) - Unknown,,
268071,Tigalalu,Composite,Stratovolcano,Andesite / Basaltic Andesite,,Subduction zone | Oceanic crust (< 15 km),621,2350,7396,422007,Pleistocene,,,
268072,Amasing,Composite,Stratovolcano(es),Andesite / Basaltic Andesite,,Subduction zone | Oceanic crust (< 15 km),59,803,26015,92417,Pleistocene,,,
268073,Bibinoi,Composite,Stratovolcano(es),Andesite / Basaltic Andesite,,Subduction zone | Oceanic crust (< 15 km),53,4276,15604,83771,Pleistocene,,,
271010,Balut,Composite,Stratovolcano,Andesite / Basaltic Andesite | Basalt / Picro-Basalt,,Subduction zone | Continental crust (> 25 km),1472,1901,10763,1286239,Pleistocene,,,
271011,Mélébingóy,Composite,Stratovolcano | Caldera,Andesite / Basaltic Andesite | Dacite,,Subduction zone | Continental crust (> 25 km),331,2963,484481,3532683,1641 CE,1640 Dec 26 ± 5 days - 1641 Jan 4 || 1380 ± 75 years - Unknown || 1920 BCE ± 40 years - Unknown,,
271020,Matutum,Composite,Stratovolcano,Andesite / Basaltic Andesite | Dacite,,Subduction zone | Continental crust (> 25 km),855,10431,822372,5316209,1290 CE,1911 Mar 7 - Unknown || 1290 ± 40 years - Unknown || 0170 BCE ± 80 years - Unknown || 0400 BCE ± 60 years - Unknown,,
271030,Apo,Composite,Stratovolcano | Lava dome(s),Andesite / Basaltic Andesite | Dacite,,Subduction zone | Continental crust (> 25 km),1355,5431,767800,7768291,Pleistocene,,,
271031,Leonard Range,Cluster,Stratovolcano | Caldera | Lava dome(s) | Pyroclastic cone,Andesite / Basaltic Andesite | Dacite,,Subduction zone | Continental crust (> 25 km),908,3682,451047,4321874,80 CE,0080 ± 60 years - Unknown || 0077 BCE ± 54 years - Unknown || 4092 BCE ± 122 years - Unknown,,
271040,Makaturing,Composite,Stratovolcano | Pyroclastic cone(s),Basalt / Picro-Basalt,,Subduction zone | Continental crust (> 25 km),1501,9752,418007,6142586,1882 CE,1882 Jul 2 ± 182 days - Unknown || 1865 Jul 2 ± 182 days - Unknown || 1858 Jul 2 ± 182 days - Unknown || 1856 Jul 2 ± 182 days - Unknown,,
271060,Ragang,Composite,Stratovolcano,Basalt / Picro-Basalt | Andesite / Basaltic Andesite,,Subduction zone | Continental crust (> 25 km),447,2646,331796,6423725,1916 CE,1916 Jul 16 ± 15 days - Unknown || 1915 Jul 2 ± 182 days - Unknown || 1873 Jan 16 - 1873 Apr 16 ± 15 days || 1871 Dec 8 (on or before) - Unknown || 1858 Feb 18 - Unknown || 1856 Nov 1 - Unknown || 1840 Jan 20 - 1840 Apr 5 || 1834 Jul 2 ± 182 days - Unknown || 1756 - Unknown,,
271061,Kalatungan,Composite,Stratovolcano,Basalt / Picro-Basalt,Andesite / Basaltic Andesite | Dacite,Subduction zone | Continental crust (> 25 km),418,27005,359527,5273061,Pleistocene,,,
271070,Musuan,Minor (Silicic),Lava dome | Tuff cone,Andesite / Basaltic Andesite | Dacite,,Subduction zone | Continental crust (> 25 km),67591,134114,517243,6198562,Unknown - Evidence Uncertain,1886 Dec 31 ± 365 days - Unknown,,
271071,Malindang,Composite,Stratovolcano | Caldera,Basalt / Picro-Basalt | Andesite / Basaltic Andesite,Dacite,Subduction zone | Continental crust (> 25 km),317,13659,731423,4044299,Pleistocene,,,
271080,Camiguin,Composite,Stratovolcano(es) | Lava dome(s) | Pyroclastic cone,Andesite / Basaltic Andesite | Dacite,Basalt / Picro-Basalt | Rhyolite,Subduction zone | Continental crust (> 25 km),12173,51587,92178,2871353,1953 CE,1948 Sep 1 - 1953 Jul 16 ± 15 days || 1871 Apr 30 - 1875 Jul 2 ± 182 days || 1862 Jul 2 ± 182 days - Unknown || 1827 Jul 2 ± 182 days - Unknown,,
272010,Cuernos de Negros,Composite,Complex | Stratovolcano(es) | Lava dome(s),Andesite / Basaltic Andesite | Dacite | Basalt / Picro-Basalt,,Subduction zone | Continental crust (> 25 km),1458,39681,531644,2960980,Pleistocene,,,
272020,Kanlaon,Composite,Stratovolcano | Caldera | Pyroclastic cone(s),Andesite / Basaltic Andesite | Trachyandesite / Basaltic Trachyandesite,,Subduction zone | Continental crust (> 25 km),1662,40276,923257,9345000,2026 CE,2024 Oct 19 - 2026 Mar 25 (continuing) || 2024 Jun 3 - 2024 Jun 3 || 2017 Dec 9 - 2017 Dec 9 || 2015 Nov 24 - 2015 Dec 30 || 2016 Mar 29 - 2016 Mar 31 || 2016 Jun 18 - 2016 Jun 18 || 2006 Jun 3 - 2006 Jul 25 || 2005 Jan 25 - 2005 May 25 || 2003 Mar 7 - 2003 Jul 23 || 2002 Nov 28 - 2002 Nov 28 || 1996 Aug 10 - 1996 Aug 10 || 1993 Aug 25 - 1993 Sep 3 || 1992 Jun 10 - 1992 Jun 10 || 1992 Jan 8 - 1992 Jan 8 || 1991 Feb 14 - 1991 Feb 14 || 1989 Oct 25 - 1989 Dec 13 (on or after) || 1988 Jun 21 - 1988 Jul 2 || 1987 Mar 30 (?) - 1987 Jul 2 || 1986 Jun 3 - 1986 Aug 18 || 1985 Oct 5 - 1985 Dec 7 || 1985 Mar 13 - 1985 Mar 14 || 1980 Aug 8 - Unknown || 1978 Jun 27 - 1978 Sep 2 || 1970 Jun 5 - 1970 Aug 24 || 1969 Oct 10 - 1969 Oct 29 || 1932 Dec 16 ± 15 days - 1933 Jan 16 ± 15 days || 1927 Mar 20 - Unknown || 1905 Nov 6 - 1906 Jan 16 (on or after) || 1904 Jul 2 ± 182 days - Unknown || 1902 Jan 31 - Unknown || 1894 May 16 ± 15 days - 1894 Jun 16 ± 15 days || 1893 Jul 16 ± 15 days - Unknown || 1884 May 16 ± 15 days - 1884 Jun 16 ± 15 days || 1883 Jul 16 ± 15 days - Unknown || 1866 Jul 2 ± 182 days - Unknown,,
272030,Mandalagan,Composite,Complex | Caldera(s),Andesite / Basaltic Andesite | Dacite | Basalt / Picro-Basalt,,Subduction zone | Continental crust (> 25 km),563,6491,765974,9390672,Pleistocene,,,
272040,Silay,Composite,Stratovolcano | Caldera,Andesite / Basaltic Andesite,,Subduction zone | Continental crust (> 25 km),310,11499,1167963,9522729,Pleistocene,,,
272050,Cabalían,Composite,Stratovolcano,Andesite / Basaltic Andesite,,Subduction zone | Continental crust (> 25 km),26511,88767,277950,2091362,1820 CE,1820 Jul 2 ± 30 years ± 182 days - Unknown,,
272070,Mahagnao,Composite,Stratovolcano,Andesite / Basaltic Andesite | Dacite,,Subduction zone | Continental crust (> 25 km),11,4338,66949,827590,Pleistocene,,,
272080,Biliran,Composite,Compound | Lava dome(s),Andesite / Basaltic Andesite | Basalt / Picro-Basalt,,Subduction zone | Continental crust (> 25 km),4612,78799,254519,3177850,1939 CE,1939 Sep 26 - Unknown,,
273010,Bulusan,Composite,Stratovolcano(es) | Caldera | Lava dome(s),Andesite / Basaltic Andesite | Dacite,Basalt / Picro-Basalt | Rhyolite,Subduction zone | Continental crust (> 25 km),2789,74286,518705,3360418,2025 CE,2025 Apr 28 - 2025 Apr 29 || 2022 Jun 5 - 2022 Jun 12 || 2017 Jun 5 - 2017 Jun 5 || 2016 Jun 10 - 2016 Dec 29 || 2016 Feb 22 - 2016 Feb 22 || 2015 May 1 - 2015 Jul 17 || 2010 Nov 6 - 2011 May 13 || 2006 Oct 10 - 2007 Oct 4 || 2006 Mar 21 - 2006 Jun 28 || 1994 Nov 27 - 1995 Jan 28 (on or after) || 1988 Feb 20 - 1988 Mar 8 || 1983 Jun 25 - 1983 Jun 29 || 1981 Apr 9 - 1981 Apr 27 || 1979 Dec 27 - 1980 Sep 28 || 1978 Jul 29 - 1978 Aug 14 || 1933 Dec 25 - Unknown || 1928 Jun 16 ± 15 days - Unknown || 1918 Oct 16 ± 15 days - 1922 May 16 ± 15 days || 1916 Jan 18 - 1916 Jan 22 || 1894 Jul 2 ± 182 days - Unknown || 1892 Jul 2 ± 182 days - Unknown || 1889 Jul 2 ± 182 days - Unknown || 1886 Jul 2 ± 182 days - Unknown || 1852 Jul 2 ± 182 days - Unknown || 0950 (?) - Unknown || 3050 BCE (?) - Unknown,,
273020,Pocdol Mountains,Composite,Compound,Andesite / Basaltic Andesite | Basalt / Picro-Basalt,Dacite,Subduction zone | Continental crust (> 25 km),2281,116612,808931,3440360,Pleistocene,,,
273030,Mayon,Composite,Stratovolcano,Andesite / Basaltic Andesite | Basalt / Picro-Basalt,,Subduction zone | Continental crust (> 25 km),4350,248448,1166441,4142375,2026 CE,2026 Jan 6 - 2026 Mar 25 (continuing) || 2024 May 30 - 2024 Jul 18 || 2023 Apr 27 ± 2 days - 2024 Feb 4 || 2022 Jun 6 - 2022 Oct 7 || 2018 Jan 13 - 2018 Aug 28 || 2018 Nov 8 - 2018 Dec 27 || 2019 Mar 7 (?) - 2019 Jul 31 ± 30 days || 2014 Aug 12 - 2014 Oct 19 || 2013 May 7 - 2013 May 7 || 2009 Sep 15 - 2010 Jan 1 (?) || 2008 Aug 10 - 2008 Aug 10 || 2006 Jul 13 - 2006 Oct 1 || 2006 Feb 21 - 2006 Feb 23 || 2005 Aug 17 (on or before) - Unknown || 2004 Jun 3 - 2004 Sep 12 (?) || 2003 Oct 8 - 2003 Oct 11 (?) || 2003 Mar 17 - 2003 May 14 || 2002 Oct 11 - 2002 Oct 11 || 2001 Jan 8 - 2001 Aug 8 || 2000 Jul 16 - 2000 Aug 31 || 1999 Jun 22 - 2000 Mar 19 || 1993 Feb 2 - 1993 Apr 4 || 1984 Sep 9 - 1984 Oct 6 || 1978 Mar 7 - 1978 Sep 16 (?) ± 15 days || 1968 Apr 21 - 1968 May 20 || 1947 Jan 8 - 1947 Feb 16 ± 15 days || 1943 Jul 2 ± 182 days - Unknown || 1941 Sep 13 - Unknown || 1939 Aug 21 - Unknown || 1938 Jun 5 - Unknown || 1928 Jan 16 (?) ± 15 days - 1928 Aug 26 ± 5 days || 1902 Jul 2 ± 182 days - Unknown || 1900 Mar 1 - 1900 Mar 6 || 1897 May 23 (on or before) - 1897 Jul 23 || 1896 Aug 31 - 1896 Sep 27 || 1895 Jul 20 - 1895 Nov 26 || 1893 Oct 3 (?) - 1893 Oct 31 || 1891 Oct 3 - 1892 Feb 29 || 1890 Sep 10 - 1890 Sep 30 || 1888 Dec 15 - Unknown || 1886 Jul 8 - 1887 Mar 10 || 1885 Nov 21 - 1885 Dec 2 || 1881 Jul 6 - 1882 Aug 16 ± 15 days || 1876 Nov 26 - 1876 Nov 26 || 1876 Apr 16 ± 15 days - Unknown || 1873 Jun 20 - 1873 Jul 22 || 1872 Sep 5 - 1872 Sep 9 || 1871 Dec 8 - 1872 Jan 16 ± 15 days || 1868 Dec 17 - Unknown || 1863 May 30 - Unknown || 1862 Jul 2 ± 182 days - Unknown || 1861 Jul 2 ± 182 days - Unknown || 1860 Jul 2 ± 182 days - Unknown || 1859 Jul 2 ± 182 days - Unknown || 1858 Jan 16 ± 15 days - 1858 Dec 16 ± 15 days || 1857 Jul 2 ± 182 days - Unknown || 1855 Mar 22 - Unknown || 1853 Jul 13 - 1853 Aug 26 || 1851 May 26 - 1851 Jun 16 ± 15 days || 1846 May 11 - 1846 May 11 || 1845 Jan 20 ± 1 days - 1845 Jan 30 ± 1 days || 1839 Jul 2 ± 182 days - Unknown || 1834 Jul 2 ± 182 days - 1835 May 16 ± 15 days || 1827 Jun 27 - 1828 Feb 28 || 1814 Feb 1 - 1814 Feb 15 (on or after) || 1811 Oct 5 - 1811 Oct 6 || 1800 Oct 30 - 1800 Oct 31 || 1766 Jul 20 - 1766 Jul 25 || 1616 Feb 19 - 1616 Feb 23 || 0470 ± 75 years - Unknown || 3100 BCE ± 300 years - Unknown,,
273031,Masaraga,Composite,Stratovolcano,Andesite / Basaltic Andesite | Dacite | Rhyolite,,Subduction zone | Continental crust (> 25 km),14744,141095,1390760,4193903,Pleistocene,,,
273041,Iriga,Composite,Stratovolcano | Pyroclastic cone(s),Andesite / Basaltic Andesite | Basalt / Picro-Basalt,,Subduction zone | Continental crust (> 25 km),3712,142254,1159509,4399866,Unknown - Evidence Credible,,,
273042,Isarog,Composite,Stratovolcano,Andesite / Basaltic Andesite,,Subduction zone | Continental crust (> 25 km),146,27806,1208269,4291363,3500 BCE,3500 BCE ± 125 years - Unknown,,
273044,Malindig,Composite,Stratovolcano,Andesite / Basaltic Andesite,,Subduction zone | Continental crust (> 25 km),8066,21486,217286,2639049,Pleistocene,,,
273050,Banahaw,Composite,Complex | Stratovolcano(es) | Lava dome(s) | Maar(s),Andesite / Basaltic Andesite | Basalt / Picro-Basalt | Dacite,,Subduction zone | Continental crust (> 25 km),754,93134,1698285,23837289,Unknown - Evidence Credible,1909 Jul 2 ± 182 days - Unknown || 1843 Jul 2 ± 182 days - Unknown || 1743 (?) - Unknown || 1730 - Unknown,,
273060,San Pablo Volcanic Field,Cluster,Volcanic field | Stratovolcano | Pyroclastic cone(s) | Maar(s),Trachyandesite / Basaltic Trachyandesite | Rhyolite | Trachyte / Trachydacite | Andesite / Basaltic Andesite,,Subduction zone | Continental crust (> 25 km),1349742,1349742,3039334,24626975,1350 CE,1350 ± 100 years - Unknown,,
273070,Taal,Caldera,Caldera | Pyroclastic cone(s) | Tuff ring(s),Andesite / Basaltic Andesite | Basalt / Picro-Basalt | Dacite,Rhyolite,Subduction zone | Continental crust (> 25 km),717090,717090,2380326,24814047,2026 CE,2024 Apr 12 - 2026 Mar 16 (continuing) || 2022 Oct 5 - 2022 Oct 29 || 2021 Nov 15 - 2022 Apr 1 || 2021 Jul 1 - 2021 Jul 9 || 2020 Jan 12 - 2020 Jan 22 || 1977 Oct 3 - 1977 Nov 12 (?) || 1976 Sep 3 - 1976 Oct 17 || 1970 Nov 9 - 1970 Nov 13 || 1969 Oct 29 - 1969 Dec 10 || 1968 Jan 31 - 1968 Apr 2 || 1967 Aug 16 - 1967 Aug 19 || 1966 Jul 5 - 1966 Aug 4 || 1965 Sep 28 - 1965 Sep 30 || 1911 Jan 27 - 1911 Feb 8 || 1904 Apr 16 ± 15 days - 1904 Jul 15 ± 5 days || 1903 Apr 16 ± 15 days - Unknown || 1885 Jul 2 ± 182 days - Unknown || 1878 Nov 12 - 1878 Nov 15 || 1874 Jul 19 - Unknown || 1873 Jul 2 ± 182 days - Unknown || 1842 Jul 2 ± 182 days - Unknown || 1825 Jul 2 ± 182 days - Unknown || 1808 Feb 16 ± 15 days - 1808 Apr 16 ± 15 days || 1790 - Unknown || 1754 May 15 - 1754 Dec 4 || 1749 Aug 11 (?) - 1749 Sep || 1731 - Unknown || 1729 - Unknown || 1716 Sep 24 - 1716 Sep 27 || 1715 - Unknown || 1709 - Unknown || 1707 - Unknown || 1645 - Unknown || 1641 - Unknown || 1635 - Unknown || 1634 - Unknown || 1608 ± 3 years - Unknown || 1591 - Unknown || 1572 - Unknown || 3580 BCE ± 200 years - Unknown,,
273080,Laguna Caldera,Caldera,Caldera | Maar(s),Andesite / Basaltic Andesite | Trachyte / Trachydacite | Dacite | Basalt / Picro-Basalt | Rhyolite,,Subduction zone | Continental crust (> 25 km),625567,625567,7073814,26270664,Pleistocene,,,
273083,Pinatubo,Composite,Stratovolcano | Caldera | Lava dome(s),Dacite | Andesite / Basaltic Andesite,Basalt / Picro-Basalt,Subduction zone | Continental crust (> 25 km),725,3808,1148684,21875048,2021 CE,2021 Nov 30 - 2021 Nov 30 || 1993 Feb 16 ± 15 days - 1993 Jul 16 (?) ± 15 days || 1992 Jul 9 (on or before) - 1992 Oct 30 || 1991 Apr 2 - 1991 Sep 2 || 1450 ± 50 years - Unknown || 1050 BCE ± 500 years - Unknown || 3550 BCE (?) - Unknown || 7030 BCE ± 300 years - Unknown || 7460 BCE ± 150 years - Unknown,,
273087,,,,,,,,,,,,,missing:volcano_name; missing:volcano_types; missing:last_known_eruption,
273088,,,,,,,,,,,,,missing:volcano_name; missing:volcano_types; missing:last_known_eruption,
273090,Cagua,Composite,Stratovolcano,Andesite / Basaltic Andesite | Basalt / Picro-Basalt,,Subduction zone | Continental crust (> 25 km),99,1137,34018,1480952,1860 CE,1860 Oct 16 ± 15 days - Unknown,,
274010,Camiguin de Babuyanes,Composite,Stratovolcano | Lava dome(s),Andesite / Basaltic Andesite,,Subduction zone | Crustal thickness unknown,876,1066,1369,409653,1857 CE,1857 Jul 2 (in or before) ± 182 days - Unknown,,
274020,Didicas,Composite,Compound,Andesite / Basaltic Andesite,,Subduction zone | Crustal thickness unknown,0,0,132,52751,1978 CE,1978 Jan 6 - 1978 Jan 9 || 1969 Mar 21 - 1969 Jun 16 ± 15 days || 1952 Mar 16 (on or before) - 1953 Jul 2 (?) ± 182 days || 1900 Jul 2 ± 182 days - Unknown || 1856 Sep 30 ± 30 days - 1860 Oct 16 (?) ± 15 days || 1773 Oct - Unknown,,
274030,Babuyan Claro,Composite,Stratovolcano(es) | Pyroclastic cone(s),Andesite / Basaltic Andesite | Basalt / Picro-Basalt,,Subduction zone | Crustal thickness unknown,208,222,222,11819,1924 CE,1924 Jul 2 ± 182 days - Unknown || 1919 May 16 ± 15 days - Unknown || 1918 May 17 - 1918 May 19 || 1917 Jul 2 ± 182 days - Unknown || 1913 Jul 2 ± 182 days - Unknown || 1907 Jul 2 ± 182 days - Unknown || 1860 Jul 2 ± 182 days - Unknown || 1652 - Unknown,,
274050,,,,,,,,,,,,,missing:volcano_name; missing:volcano_types; missing:last_known_eruption,
274060,Iraya,Composite,Stratovolcano | Pyroclastic cone,Andesite / Basaltic Andesite | Basalt / Picro-Basalt | Trachyandesite / Basaltic Trachyandesite,,Subduction zone | Crustal thickness unknown,3087,4118,8255,12873,1454 CE,1454 (?) - Unknown || 0470 ± 50 years - Unknown || 0250 ± 200 years - Unknown,,
275001,Hainan Volcanic Field,Cluster,Volcanic field | Pyroclastic cone(s) | Maar(s),Basalt / Picro-Basalt,,Intraplate | Continental crust (> 25 km),1731229,1731229,1731229,6213231,1933 CE,1933 Jun 26 ± 4 days - 1933 Jul 8 (on or after) || 1883 Jul 2 ± 182 days - Unknown,,
275020,Lý Son Group,Cluster,Volcanic field | Cone(s),Basalt / Picro-Basalt,,Intraplate | Continental crust (> 25 km),700,700,29181,2303467,Unknown - Evidence Credible,,,
275060,Ile des Cendres,Cluster,Volcanic field | Cone(s) | Submarine,Basalt / Picro-Basalt,,Intraplate | Continental crust (> 25 km),0,0,0,8069,1923 CE,1923 Mar 2 - 1923 May 13,,
275080,Popa,Composite,Stratovolcano | Lava dome(s),Basalt / Picro-Basalt | Andesite / Basaltic Andesite | Trachyandesite / Basaltic Trachyandesite | Dacite,,Intraplate | Continental crust (> 25 km),1108,22922,452931,5923206,6050 BCE,0442 BCE - Unknown || 6050 BCE (?) - Unknown,,
275110,Tengchong,Cluster,Volcanic field | Pyroclastic cone(s),Basalt / Picro-Basalt | Andesite / Basaltic Andesite,Dacite,Intraplate | Continental crust (> 25 km),153375,153375,419814,2932117,5750 BCE,1609 - Unknown || 5750 BCE ± 1000 years - Unknown,,
281031,Kueishantao,Composite,Stratovolcano,Andesite / Basaltic Andesite,,Subduction zone | Continental crust (> 25 km),1,6523,471596,10011370,1853 CE,1853 Oct 29 - 1853 Nov 16 (?) ± 15 days || 1785 ± 10 years - Unknown,,
281032,Tatun Volcanic Group,Cluster,Lava dome(s) | Tuff cone | Tuff ring,Andesite / Basaltic Andesite,Basalt / Picro-Basalt,Subduction zone | Continental crust (> 25 km),5084149,5084149,6735396,9862061,648 CE,0648 (in or after) ± 11 years - Unknown || 4095 BCE ± 35 years - Unknown,,
282010,Submarine Volcano NNE of Iriomotejima,Composite,Stratovolcano | Submarine,Rhyolite,,Subduction zone | Oceanic crust (< 15 km),0,0,31167,50086,1924 CE,1924 Oct 31 - Unknown,,
282020,Io-Torishima,Composite,Complex,Andesite / Basaltic Andesite,,Subduction zone | Oceanic crust (< 15 km),0,0,0,52818,1968 CE,1968 Jul 18 - 1968 Jul 18 || 1967 Nov 25 ± 5 days - Unknown || 1959 Jun 8 - 1959 Jul 16 ± 15 days || 1903 Mar 15 ± 5 days - 1903 Aug 26 ± 5 days || 1868 Feb 16 ± 15 days - 1868 Apr 16 ± 15 days || 1855 Mar 16 ± 15 days - 1855 May 16 ± 15 days || 1829 Dec 1 - 1829 Dec 16 || 1796 Oct - 1796 Nov || 1664 - Unknown,,
282021,Yokoatejima,Composite,Stratovolcano(es) | Caldera,Andesite / Basaltic Andesite,,Subduction zone | Oceanic crust (< 15 km),62,64,72,72351,1835 CE,1835 Jul 2 ± 30 years ± 182 days - Unknown,,
282022,Akusekijima,Composite,Stratovolcano(es) | Lava dome,Andesite / Basaltic Andesite | Dacite,,Subduction zone | Oceanic crust (< 15 km),52,52,199,749,Unknown - Evidence Uncertain,,,
282030,Suwanosejima,Composite,Stratovolcano(es) | Pyroclastic cone(s) | Fissure vent(s),Andesite / Basaltic Andesite,,Subduction zone | Oceanic crust (< 15 km),107,107,325,1966,2026 CE,2004 Oct 23 - 2026 Mar 16 (continuing) || 2000 Dec 19 - 2004 Jul 5 (?) || 2000 Feb 24 ± 4 days - 2000 Feb 24 ± 4 days || 1999 Jun 15 ± 5 days - 1999 Jun 30 ± 4 days || 1999 Jan 5 ± 5 days - 1999 Feb 24 ± 4 days || 1996 Dec 26 - 1997 Apr 17 || 1990 Apr 16 ± 15 days - 1996 Jul 14 || 1988 Jan 16 ± 15 days - 1989 Dec 16 ± 15 days || 1985 Sep 16 ± 15 days - 1987 Jun 16 ± 15 days || 1984 Oct 16 ± 15 days - 1984 Oct 16 ± 15 days || 1960 Jul 2 (?) ± 182 days - Unknown || 1956 Nov 16 ± 15 days - 1984 May 16 ± 15 days || 1954 Jul 2 (?) ± 182 days - Unknown || 1949 Oct 16 ± 15 days - 1954 Jul 2 ± 182 days || 1940 Nov 29 - Unknown || 1938 Mar 11 - 1938 Mar 11 || 1934 Jan 11 - Unknown || 1925 May 13 - Unknown || 1921 Dec 8 - 1922 Jan 26 || 1915 Jul 16 ± 15 days - 1915 Sep 16 ± 15 days || 1914 Mar 21 - Unknown || 1889 Oct 2 - 1889 Oct 13 || 1885 Jan 16 ± 15 days - 1885 May 16 ± 15 days || 1884 Jul 2 ± 182 days - Unknown || 1877 Jul 2 ± 182 days - Unknown || 1813 Jul 2 ± 182 days - 1814 Jul 2 ± 182 days || 1600 (?) - Unknown,,
282040,Nakanoshima,Composite,Stratovolcano(es),Andesite / Basaltic Andesite | Dacite,,Subduction zone | Oceanic crust (< 15 km),137,170,364,14037,1914 CE,1949 Oct 16 ± 15 days - Unknown || 1914 Jan 16 ± 15 days - Unknown,,
282043,Kuchinoshima,Composite,Stratovolcano(es) | Lava dome(s),Andesite / Basaltic Andesite,,Subduction zone | Oceanic crust (< 15 km),93,101,291,11002,1190 CE,1190 ± 40 years - Unknown || 0750 ± 50 years - Unknown || 0900 BCE (?) - Unknown || 6750 BCE ± 50 years - Unknown,,
282050,Kuchinoerabujima,Composite,Stratovolcano(es) | Pyroclastic cone(s),Andesite / Basaltic Andesite,Basalt / Picro-Basalt,Subduction zone | Oceanic crust (< 15 km),1544,1698,5348,149518,2020 CE,2020 Aug 29 - 2020 Aug 29 || 2020 Jan 11 - 2020 May 13 || 2018 Oct 21 - 2019 Feb 3 || 2015 Feb 10 - 2015 May 22 (on or after) || 2015 May 29 - 2015 Jun 19 || 2014 Aug 3 - 2014 Aug 3 || 1980 Sep 28 - 1980 Sep 28 || 1976 Apr 2 - 1976 Apr 2 || 1974 Jun 3 - 1974 Jun 3 || 1973 Nov 5 - 1973 Nov 19 || 1972 Sep 2 - 1972 Sep 2 || 1968 Dec 21 - 1969 Mar 10 || 1966 Nov 22 - 1966 Nov 22 || 1945 Nov 3 - 1945 Nov 3 || 1933 Dec 23 - 1934 Jan 12 || 1932 Jul 23 - 1932 Jul 23 || 1931 Apr 2 - 1931 Jun 22 || 1914 Jan 5 - Unknown || 1906 Jul 2 ± 182 days - 1907 Jul 2 ± 182 days || 1841 May 23 - 1841 Aug 1 || 1840 Jul 2 (in or before) ± 182 days - Unknown || 1560 ± 100 years - Unknown || 1470 ± 50 years - Unknown || 1440 ± 50 years - Unknown || 1110 ± 75 years - Unknown || 1100 ± 100 years - Unknown || 0970 ± 75 years - Unknown || 0600 ± 75 years - Unknown || 1140 BCE ± 150 years - Unknown || 1450 BCE ± 75 years - Unknown || 3480 BCE ± 150 years - Unknown || 9520 BCE ± 300 years - Unknown,,
282060,Kikai,Caldera,Caldera | Stratovolcano(es) | Lava dome(s),Rhyolite | Basalt / Picro-Basalt | Andesite / Basaltic Andesite,,Subduction zone | Oceanic crust (< 15 km),152,152,152,1002905,2025 CE,2025 Dec 29 - 2025 Dec 29 || 2024 Sep 1 - 2024 Sep 3 || 2023 Mar 27 - 2023 Jul 31 || 2020 Oct 6 - 2020 Oct 6 || 2020 Apr 29 - 2020 Apr 29 || 2019 Nov 2 - 2019 Nov 2 || 2013 Jun 4 - 2013 Jun 4 || 2004 Mar 5 - 2004 Oct 16 ± 15 days || 2003 Feb 16 (?) ± 15 days - 2003 Oct 16 ± 15 days || 2002 May 11 - 2002 Jul 16 ± 15 days || 2000 Oct 16 ± 15 days - 2001 Dec 16 ± 15 days || 2000 Jan 16 ± 15 days - 2000 Mar 16 ± 15 days || 1998 Apr 25 - 1999 Aug 16 ± 15 days || 1997 Jul 2 ± 182 days - Unknown || 1988 Jan 18 - 1988 Jan 18 || 1934 Sep 19 - 1935 Aug 16 (?) ± 15 days || 1914 Feb 13 - Unknown || 1430 ± 75 years - Unknown || 1340 ± 30 years - Unknown || 1030 ± 40 years - Unknown || 1010 ± 40 years - Unknown || 0830 ± 40 years - Unknown || 0750 (?) - Unknown || 0390 ± 100 years - Unknown || 0280 BCE ± 75 years - Unknown || 1090 BCE ± 100 years - Unknown || 1830 BCE ± 75 years - Unknown || 2450 BCE ± 840 years - Unknown || 3250 BCE ± 75 years - Unknown || 4350 BCE (?) - Unknown,,
282070,Ata,Caldera,Caldera(s) | Volcanic field | Stratovolcano(es) | Lava dome(s) | Maar(s),Andesite / Basaltic Andesite | Rhyolite | Dacite | Basalt / Picro-Basalt,,Subduction zone | Continental crust (> 25 km),93134,93134,171590,1891380,885 CE,1615 Aug 7 (?) - Unknown || 0885 Aug 29 - 0885 Sep 28 || 0882 Nov - Unknown || 0874 Mar 29 - 0874 Jul (?) || 0866 May - Unknown || 0860 Apr - Unknown || 0770 (?) - Unknown || 0720 (?) - Unknown || 0660 (?) - Unknown || 0600 (?) - Unknown || 0550 (?) - Unknown || 0270 (?) - Unknown || 0150 (?) - Unknown || 0130 (?) - Unknown || 0030 (?) - Unknown || 0080 BCE (?) - Unknown || 0270 BCE (?) - Unknown || 0650 BCE (?) - Unknown || 0700 BCE (?) - Unknown || 1450 BCE (?) - Unknown || 1500 BCE (?) - Unknown || 1550 BCE (?) - Unknown || 1610 BCE (?) - Unknown || 1780 BCE (?) - Unknown || 2010 BCE (?) - Unknown || 2690 BCE ± 75 years - Unknown || 5050 BCE (?) - Unknown,,
282080,Aira,Caldera,Caldera | Stratovolcano | Pyroclastic cone(s) | Lava dome(s),Andesite / Basaltic Andesite | Dacite | Rhyolite,,Subduction zone | Continental crust (> 25 km),4918,113874,905254,2610033,2026 CE,2017 Mar 25 - 2017 Jun 5 || 2017 Apr 26 - 2018 Apr 9 (on or before) || 2017 Oct 24 - 2026 Mar 23 (continuing) || 1955 Oct 13 - 2016 Aug 22 || 1954 Nov 16 ± 15 days - 1954 Dec 16 ± 15 days || 1950 Jun 29 - 1950 Sep 9 || 1948 Jul 27 - 1948 Jul 27 || 1946 Jan 16 ± 15 days - 1946 Nov 16 ± 15 days || 1942 Jul 16 - 1942 Jul 16 || 1941 Apr 28 - 1941 Aug 26 || 1940 Apr 24 - 1940 Jul 9 || 1939 Oct 26 - 1939 Nov 12 (?) || 1938 Feb 25 - 1938 Mar 31 || 1935 Sep 20 - 1935 Sep 24 || 1914 Jan 12 - 1915 May 16 ± 15 days || 1899 Sep 24 - 1899 Sep 25 || 1860 Jul 2 ± 182 days - Unknown || 1799 Mar 27 - Unknown || 1797 - Unknown || 1794 - Unknown || 1792 - Unknown || 1791 Sep 11 - Unknown || 1790 Jul 29 - Unknown || 1785 Nov 20 - Unknown || 1783 Sep 3 - Unknown || 1782 Jan 18 - Unknown || 1779 Nov 8 - 1781 May || 1756 Sep 9 - Unknown || 1749 Sep - Unknown || 1742 Apr 6 - Unknown || 1706 Jan - Unknown || 1678 Mar 1 - Unknown || 1670 Jun 1 - Unknown || 1642 Apr 6 - Unknown || 1478 Sep 23 - Unknown || 1471 Nov 3 - 1476 Oct 8 (on or after) || 1468 - Unknown || 0778 - Unknown || 0766 Jul 20 - Unknown || 0764 Jan - Unknown || 0716 - 0718 || 0712 - Unknown || 0708 - Unknown || 0650 BCE (?) - Unknown || 1050 BCE (?) - Unknown || 2050 BCE (?) - Unknown || 2900 BCE (?) - Unknown || 3050 BCE (?) - Unknown || 4800 BCE (?) - Unknown || 5400 BCE (?) - Unknown || 5950 BCE (?) - Unknown || 6050 BCE (?) - Unknown || 6350 BCE (?) - Unknown || 7750 BCE (?) - Unknown || 8050 BCE ± 1000 years - Unknown,,
282081,Yonemaru-Sumiyoshiike,Minor (Basaltic),Maar(s),Basalt / Picro-Basalt,,Subduction zone | Continental crust (> 25 km),18080,73354,923168,2959509,6200 BCE,6200 BCE (?) - Unknown || 6250 BCE (?) - Unknown,,
282090,Kirishimayama,Shield,Shield | Stratovolcano(es) | Pyroclastic cone(s),Andesite / Basaltic Andesite | Basalt / Picro-Basalt | Dacite,,Subduction zone | Continental crust (> 25 km),647,8415,407050,3972044,2025 CE,2025 Jun 22 - 2025 Sep 7 || 2018 Mar 1 - 2018 Jun 22 ± 5 days || 2018 Apr 19 - 2018 Apr 26 || 2017 Oct 11 - 2017 Oct 17 || 2011 Jan 19 - 2011 Sep 7 || 2010 Mar 30 - 2010 Jul 10 || 2009 Nov 15 - 2009 Nov 15 || 2008 Aug 22 - 2008 Aug 22 || 1991 Dec 1 - 1992 Apr 19 || 1979 Feb 16 ± 60 days - Unknown || 1971 Aug 5 - 1971 Aug 5 || 1959 Feb 13 - 1959 Feb 17 || 1946 Apr 16 ± 15 days - Unknown || 1923 Jul 16 ± 15 days - 1923 Jul 16 ± 15 days || 1914 Nov 8 - Unknown || 1913 Nov 8 - 1914 Jan 8 || 1903 Aug 29 - 1903 Nov 25 || 1899 Jul 28 - 1900 Feb 16 || 1898 Dec 26 - 1898 Dec 30 || 1898 Feb 8 - 1898 Mar 11 || 1897 May 3 - 1897 Sep 4 || 1896 Dec 21 - Unknown || 1895 Jul 16 - 1896 Jun 26 || 1894 Feb 25 - 1894 Feb 28 (?) || 1891 Nov 10 - 1891 Nov 20 (?) || 1891 Jun 19 (?) - Unknown || 1889 Dec 10 - 1889 Dec 18 || 1888 Feb 21 - 1888 May 9 || 1887 May 16 ± 15 days - Unknown || 1880 Sep 16 ± 15 days - Unknown || 1832 Apr 20 - Unknown || 1822 Jan 12 - Unknown || 1771 - 1772 || 1769 - Unknown || 1768 - Unknown || 1719 - Unknown || 1717 Sep 19 - Unknown || 1716 Nov 9 - 1717 Feb 13 || 1716 Mar 11 - Unknown || 1706 Jan 28 - Unknown || 1690 - Unknown || 1678 Mar 1 - Unknown || 1677 - Unknown || 1667 - Unknown || 1662 Sep - 1664 || 1659 Feb - 1661 || 1637 - 1638 || 1628 Oct 26 - Unknown || 1620 - Unknown || 1615 - 1618 || 1613 - 1614 || 1598 - 1600 || 1596 - Unknown || 1595 - Unknown || 1588 Apr 7 - Unknown || 1587 May 24 - Unknown || 1585 Nov (?) - Unknown || 1576 - 1578 || 1574 Feb - Unknown || 1566 Oct 31 - Unknown || 1566 May 6 - Unknown || 1554 - Unknown || 1524 - Unknown || 1381 - Unknown || 1235 Jan 25 - Unknown || 1184 Feb 7 - Unknown || 1175 Jan (?) - Unknown || 1167 - Unknown || 1113 Feb 27 - Unknown || 1112 Mar 9 - Unknown || 1000 (?) - Unknown || 0945 - Unknown || 0858 - Unknown || 0857 - Unknown || 0843 - 0848 || 0837 - 0839 (?) || 0788 Apr 18 - Unknown || 0742 Dec 28 - Unknown || 0700 (?) - Unknown || 2050 BCE (?) - Unknown || 2650 BCE (?) - Unknown || 3050 BCE (?) - Unknown || 3550 BCE (?) - Unknown || 4350 BCE (?) - Unknown || 5700 BCE ± 1350 years - Unknown || 7050 BCE ± 2350 years - Unknown,,
282091,Fukue,Cluster,Volcanic field | Shield(s) | Pyroclastic cone(s),Basalt / Picro-Basalt,,Subduction zone | Continental crust (> 25 km),18334,40407,61450,704523,400 BCE,0400 BCE (?) - Unknown,,
282100,Unzendake,Composite,Complex | Lava dome(s),Andesite / Basaltic Andesite | Dacite,,Subduction zone | Continental crust (> 25 km),6979,76424,444737,7313362,1996 CE,1996 Feb 10 - 1996 May 1 || 1990 Nov 17 - 1995 Feb 16 ± 15 days || 1798 Nov 13 - 1798 Dec || 1792 Feb 10 - 1792 Jul 22 || 1690 - 1692 || 1663 Dec 11 - 1663 Dec 27 (on or after) || 1663 Apr - 1663 May || 0860 - Unknown || 1150 BCE ± 500 years - Unknown || 1450 BCE ± 500 years - Unknown || 2150 BCE ± 800 years - Unknown || 2640 BCE ± 500 years - Unknown || 2720 BCE ± 300 years - Unknown || 4050 BCE ± 3000 years - Unknown,,
282110,Asosan,Caldera,Caldera | Stratovolcano(es) | Pyroclastic cone(s),Andesite / Basaltic Andesite | Dacite | Rhyolite | Basalt / Picro-Basalt,,Subduction zone | Continental crust (> 25 km),75559,75559,234591,6507519,2021 CE,2021 Oct 14 - 2021 Oct 20 || 2019 Apr 16 - 2020 Jun 16 || 2016 Oct 7 - 2016 Nov 12 || 2014 Aug 30 - 2016 May 1 || 2014 Jan 13 - 2014 Feb 19 || 2011 May 15 - 2011 Jun 9 || 2008 Feb 17 - 2008 Feb 17 || 2005 Apr 14 - 2005 Aug 16 ± 15 days || 2004 Jan 14 - 2004 Jan 14 || 2003 Jul 10 - 2003 Jul 14 || 1994 May 2 - 1995 Nov 16 ± 15 days || 1992 Apr 23 - 1993 Jun 10 (?) || 1989 Apr 5 - 1991 Feb 9 || 1988 May 26 ± 5 days - 1989 Jan 16 ± 15 days || 1984 Apr 13 ± 3 days - 1985 Jun 24 || 1983 Jul 16 ± 15 days - 1983 Oct 16 ± 15 days || 1981 Jun 15 - 1981 Jun 15 || 1980 Sep 24 - 1980 Sep 24 || 1979 Jun 5 ± 4 days - 1980 Mar 8 || 1977 Apr 11 - 1978 Aug 16 ± 15 days || 1975 Oct 16 ± 15 days - 1976 Jan 13 || 1973 Jan 16 ± 15 days - 1975 Jun 16 ± 15 days || 1970 Apr 21 - 1972 Sep 16 ± 15 days || 1967 May 16 ± 15 days - 1969 Dec 16 ± 15 days || 1964 Oct 16 ± 15 days - 1966 Dec 16 ± 15 days || 1964 May 14 - 1964 May 14 || 1963 Nov 10 - 1964 Jan 16 ± 15 days || 1963 Apr 21 - 1963 Jul 16 ± 15 days || 1960 Sep 16 ± 15 days - 1962 Nov 16 ± 15 days || 1960 Jan 16 ± 15 days - 1960 Apr 9 || 1959 Jul 16 ± 15 days - 1959 Oct 2 || 1957 Oct 16 ± 15 days - 1958 Dec 16 ± 15 days || 1957 Apr 12 - 1957 Apr 12 || 1956 Dec 21 - 1956 Dec 21 || 1956 Aug 16 ± 15 days - Unknown || 1956 Jan 3 (?) - 1956 Jan 13 || 1955 Jul 25 - 1955 Jul 28 || 1954 May 26 - 1954 May 26 || 1953 Dec 16 ± 15 days - 1953 Dec 16 ± 15 days || 1953 Apr 27 - 1953 Jul 30 || 1952 Jul 2 ± 182 days - Unknown || 1951 May 4 - 1951 Aug 16 ± 15 days || 1950 Nov 16 ± 15 days - 1951 Jan 16 ± 15 days || 1949 Dec 26 - 1950 Apr 15 || 1948 Apr 9 - 1948 Dec 16 ± 15 days || 1947 May 26 - 1947 Sep 16 ± 15 days || 1946 Dec 30 - 1946 Dec 30 || 1946 Apr 29 - 1946 Jun 24 || 1945 Sep 16 - 1945 Sep 19 || 1943 Dec 9 - 1944 Feb 16 ± 15 days || 1943 Jun 21 - 1943 Jun 24 || 1942 Jun 8 - 1942 Jun 22 || 1940 Apr 20 - 1941 Aug 8 || 1938 Jul 2 ± 182 days - 1939 Aug 11 || 1937 May 7 - 1937 May 13 || 1937 Jan 13 - 1937 Jan 13 || 1936 Aug 8 - 1936 Aug 14 || 1936 Feb 5 - 1936 Feb 5 || 1935 Jan 7 - 1935 Oct 8 || 1934 Jul 16 - Unknown || 1932 Jun 16 ± 15 days - 1933 Sep 28 || 1931 Oct 18 - Unknown || 1930 Sep 3 - 1930 Sep 6 || 1928 Sep 6 - 1929 Oct 23 || 1926 Sep 21 - 1928 Jan 13 || 1925 Jan 6 - Unknown || 1923 Jan 16 ± 15 days - 1923 Sep 17 || 1920 Jul 2 ± 182 days - Unknown || 1919 Apr 16 ± 15 days - 1919 May 16 ± 15 days || 1918 Jan 16 - Unknown || 1916 Apr 19 - Unknown || 1914 Jan 13 - Unknown || 1911 Jul 2 ± 182 days - 1912 Jul 2 ± 182 days || 1910 Apr 3 - Unknown || 1909 Apr 16 ± 15 days - Unknown || 1908 Jan 17 - 1908 Jan 29 (?) || 1907 Dec 12 - Unknown || 1906 Jun 7 - Unknown || 1898 Aug 16 (?) ± 15 days - 1899 Apr 16 (on or after) ± 15 days || 1897 Feb 24 ± 4 days - Unknown || 1894 Mar 6 - 1894 Aug 30 || 1884 Mar 21 - 1884 Jun 16 ± 15 days || 1874 Feb 7 - Unknown || 1872 Dec 1 - 1873 Jun 8 || 1856 Mar 18 - 1856 Jun 13 || 1854 Feb 26 - Unknown || 1838 Mar 4 - Unknown || 1837 Oct 8 - Unknown || 1835 May 1 - Unknown || 1830 Aug 11 - 1832 Aug 16 ± 15 days || 1830 Feb 16 - 1830 Mar 16 ± 15 days || 1829 Jun 16 ± 15 days - Unknown || 1828 Jun 16 ± 15 days - Unknown || 1827 Nov 12 - 1828 Jan 16 ± 15 days || 1827 May 16 ± 15 days - Unknown || 1826 Oct 3 - 1826 Nov 22 || 1816 Jun 9 - 1816 Jul 6 || 1815 Feb 10 - 1815 Oct 16 ± 15 days || 1814 Jul 2 ± 182 days - Unknown || 1806 Jun 16 (?) ± 15 days - 1806 Oct 16 (?) ± 15 days || 1804 Sep 5 - Unknown || 1781 - 1788 || 1772 - 1780 || 1765 Jan (?) - 1765 Oct (?) || 1753 - 1754 || 1709 Feb 13 - Unknown || 1708 Sep 17 - Unknown || 1691 Apr - 1691 Aug || 1683 Jun - Unknown || 1675 Feb 16 - Unknown || 1671 - Unknown || 1668 Aug - 1669 || 1668 Feb - Unknown || 1649 Jul - 1649 Aug || 1637 Sep 29 - 1637 Oct 5 || 1631 Dec - Unknown || 1620 Jun 3 - Unknown || 1613 Aug 8 - Unknown || 1612 Aug 12 - Unknown || 1611 - Unknown || 1598 Dec - 1599 || 1592 - Unknown || 1587 - Unknown || 1584 Aug - Unknown || 1583 Dec 14 - Unknown || 1582 Feb 17 - Unknown || 1576 Nov 15 - Unknown || 1574 - Unknown || 1573 - Unknown || 1564 Dec - Unknown || 1563 May 3 - Unknown || 1562 Mar - Unknown || 1558 - 1559 || 1542 Apr 29 - Unknown || 1533 Jul 17 - Unknown || 1522 Feb 15 - Unknown || 1506 Apr 6 - Unknown || 1505 Feb - Unknown || 1485 Jan 5 - Unknown || 1473 May 16 - 1474 Apr 15 ± 45 days || 1438 Jan 9 - 1438 Feb 18 || 1434 May 10 - 1434 May 18 || 1390 - Unknown || 1388 Oct 16 - Unknown || 1387 Jun 19 - Unknown || 1377 May 6 - Unknown || 1376 Jun 20 - Unknown || 1375 Dec 20 - 1376 Jan 31 || 1369 - Unknown || 1346 - Unknown || 1343 - Unknown || 1340 Feb 3 - 1340 Feb 25 || 1335 Feb 7 - 1335 Mar 26 || 1331 Dec - 1333 Jun || 1331 Apr - 1331 Apr || 1324 Sep 7 - Unknown || 1305 May 2 - Unknown || 1286 Aug 30 - Unknown || 1281 Jul - 1281 Aug || 1274 - Unknown || 1273 Aug - Unknown || 1272 Nov 29 - Unknown || 1272 Apr 16 - Unknown || 1271 Jan 5 - Unknown || 1269 Aug - Unknown || 1265 Dec 1 (?) - Unknown || 1240 - Unknown || 1239 Feb 8 - Unknown || 1229 Dec 31 ± 365 days - Unknown || 0986 Sep 2 - Unknown || 0867 Jun 20 (?) - Unknown || 0864 Nov 9 - Unknown || 0796 Aug - Unknown || 0553 - Unknown || 0440 ± 75 years - Unknown || 0630 BCE ± 50 years - Unknown || 1270 BCE ± 75 years - Unknown || 1350 BCE (?) - Unknown || 1650 BCE (?) - Unknown || 1830 BCE ± 75 years - Unknown || 2050 BCE (?) - Unknown || 2150 BCE (?) - Unknown || 2350 BCE ± 75 years - Unknown || 2550 BCE (?) - Unknown || 2850 BCE (?) - Unknown || 3610 BCE ± 50 years - Unknown || 8050 BCE (?) - Unknown,,
282120,Kujusan,Composite,Stratovolcano(es) | Lava dome(s),Andesite / Basaltic Andesite | Dacite,Basalt / Picro-Basalt,Subduction zone | Continental crust (> 25 km),1667,11771,181541,7815706,1996 CE,1995 Oct 11 - 1996 Mar 24 || 1738 Aug 13 - Unknown || 1675 Jun (?) - Unknown || 1662 Jan 26 (?) - Unknown || 0370 ± 40 years - Unknown || 0100 BCE ± 300 years - Unknown || 0990 BCE ± 940 years - Unknown || 1720 BCE ± 300 years - Unknown || 2440 BCE ± 300 years - Unknown || 3110 BCE ± 500 years - Unknown || 3780 BCE ± 500 years - Unknown || 4490 BCE ± 500 years - Unknown || 7180 BCE ± 2640 years - Unknown || 9160 BCE ± 1190 years - Unknown,,
282130,Yufu-Tsurumi,Composite,Lava dome(s),Andesite / Basaltic Andesite | Dacite,,Subduction zone | Continental crust (> 25 km),28543,139722,709942,7767905,867 CE,0867 Mar 4 - 0867 May 4 ± 15 days || 0771 - Unknown || 0200 BCE ± 50 years - Unknown,,
283001,Abu,Cluster,Volcanic field | Shield(s) | Pyroclastic cone(s) | Lava dome(s),Andesite / Basaltic Andesite | Basalt / Picro-Basalt | Dacite,,Subduction zone | Continental crust (> 25 km),3597,9594,117805,4071152,6850 BCE,6850 BCE (?) - Unknown,,
283002,Sanbesan,Composite,Stratovolcano | Caldera | Pyroclastic cone | Lava dome(s),Dacite | Andesite / Basaltic Andesite,,Subduction zone | Continental crust (> 25 km),1300,6795,171742,3597290,650 CE,0650 ± 50 years - Unknown || 1920 BCE (?) - Unknown || 3550 BCE ± 50 years - Unknown,,
283003,Oki-Dogo,Unknown,Shield | Pyroclastic cone,Basalt / Picro-Basalt,,Subduction zone | Continental crust (> 25 km),6391,12388,22076,691492,Pleistocene,,,
283010,Izu-Tobu,Cluster,Pyroclastic cone(s) | Submarine(es) | Lava dome(s) | Maar(s),Basalt / Picro-Basalt | Andesite / Basaltic Andesite | Dacite,Rhyolite,Subduction zone | Continental crust (> 25 km),5886,61727,447660,17928355,1989 CE,1989 Jul 13 - 1989 Jul 13 || 1930 Mar 1 ± 30 days - Unknown || 0750 BCE (?) - Unknown || 1150 BCE ± 50 years - Unknown || 2050 BCE (?) - Unknown || 2100 BCE ± 100 years - Unknown || 8050 BCE (?) - Unknown,,
283020,Hakoneyama,Composite,Complex | Caldera(s) | Lava dome(s),Andesite / Basaltic Andesite | Basalt / Picro-Basalt | Dacite,,Subduction zone | Continental crust (> 25 km),14140,53755,1543563,30282197,2015 CE,2015 Jun 29 - 2015 Jul 1 || 1170 ± 100 years - Unknown || 0050 BCE (?) - Unknown || 1050 BCE (?) - Unknown || 1200 BCE (?) - Unknown || 1400 BCE ± 100 years - Unknown || 3700 BCE ± 100 years - Unknown || 6000 BCE ± 100 years - Unknown,,
283030,Fujisan,Composite,Stratovolcano | Pyroclastic cone(s),Basalt / Picro-Basalt,Andesite / Basaltic Andesite | Dacite,Subduction zone | Continental crust (> 25 km),570,1759,906969,25022187,1708 CE,1854 Dec 23 - 1855 Jan 9 || 1770 Sep 16 - Unknown || 1708 Dec - 1709 Jan 16 (?) || 1707 Dec 16 - 1708 Feb 24 (?) || 1700 - Unknown || 1627 - Unknown || 1560 Jan 4 - Unknown || 1511 Sep 1 ± 30 days - Unknown || 1435 Dec 31 ± 60 days - Unknown || 1427 Jun 28 - Unknown || 1083 Apr 17 - Unknown || 1033 Jan 19 (?) - Unknown || 1017 Oct 1 ± 30 days - Unknown || 0999 Mar - Unknown || 0993 Sep 1 ± 30 days - Unknown || 0952 Mar (?) - Unknown || 0937 Dec 18 - Unknown || 0932 Nov 19 - Unknown || 0870 Aug - Unknown || 0864 Jun 12 (?) - 0866 Feb 1 ± 30 days || 0830 - Unknown || 0826 Dec 31 ± 30 days - Unknown || 0800 Apr 11 - 0802 Feb 6 (on or after) || 0781 Jul - 0781 Jul || 0720 ± 100 years - Unknown || 0530 (?) - Unknown || 0520 ± 100 years - Unknown || 0470 ± 100 years - Unknown || 0400 (?) - Unknown || 0370 ± 200 years - Unknown || 0350 ± 300 years - Unknown || 0300 (?) - Unknown || 0250 (?) - Unknown || 0240 ± 150 years - Unknown || 0220 (?) - Unknown || 0200 (?) - Unknown || 0100 (?) - Unknown || 0050 (?) - Unknown || 0100 BCE ± 150 years - Unknown || 0190 BCE ± 100 years - Unknown || 0520 BCE ± 300 years - Unknown || 0780 BCE ± 500 years - Unknown || 0930 BCE (in or after) - Unknown || 1010 BCE ± 100 years - Unknown || 1030 BCE (?) - Unknown || 1300 BCE ± 150 years - Unknown || 1350 BCE (?) - Unknown || 1450 BCE ± 100 years - Unknown || 1510 BCE ± 100 years - Unknown || 1850 BCE ± 150 years - Unknown || 2050 BCE (?) - Unknown || 2450 BCE ± 500 years - Unknown || 2550 BCE (?) - Unknown || 2800 BCE ± 300 years - Unknown || 3050 BCE (?) - Unknown || 3690 BCE ± 100 years - Unknown || 4120 BCE ± 300 years - Unknown || 4730 BCE ± 500 years - Unknown || 5070 BCE ± 200 years - Unknown || 5540 BCE ± 200 years - Unknown || 6050 BCE (?) - Unknown || 6240 BCE ± 300 years - Unknown || 6580 BCE (in or before) - Unknown || 7310 BCE ± 500 years - Unknown || 7530 BCE ± 300 years - Unknown || 7820 BCE ± 200 years - Unknown || 8540 BCE (in or after) - Unknown,,
283031,Yokodake,Composite,Stratovolcano(es) | Lava dome(s),Andesite / Basaltic Andesite | Dacite | Basalt / Picro-Basalt,,Subduction zone | Continental crust (> 25 km),1920,11751,484929,6385773,1200 CE,1200 ± 100 years - Unknown || 0400 BCE (in or after) - Unknown,,
283040,Ontakesan,Composite,Complex,Andesite / Basaltic Andesite | Basalt / Picro-Basalt | Dacite | Rhyolite,,Subduction zone | Continental crust (> 25 km),176,2098,86634,8307889,2014 CE,2014 Sep 27 - 2014 Oct 14 || 2007 Mar 24 ± 7 days - Unknown || 1991 May 13 - 1991 May 16 || 1979 Oct 28 - 1980 Apr 25 || 0774 - Unknown,,
283050,Hakusan,Composite,Stratovolcano | Lava dome(s),Andesite / Basaltic Andesite | Dacite,,Subduction zone | Continental crust (> 25 km),474,807,63965,5959200,1659 CE,1659 Apr 21 - 1659 Aug 8 || 1658 Oct (?) - Unknown || 1582 - Unknown || 1579 Sep 27 ± 1 days - Unknown || 1554 May - 1556 || 1548 - Unknown || 1547 Mar 4 - 1547 Oct (?) || 1239 (?) - Unknown || 1177 May 18 - Unknown || 1042 - Unknown || 0900 (?) - Unknown || 0884 - Unknown || 0859 - Unknown || 0853 - Unknown || 0706 Sep (?) - Unknown || 0500 ± 100 years - Unknown || 0200 (?) - Unknown || 0200 BCE (?) - Unknown || 2550 BCE ± 150 years - Unknown || 3550 BCE ± 500 years - Unknown || 3900 BCE ± 200 years - Unknown || 5000 BCE (?) - Unknown || 6550 BCE ± 50 years - Unknown || 7050 BCE ± 500 years - Unknown || 7550 BCE ± 50 years - Unknown,,
283060,Norikuradake,Composite,Stratovolcano(es) | Lava dome,Andesite / Basaltic Andesite | Dacite,,Subduction zone | Continental crust (> 25 km),250,1616,109638,5057979,50 BCE,0050 BCE (?) - Unknown || 7250 BCE ± 150 years - Unknown || 7700 BCE ± 150 years - Unknown,,
283069,Akandanayama,Composite,Stratovolcano,,,,,,,,Unknown - Evidence Credible,,,
283070,Yakedake,Composite,Stratovolcano(es) | Lava dome(s),Andesite / Basaltic Andesite | Dacite,,Subduction zone | Continental crust (> 25 km),995,2995,156542,4595286,1995 CE,1995 Feb 11 - 1995 Feb 11 || 1962 Jun 17 - 1963 Jun 29 || 1939 Jun 4 - 1939 Jun 4 || 1935 Sep 11 - 1935 Nov 12 || 1932 Feb 6 - 1932 Feb 6 || 1931 Mar 26 - 1931 Jun 24 || 1930 Mar 13 - 1930 May 11 (?) || 1929 Apr 17 - 1929 Apr 19 || 1927 Dec 15 - 1927 Dec 15 || 1927 Jan 23 - 1927 Apr 29 || 1924 Nov 16 - 1926 Jan 27 || 1923 Jun 26 - 1923 Aug 2 || 1922 Mar 10 - 1922 Mar 19 || 1921 Jul 2 ± 182 days - Unknown || 1920 Jul 2 ± 182 days - Unknown || 1919 Nov 1 - 1919 Nov 1 || 1918 Jul 2 ± 182 days - Unknown || 1917 Jul 2 ± 182 days - Unknown || 1916 Mar 17 - 1916 Apr 12 (?) || 1915 Jun 6 - 1915 Jul 16 || 1915 Feb 16 ± 15 days - 1915 Feb 16 ± 15 days || 1913 Sep 1 (?) - 1914 Jan 13 || 1912 Feb 11 - 1912 Sep 16 (?) ± 15 days || 1911 May 6 - 1911 Aug 23 (?) || 1910 Nov 11 - 1910 Nov 30 || 1907 Dec 8 - 1909 Jun 1 || 1746 Apr 18 - 1746 Apr 19 || 1585 Dec (?) - Unknown || 1460 (?) - Unknown || 1440 (?) - Unknown || 1270 (?) - Unknown || 0686 - Unknown || 0630 (?) - Unknown || 0350 BCE (?) - Unknown || 0400 BCE (?) - Unknown || 0850 BCE (?) - Unknown || 2550 BCE (?) - Unknown || 7450 BCE (?) - Unknown,,
283071,Washiba-Kumonotaira,Shield,Shield(s) | Lava dome(s) ?,Andesite / Basaltic Andesite | Dacite | Basalt / Picro-Basalt,,Subduction zone | Continental crust (> 25 km),53,215,104826,4446247,Pleistocene,,,
283080,Midagahara,Composite,Stratovolcano | Caldera(erosion) | Explosion crater(s),Andesite / Basaltic Andesite | Dacite,,Subduction zone | Continental crust (> 25 km),401,521,143935,4455560,1839 CE,1839 Jun 10 - Unknown || 1836 Jul 9 - Unknown || 0704 - Unknown || 0900 BCE (?) - Unknown || 3200 BCE ± 2100 years - Unknown || 7300 BCE ± 1000 years - Unknown,,
283090,Niigata-Yakeyama,Minor (Silicic),Lava dome | Explosion crater(s),Andesite / Basaltic Andesite | Dacite,,Subduction zone | Continental crust (> 25 km),73,610,226866,3920252,1998 CE,1998 Mar 30 - Unknown || 1997 Oct 29 - 1997 Dec 10 || 1989 Apr 19 - 1989 Apr 26 || 1987 Apr 25 ± 5 days - Unknown || 1983 Apr 14 (?) - 1983 Apr 15 (?) || 1974 Jul 28 - 1974 Jul 28 || 1963 Jul 10 - 1963 Sep 30 || 1963 Feb 14 - Unknown || 1962 Mar 14 - 1962 Mar 14 || 1949 Feb 5 - 1949 Sep 13 || 1854 Jul 2 ± 182 days - Unknown || 1852 Nov 1 - 1853 May 16 (?) ± 15 days || 1773 - Unknown || 1361 - Unknown || 0989 - Unknown || 0887 - Unknown || 0813 (?) - Unknown || 0700 BCE ± 100 years - Unknown || 1750 BCE (?) - Unknown || 1900 BCE ± 1050 years - Unknown,,
283100,Myokosan,Composite,Stratovolcano | Caldera | Lava dome,Andesite / Basaltic Andesite | Dacite | Basalt / Picro-Basalt,,Subduction zone | Continental crust (> 25 km),1563,11033,561142,4118863,750 BCE,0750 BCE - Unknown || 1200 BCE (?) - Unknown || 2100 BCE ± 500 years - Unknown || 2750 BCE ± 100 years - Unknown || 2900 BCE (?) - Unknown || 3450 BCE (?) - Unknown || 3700 BCE (?) - Unknown || 4000 BCE (?) - Unknown || 4300 BCE (?) - Unknown || 4750 BCE ± 300 years - Unknown,,
283110,Asamayama,Composite,Complex | Lava dome(s),Andesite / Basaltic Andesite | Dacite,,Subduction zone | Continental crust (> 25 km),583,22371,457576,7629353,2019 CE,2019 Aug 7 - 2019 Aug 25 || 2015 Jun 16 - 2015 Jun 19 || 2009 Jan 21 - 2009 May 2 || 2008 Aug 10 - 2008 Aug 14 || 2004 Sep 1 - 2004 Dec 9 || 2003 Feb 6 - 2003 Apr 18 || 1990 Jul 20 - 1990 Jul 20 || 1983 Apr 8 - 1983 Apr 8 || 1982 Oct 2 - 1982 Oct 2 || 1982 Apr 26 - 1982 Apr 26 || 1973 Feb 1 - 1973 May 24 || 1965 May 23 - 1965 May 23 || 1961 Aug 18 - 1961 Nov 16 || 1958 Oct 3 - 1959 Aug 26 ± 5 days || 1953 Dec 27 - 1955 Aug 2 || 1952 Jun 7 - 1952 Jun 14 || 1952 Jan 16 ± 15 days - 1952 Jan 16 ± 15 days || 1950 Sep 23 - 1951 Jun 17 || 1949 Mar 10 - 1949 Oct 24 || 1947 Jun 16 ± 15 days - 1947 Aug 14 || 1946 Oct 29 - 1946 Oct 30 || 1944 Jan 16 (?) ± 15 days - 1945 Nov 16 ± 15 days || 1938 Mar 25 - 1942 Dec 16 ± 15 days || 1934 Nov 13 - 1937 Jul 16 ± 15 days || 1934 Jun 16 ± 15 days - 1934 Jun 16 ± 15 days || 1934 Jan 9 - 1934 Feb 11 || 1933 Jan 9 - 1933 Aug 3 || 1931 Mar 31 - 1932 Sep 21 || 1930 Apr 18 - 1930 Oct 17 || 1929 Sep 18 - 1929 Nov 15 || 1929 Jan 22 - 1929 Apr 5 || 1927 Mar 16 (?) ± 15 days - 1928 Jul 25 || 1924 Sep 7 - 1924 Sep 29 || 1920 Dec 6 - 1922 Apr 5 || 1919 Mar 14 - 1919 Aug 27 (?) || 1918 Jul 2 ± 182 days - Unknown || 1917 May 3 (?) - 1917 Jul 31 (?) || 1916 May 12 (?) - 1916 Oct 2 || 1915 May 13 (?) - 1915 Aug 27 || 1914 Nov 12 - 1914 Dec 16 || 1909 Jan 29 - 1914 Jun 24 || 1908 Aug 5 - 1908 Sep 23 || 1908 Feb 13 (?) - 1908 Feb 19 || 1907 Aug 24 - 1907 Aug 24 || 1907 Jan 18 - 1907 Mar 28 || 1906 Apr 6 - 1906 Apr 6 || 1905 Jul 2 ± 182 days - Unknown || 1904 Aug 4 - 1904 Aug 4 || 1903 May 28 - 1903 Jun 30 || 1902 Aug 5 - 1902 Aug 20 (?) || 1902 Feb 7 - 1902 Feb 7 || 1900 Jan 22 - 1901 Oct 16 ± 15 days || 1899 Jul 10 - 1899 Aug 7 || 1899 Mar 11 - Unknown || 1894 Apr 6 - 1894 Jun 14 || 1892 Jul 2 ± 182 days - Unknown || 1891 Oct 16 (?) ± 15 days - 1891 Nov 16 (?) ± 15 days || 1889 Dec 24 - Unknown || 1879 Sep 27 - 1879 Sep 28 || 1878 Jul 2 ± 182 days - Unknown || 1875 Jun 14 - Unknown || 1869 May 16 ± 15 days - 1869 Oct 23 || 1815 Feb 28 - Unknown || 1803 Nov 7 - 1803 Nov 21 || 1803 Jul 4 - Unknown || 1783 May 9 - 1783 Aug 5 || 1779 Sep (?) - Unknown || 1777 - Unknown || 1776 Sep 5 - Unknown || 1769 Aug 6 - Unknown || 1762 Apr - Unknown || 1755 Jul 5 - 1755 Aug 6 || 1754 Aug 7 - 1754 Aug 19 || 1752 Sep - 1752 Oct || 1733 Jul 30 - Unknown || 1732 Jul 30 - Unknown || 1731 - Unknown || 1729 Nov - 1729 Dec || 1729 Feb - Unknown || 1728 Nov 10 - Unknown || 1723 Aug 20 - Unknown || 1722 Nov 18 - 1723 Feb 5 || 1721 Jun 22 - Unknown || 1720 Jun 6 - Unknown || 1719 Jun 10 - 1719 Jun 11 || 1718 Sep 26 - Unknown || 1717 Sep 23 - Unknown || 1713 Jun 29 - Unknown || 1711 Apr 13 - Unknown || 1710 Mar 25 - 1710 Apr 13 || 1708 Dec 29 - 1709 Jan 8 || 1706 Nov 20 - Unknown || 1704 Feb 5 - 1704 Feb 9 || 1703 - Unknown || 1695 Jun 23 - Unknown || 1669 Apr 5 - 1669 Apr 15 || 1661 Oct 21 - Unknown || 1661 Apr 14 - 1661 Apr 27 || 1660 Apr 8 (?) - Unknown || 1659 Jul 24 - Unknown || 1658 Jul 24 - Unknown || 1657 Nov 25 - Unknown || 1656 Dec 10 - Unknown || 1655 Nov 25 - Unknown || 1653 - 1654 || 1652 Apr 12 - Unknown || 1651 Apr 12 - Unknown || 1650 Jul 2 (?) - Unknown || 1649 Aug 17 (?) - 1649 Aug 18 (?) || 1648 Aug 30 (?) - Unknown || 1648 Mar 20 (?) - Unknown || 1647 Feb 18 - 1647 Mar 25 || 1645 Feb 24 (?) - 1645 May 21 || 1644 Feb 20 - Unknown || 1609 Apr 5 - Unknown || 1605 Dec - 1606 Feb || 1604 - Unknown || 1600 Jan 14 - 1600 Jan 28 (?) || 1598 May 13 - Unknown || 1597 Apr 17 - Unknown || 1596 May 1 - 1596 Sep || 1595 Jun 1 - Unknown || 1591 Nov 29 - Unknown || 1591 Apr 15 ± 45 days - Unknown || 1590 Apr 15 ± 45 days - Unknown || 1582 Jul 3 - Unknown || 1582 Feb 16 - Unknown || 1534 - Unknown || 1532 Jan 14 - Unknown || 1528 - Unknown || 1527 May - Unknown || 1518 - Unknown || 1427 Jul 7 - Unknown || 1281 Jul 3 - Unknown || 1128 - Unknown || 1108 Aug 29 - 1108 Oct || 0685 Apr - Unknown || 0350 Nov 15 ± 10 years ± 15 days - Unknown || 1130 BCE ± 1430 years - Unknown || 2550 BCE ± 500 years - Unknown || 3450 BCE (?) - Unknown || 4100 BCE ± 100 years - Unknown || 4700 BCE ± 500 years - Unknown || 6400 BCE ± 1050 years - Unknown || 7200 BCE ± 200 years - Unknown,,
283120,Kusatsu-Shiranesan,Composite,Stratovolcano(es) | Pyroclastic cone(s) | Lava dome,Andesite / Basaltic Andesite | Dacite,,Subduction zone | Continental crust (> 25 km),4485,14296,434049,5947593,2018 CE,2018 Jan 23 - 2018 Jan 23 || 1989 Jan 6 - 1989 Jan 6 || 1983 Jul 26 - 1983 Dec 21 || 1982 Oct 26 - 1982 Dec 29 || 1976 Mar 2 - 1976 Mar 2 || 1958 Dec 31 ± 365 days - Unknown || 1942 Feb 2 - Unknown || 1941 Jan 19 - 1941 Jan 19 || 1940 Apr 7 - 1940 Sep 13 || 1939 Feb 16 (?) ± 15 days - 1939 Aug 28 (?) || 1938 Jul 17 (?) - 1938 Oct 5 (?) || 1937 Nov 27 - 1938 Feb 16 (?) || 1934 Jul 2 ± 182 days - Unknown || 1933 Jul 2 ± 182 days - Unknown || 1932 Oct 1 - 1932 Nov 16 ± 15 days || 1927 Dec 29 - 1927 Dec 31 || 1925 Jan 22 (?) - 1925 Jan 30 || 1905 Oct 16 ± 15 days - 1905 Oct 16 ± 15 days || 1903 Jul 2 ± 182 days - Unknown || 1902 Jul 15 - 1902 Sep 24 || 1900 Oct 1 - 1900 Oct 1 || 1897 Jul 8 - 1897 Aug 16 || 1882 Aug 6 - 1882 Aug 16 (on or after) || 1805 Jul 2 ± 182 days - Unknown || 1470 ± 150 years - Unknown || 0050 (?) - Unknown || 0550 BCE (?) - Unknown || 1120 BCE ± 150 years - Unknown || 3750 BCE (?) - Unknown || 6270 BCE ± 200 years - Unknown || 6550 BCE (?) - Unknown,,
283121,Shiga,Shield,Shield(s) | Pyroclastic cone(s),Andesite / Basaltic Andesite,,Subduction zone | Continental crust (> 25 km),2474,9610,449713,5784413,Unknown - Evidence Uncertain,,,
283122,Harunasan,Composite,Stratovolcano | Caldera | Lava dome(s) | Pyroclastic cone,Andesite / Basaltic Andesite | Dacite | Basalt / Picro-Basalt,,Subduction zone | Continental crust (> 25 km),1135,36116,1185012,14076385,550 CE,0550 Jun 1 ± 10 years ± 30 days - Unknown || 0520 Jun 1 ± 10 years ± 30 days - Unknown || 0450 ± 50 years - Unknown,,
283130,Akagisan,Composite,Stratovolcano | Caldera | Lava dome(s),Andesite / Basaltic Andesite,Dacite,Subduction zone | Continental crust (> 25 km),961,4538,1116366,16718375,Unknown - Evidence Uncertain,1938 Jul 16 (on or before) - Unknown || 1251 May 18 - Unknown,,
283131,Hiuchigatake,Composite,Stratovolcano | Lava dome(s),Andesite / Basaltic Andesite | Dacite,,Subduction zone | Continental crust (> 25 km),179,720,18567,7523509,1544 CE,1544 Jul 28 - Unknown || 6050 BCE (?) - Unknown,,
283140,Nikko-Shiranesan,Shield,Shield | Lava dome(s),Andesite / Basaltic Andesite,,Subduction zone | Continental crust (> 25 km),513,2502,79844,9303980,1952 CE,1952 Jul 16 ± 15 days - 1952 Sep 16 ± 15 days || 1890 Aug 22 - Unknown || 1889 Dec 4 - Unknown || 1873 Mar 12 - Unknown || 1872 May 14 - Unknown || 1871 Apr 16 ± 15 days - Unknown || 1649 Feb - Unknown || 1625 - Unknown || 0800 (?) - Unknown || 0400 BCE (?) - Unknown || 2000 BCE (?) - Unknown || 4150 BCE ± 200 years - Unknown,,
283141,Nantaisan,Composite,Stratovolcano,Andesite / Basaltic Andesite | Dacite | Basalt / Picro-Basalt,,Subduction zone | Continental crust (> 25 km),781,12768,128931,11079746,9540 BCE,9540 BCE ± 500 years - Unknown,,
283142,Omanago Group,Cluster,Lava dome(s),Dacite | Andesite / Basaltic Andesite,,Subduction zone | Continental crust (> 25 km),698,16316,113236,10276159,3050 BCE,3050 BCE (?) - Unknown,,
283143,Takaharayama,Composite,Stratovolcano | Lava dome(s),Andesite / Basaltic Andesite | Basalt / Picro-Basalt | Dacite,,Subduction zone | Continental crust (> 25 km),303,4572,381490,8750106,4570 BCE,4570 BCE (?) - Unknown,,
283150,Nasudake,Composite,Stratovolcano(es) | Lava dome(s),Andesite / Basaltic Andesite | Basalt / Picro-Basalt | Dacite,,Subduction zone | Continental crust (> 25 km),639,5802,298717,5725203,1963 CE,1963 Nov 20 - 1963 Nov 21 || 1963 Jul 10 - 1963 Jul 11 || 1960 Oct 10 (?) - Unknown || 1953 Oct 24 - 1953 Oct 29 || 1881 Jul 1 - Unknown || 1846 Aug 16 ± 15 days - Unknown || 1410 Mar 5 - Unknown || 1408 Feb 24 - Unknown || 1404 Feb 11 - Unknown || 1397 Feb 17 - Unknown || 0330 ± 200 years - Unknown || 0250 ± 200 years - Unknown || 0250 BCE (?) - Unknown || 0700 BCE ± 200 years - Unknown || 1440 BCE ± 500 years - Unknown || 2000 BCE ± 1450 years - Unknown || 4350 BCE ± 950 years - Unknown || 5550 BCE ± 500 years - Unknown || 6050 BCE (?) - Unknown || 7850 BCE (?) - Unknown || 8550 BCE ± 1500 years - Unknown,,
283151,Numazawa,Shield,Shield | Caldera | Lava dome(s),Dacite | Rhyolite | Andesite / Basaltic Andesite,,Subduction zone | Continental crust (> 25 km),990,4082,110303,4383246,3400 BCE,3400 BCE (?) - Unknown,,
283160,Bandaisan,Composite,Stratovolcano | Caldera,Andesite / Basaltic Andesite,,Subduction zone | Continental crust (> 25 km),5923,17608,327454,4709782,1888 CE,1888 Jul 15 - 1888 Jul 15 || 1808 Jul 2 (?) ± 182 days - Unknown || 1787 (in or before) - Unknown || 1767 ± 16 years - Unknown || 1719 (in or before) - Unknown || 1611 - Unknown || 0806 - Unknown || 0550 BCE (?) - Unknown || 1800 BCE ± 1250 years - Unknown || 3850 BCE (?) - Unknown || 4650 BCE (?) - Unknown || 5050 BCE (?) - Unknown || 6350 BCE (?) - Unknown || 7450 BCE (?) - Unknown,,
283170,Adatarayama,Composite,Stratovolcano(es) | Lava dome(s),Andesite / Basaltic Andesite,Dacite | Basalt / Picro-Basalt,Subduction zone | Continental crust (> 25 km),428,3936,717078,5024654,1996 CE,1996 Sep 1 - 1996 Sep 1 || 1900 Jul 17 - 1900 Jul 17 || 1899 Aug 24 - 1899 Nov 12 || 1813 Jan 10 - Unknown || 0950 ± 50 years - Unknown || 0050 BCE ± 900 years - Unknown || 0590 BCE ± 200 years - Unknown || 1550 BCE ± 1100 years - Unknown || 2600 BCE ± 50 years - Unknown || 4300 BCE ± 850 years - Unknown || 6150 BCE ± 100 years - Unknown || 6650 BCE ± 100 years - Unknown || 8050 BCE (?) - Unknown,,
283180,Azumayama,Composite,Stratovolcano(es) | Shield(s) | Lava dome(s) | Pyroclastic cone(s),Andesite / Basaltic Andesite | Basalt / Picro-Basalt,,Subduction zone | Continental crust (> 25 km),128,907,548195,4877648,1977 CE,1977 Dec 7 - 1977 Dec 7 || 1966 May 16 ± 15 days - 1966 Aug 16 ± 15 days || 1952 Jun 18 - Unknown || 1950 Feb 10 - 1950 Feb 19 || 1914 Nov 12 - 1914 Nov 14 ± 1 days || 1896 Sep 5 - 1896 Sep 19 || 1895 Mar 8 - 1895 Sep 13 || 1894 Mar 16 - 1894 Apr 12 || 1893 Nov 9 - 1893 Nov 10 || 1893 May 19 - 1893 Jul 13 || 1844 Jul 2 ± 182 days - Unknown || 1800 Jul 2 (?) ± 182 days - Unknown || 1711 (?) - Unknown || 1331 - Unknown || 0600 ± 200 years - Unknown || 0150 BCE ± 200 years - Unknown || 0950 BCE ± 100 years - Unknown || 1800 BCE ± 50 years - Unknown || 2750 BCE ± 200 years - Unknown || 3000 BCE ± 50 years - Unknown || 4150 BCE ± 500 years - Unknown || 4550 BCE ± 1000 years - Unknown || 5400 BCE ± 200 years - Unknown || 5700 BCE ± 50 years - Unknown,,
283190,Zaozan [Zaosan],Composite,Complex,Andesite / Basaltic Andesite | Basalt / Picro-Basalt | Dacite,,Subduction zone | Continental crust (> 25 km),632,4681,550409,4956958,1940 CE,1940 May 18 - 1940 May 18 || 1939 Jul 16 ± 15 days - Unknown || 1927 Jul 2 ± 182 days - Unknown || 1905 Jul 2 ± 182 days - Unknown || 1897 Jan 14 - 1897 Jan 14 || 1896 Sep 1 (?) - Unknown || 1896 Mar 8 - 1896 Mar 8 || 1895 Aug 22 - 1895 Sep 28 || 1895 Feb 15 - 1895 Mar 22 || 1894 Jul 3 - 1894 Jul 3 || 1890 Jul 2 ± 182 days - Unknown || 1873 Aug 16 ± 15 days - 1873 Sep 16 ± 15 days || 1867 Oct 21 - Unknown || 1833 Jul 2 ± 182 days - Unknown || 1831 Nov 22 - Unknown || 1830 Jul 2 ± 182 days - Unknown || 1822 May 1 - Unknown || 1821 Jan 27 - 1821 May 1 || 1809 Jun 12 - 1809 Dec 29 || 1806 Jul 12 - Unknown || 1804 May 16 (?) ± 15 days - Unknown || 1796 Mar 24 - Unknown || 1794 Sep 22 - 1794 Dec (on or after) || 1694 May 29 - 1694 Aug 30 (?) || 1670 Apr 26 - 1670 Sep 26 || 1669 - Unknown || 1668 Aug - Unknown || 1641 - Unknown || 1630 - Unknown || 1623 May 15 (?) - 1624 Nov 15 (?) || 1622 - Unknown || 1620 - Unknown || 1400 ± 100 years - Unknown || 1350 (?) - Unknown || 1331 - 1333 || 1230 Nov 29 (?) - Unknown || 1227 Oct (?) - Unknown || 1183 May 28 (?) - Unknown || 0884 (?) - Unknown || 0773 Nov (?) - Unknown || 0300 ± 200 years - Unknown || 1600 BCE (?) - Unknown || 2000 BCE ± 500 years - Unknown || 2300 BCE ± 75 years - Unknown || 2600 BCE ± 200 years - Unknown || 3350 BCE ± 50 years - Unknown || 3850 BCE ± 200 years - Unknown || 4150 BCE ± 200 years - Unknown || 5500 BCE (?) - Unknown || 5600 BCE (?) - Unknown || 7600 BCE (?) - Unknown,,
283191,Hijiori,Caldera,Caldera | Lava dome,Dacite,,Subduction zone | Continental crust (> 25 km),83511,83511,302176,4338240,Unknown - Evidence Credible,,,
283200,Naruko,Cluster,Caldera | Lava dome(s),Rhyolite | Dacite,,Subduction zone | Continental crust (> 25 km),54771,54771,210262,4417058,837 CE,0837 May 27 - Unknown || 0800 BCE (in or before) - Unknown || 1350 BCE ± 50 years - Unknown || 1400 BCE (in or before) - Unknown || 4400 BCE (in or after) - Unknown,,
283210,Kurikomayama,Composite,Stratovolcano | Caldera | Pyroclastic cone(s),Andesite / Basaltic Andesite | Dacite,,Subduction zone | Continental crust (> 25 km),226,1081,104165,4615592,1950 CE,1950 Jan 15 - Unknown || 1946 Nov 24 - Unknown || 1944 Nov 20 - 1944 Dec 16 ± 15 days || 1783 - Unknown || 1744 Feb 3 - Unknown || 1726 ± 10 years - Unknown || 1450 ± 50 years - Unknown || 3540 BCE ± 2480 years - Unknown,,
283220,Chokaisan,Composite,Stratovolcano(es) | Caldera | Lava dome(s),Andesite / Basaltic Andesite | Basalt / Picro-Basalt,,Subduction zone | Continental crust (> 25 km),131,707,185681,2301576,1974 CE,1974 Mar 1 - 1974 Apr 30 || 1834 Jul 9 - 1834 Jul 16 ± 15 days || 1821 May 23 - Unknown || 1800 Dec 16 ± 15 days - 1804 Jul 16 (?) ± 15 days || 1764 - Unknown || 1740 Jun (?) - 1747 (?) || 1738 Dec 31 ± 365 days - Unknown || 1735 - Unknown || 1659 Apr - 1663 ± 1 years || 1560 - Unknown || 1477 - Unknown || 0999 - Unknown || 0948 Dec 31 ± 365 days - Unknown || 0939 May 15 - Unknown || 0884 Jul 26 - 0884 Aug || 0871 May 5 - Unknown || 0861 May - Unknown || 0857 May - Unknown || 0856 - Unknown || 0839 Oct 14 - Unknown || 0830 Jan - Unknown || 0817 ± 7 years - Unknown || 0804 - 0806 || 0717 Jul - Unknown || 0711 ± 3 years - Unknown || 0610 ± 18 years - Unknown || 0577 Dec 1 ± 30 days - 0578 Jul 15 ± 45 days || 0573 Mar (?) - Unknown || 0450 BCE (?) - Unknown || 0650 BCE (?) - Unknown || 1050 BCE (?) - Unknown,,
283230,Akita-Komagatake,Composite,Stratovolcano(es) | Caldera(s) | Pyroclastic cone(s),Basalt / Picro-Basalt | Andesite / Basaltic Andesite,,Subduction zone | Continental crust (> 25 km),376,3864,216708,2521611,1971 CE,1970 Sep 18 - 1971 Jan 26 || 1932 Jul 21 - 1932 Jul 24 || 1902 Jul 2 ± 182 days - Unknown || 1890 Dec 16 ± 15 days - 1891 Jan 16 ± 15 days || 1100 (?) - Unknown || 0807 (?) - Unknown || 0400 ± 500 years - Unknown || 0050 BCE ± 200 years - Unknown || 0200 BCE ± 200 years - Unknown || 0350 BCE ± 200 years - Unknown || 1450 BCE ± 50 years - Unknown || 5950 BCE ± 200 years - Unknown || 6150 BCE ± 300 years - Unknown || 6350 BCE ± 200 years - Unknown || 7100 BCE ± 900 years - Unknown || 7850 BCE ± 200 years - Unknown || 8300 BCE ± 300 years - Unknown || 8800 BCE ± 300 years - Unknown,,
283240,Iwatesan,Composite,Complex | Caldera | Pyroclastic cone(s),Basalt / Picro-Basalt | Andesite / Basaltic Andesite,,Subduction zone | Continental crust (> 25 km),439,18462,415920,2976795,1919 CE,1934 Jul 16 ± 15 days - 1935 Jul 2 ± 182 days || 1919 Jul 15 (?) - 1919 Jul 15 (?) || 1732 Jan 22 - 1732 Oct (?) || 1689 Jun 22 - Unknown || 1687 Apr 14 - 1687 Jul || 1686 Mar 26 - 1686 Mar 27 || 1450 ± 100 years - Unknown || 1300 ± 50 years - Unknown || 0150 (?) - Unknown || 0350 BCE (?) - Unknown || 0450 BCE (?) - Unknown || 1150 BCE (?) - Unknown || 1250 BCE (?) - Unknown || 1500 BCE ± 300 years - Unknown || 1650 BCE (?) - Unknown || 2000 BCE (?) - Unknown || 2050 BCE ± 200 years - Unknown || 2700 BCE ± 200 years - Unknown || 2950 BCE ± 50 years - Unknown || 3050 BCE (?) - Unknown || 3250 BCE ± 500 years - Unknown || 3750 BCE ± 100 years - Unknown || 4350 BCE ± 500 years - Unknown || 4450 BCE ± 500 years - Unknown || 4850 BCE ± 50 years - Unknown || 4900 BCE ± 100 years - Unknown || 5650 BCE ± 50 years - Unknown || 6300 BCE ± 100 years - Unknown || 6450 BCE ± 1600 years - Unknown,,
283250,Hachimantai,Composite,Stratovolcano,Andesite / Basaltic Andesite | Basalt / Picro-Basalt | Dacite,,Subduction zone | Continental crust (> 25 km),268,1261,89833,3131126,5350 BCE,5350 BCE (?) - Unknown || 7900 BCE ± 150 years - Unknown,,
283260,Akita-Yakeyama,Composite,Stratovolcano | Lava dome(s),Andesite / Basaltic Andesite,Dacite,Subduction zone | Continental crust (> 25 km),127,721,55493,3122037,1997 CE,1997 Aug 16 - 1997 Aug 16 || 1997 May 11 - 1997 May 11 || 1957 Jul 2 ± 182 days - Unknown || 1951 Feb 16 ± 15 days - Unknown || 1950 Jul 2 ± 182 days - Unknown || 1949 Aug 30 - 1949 Sep 1 || 1948 Jul 2 ± 182 days - Unknown || 1929 Sep 16 ± 15 days - Unknown || 1890 Sep 23 - Unknown || 1887 Jul 2 ± 182 days - Unknown || 1867 Jul 2 ± 182 days - Unknown || 1678 Feb 22 (?) - Unknown || 1390 ± 75 years - Unknown || 0807 Nov 1 - Unknown || 0570 (?) - Unknown || 1250 BCE ± 200 years - Unknown || 3050 BCE (?) - Unknown,,
283262,Megata,Minor (Basaltic),Maar(s),Andesite / Basaltic Andesite | Basalt / Picro-Basalt | Dacite | Rhyolite,,Subduction zone | Continental crust (> 25 km),1854,3577,81218,1205440,2050 BCE,2050 BCE (?) - Unknown || 7050 BCE (?) - Unknown,,
283270,Iwakisan,Composite,Stratovolcano | Lava dome(s),Andesite / Basaltic Andesite,,Subduction zone | Continental crust (> 25 km),918,13229,465065,1617801,1863 CE,1863 Mar 23 - Unknown || 1856 May 20 - Unknown || 1848 Jan 18 - Unknown || 1845 Apr 4 - Unknown || 1844 Apr 7 - Unknown || 1833 Apr 11 - Unknown || 1807 Mar 31 - Unknown || 1800 May 11 - Unknown || 1794 Apr 3 - Unknown || 1793 Apr 2 - Unknown || 1790 Oct 9 - Unknown || 1783 Dec 3 - Unknown || 1782 Dec 1 ± 30 days - 1783 Mar 12 || 1782 Apr 12 - Unknown || 1769 - Unknown || 1709 Apr 23 - Unknown || 1694 Jun 19 - Unknown || 1672 Jul 12 - 1672 Jul 28 || 1618 Jan 31 - Unknown || 1605 Apr 10 - Unknown || 1604 Feb 7 - Unknown || 1600 Jul 23 - 1600 Jul 25 || 1600 Feb 22 - Unknown || 1597 Jun 13 - Unknown || 1597 Jan - Unknown || 0550 BCE ± 500 years - Unknown || 1050 BCE (?) - Unknown || 4050 BCE (?) - Unknown || 8050 BCE (?) - Unknown,,
283271,Towada,Caldera,Caldera | Stratovolcano(es) | Lava dome(s),Andesite / Basaltic Andesite | Dacite | Basalt / Picro-Basalt | Rhyolite,,Subduction zone | Continental crust (> 25 km),12366,12366,103631,2237010,915 CE,0915 Aug 17 - Unknown || 0750 BCE (?) - Unknown || 4150 BCE (?) - Unknown || 5550 BCE (?) - Unknown || 6250 BCE (?) - Unknown || 7250 BCE (?) - Unknown || 8250 BCE (?) - Unknown || 9490 BCE (?) - Unknown,,
283280,Hakkodasan,Composite,Stratovolcano(es) | Caldera | Lava dome(s),Andesite / Basaltic Andesite | Dacite | Basalt / Picro-Basalt | Rhyolite,,Subduction zone | Continental crust (> 25 km),225,730,476624,1921667,1550 CE,1550 ± 100 years - Unknown || 1340 ± 75 years - Unknown || 0450 (?) - Unknown || 0050 BCE (?) - Unknown || 1150 BCE (?) - Unknown || 2250 BCE (?) - Unknown || 2850 BCE (?) - Unknown,,
283290,Osorezan,Composite,Stratovolcano | Caldera | Lava dome(s) | Pyroclastic cone,Andesite / Basaltic Andesite | Dacite,,Subduction zone | Continental crust (> 25 km),11577,42590,80028,1714622,1787 CE,1787 (in or before) - Unknown,,
284010,Izu-Oshima,Composite,Stratovolcano | Caldera | Pyroclastic cone(s),Basalt / Picro-Basalt | Andesite / Basaltic Andesite,Dacite,Subduction zone | Oceanic crust (< 15 km),2381,8037,8375,11837468,1990 CE,1990 Oct 4 - 1990 Oct 4 || 1987 Nov 16 - 1988 Jan 27 || 1986 Nov 15 - 1986 Dec 18 || 1974 Feb 28 - 1974 Jun 20 || 1971 Apr 5 - 1971 Apr 5 || 1970 Jun 30 - 1970 Nov 12 || 1970 Jan 26 - 1970 Jan 31 || 1969 Jan 19 - 1969 Jul 16 ± 15 days || 1968 Jul 28 - 1968 Jul 28 || 1968 Jan 19 - 1968 Jan 19 || 1967 May 16 ± 15 days - 1967 Aug 16 ± 15 days || 1965 Nov 25 - 1966 Jun 13 || 1962 Jan 16 ± 15 days - 1965 May 16 ± 15 days || 1961 Jul 2 ± 182 days - Unknown || 1959 Oct 16 ± 15 days - 1960 Nov 16 ± 15 days || 1959 Jan 16 ± 15 days - 1959 Jan 16 ± 15 days || 1958 Apr 17 - 1958 Jun 13 || 1957 Aug 16 ± 15 days - 1957 Dec 16 ± 15 days || 1956 Aug 25 - 1956 Aug 26 || 1956 Jan 3 - 1956 Jan 6 || 1953 Oct 5 - 1954 Feb 8 || 1950 Jul 16 - 1951 Jun 28 || 1940 Aug 18 - 1940 Aug 19 || 1939 Sep 1 - 1939 Sep 16 || 1939 Feb 16 ± 15 days - 1939 Feb 16 ± 15 days || 1938 Aug 11 - 1938 Aug 11 || 1937 Jul 17 - 1937 Aug 16 ± 15 days || 1935 Apr 26 - 1935 May 6 (?) || 1934 Sep 16 ± 15 days - Unknown || 1934 Apr 15 - 1934 Apr 25 (?) || 1933 Oct 14 - 1933 Nov 16 ± 15 days || 1928 Aug 7 - 1928 Aug 8 || 1922 Dec 8 - 1923 Jan 30 || 1920 Jul 2 ± 182 days - Unknown || 1919 May 18 - 1919 Dec 23 || 1915 Oct 10 - 1915 Oct 25 (?) || 1914 May 15 - 1914 May 26 || 1912 Feb 23 - 1913 Jan 25 || 1910 Dec 16 ± 15 days - Unknown || 1876 Dec 27 - 1877 Feb 5 || 1870 Jul 2 ± 182 days - Unknown || 1868 Dec 31 ± 365 days - Unknown || 1846 Jul 2 ± 182 days - Unknown || 1837 Jul 2 ± 182 days - 1838 Jul 2 ± 182 days || 1827 Jul 2 ± 182 days - Unknown || 1822 Jul 2 ± 182 days - 1824 Jul 2 ± 182 days || 1821 Jul 2 (?) ± 182 days - Unknown || 1803 Sep 26 (?) - 1803 Nov 14 || 1792 - Unknown || 1789 - Unknown || 1783 - 1786 || 1777 Aug 31 - 1779 || 1695 Apr 12 (?) - Unknown || 1684 Feb 14 - 1690 || 1637 Aug 26 - 1638 Apr || 1634 - Unknown || 1623 - Unknown || 1612 Oct 15 ± 180 days - Unknown || 1600 Oct ± 180 days - Unknown || 1552 Oct 7 - 1552 Oct 15 || 1471 (?) - Unknown || 1442 Aug - 1443 || 1421 May 14 - Unknown || 1416 Sep 2 - 1417 (?) || 1415 May 21 - Unknown || 1338 Sep 15 ± 5 days - 1338 Nov 15 ± 5 days || 1307 (?) - Unknown || 1245 (?) - Unknown || 1183 (?) - Unknown || 1112 Nov 18 - 1112 Dec 26 ± 5 days || 0936 - Unknown || 0886 Jun 29 (?) - Unknown || 0854 Sep 14 (?) - 0856 (?) || 0838 Aug (?) (?) - Unknown || 0822 (?) - Unknown || 0713 (?) - Unknown || 0700 (?) - Unknown || 0684 Nov 29 (?) - Unknown || 0680 (?) - 0681 Mar 26 (on or after) || 0654 (?) - Unknown || 0625 (?) - Unknown || 0600 (?) - Unknown || 0580 (?) - Unknown || 0340 ± 200 years - Unknown || 0250 ± 100 years - Unknown || 0150 ± 50 years - Unknown || 0150 BCE (?) - Unknown || 0600 BCE ± 500 years - Unknown || 0900 BCE ± 100 years - Unknown || 1050 BCE ± 200 years - Unknown || 1200 BCE (?) - Unknown || 1450 BCE (?) - Unknown || 2550 BCE (?) - Unknown || 3650 BCE (?) - Unknown || 3750 BCE (?) - Unknown || 4000 BCE ± 300 years - Unknown || 4250 BCE (?) - Unknown || 4450 BCE (?) - Unknown || 4920 BCE ± 500 years - Unknown || 5450 BCE ± 75 years - Unknown || 5550 BCE (?) - Unknown || 6050 BCE ± 500 years - Unknown || 6550 BCE (?) - Unknown || 6650 BCE (?) - Unknown || 7150 BCE ± 500 years - Unknown || 7650 BCE (?) - Unknown || 8050 BCE ± 500 years - Unknown || 8450 BCE (?) - Unknown,,
284011,Toshima,Composite,Stratovolcano,Basalt / Picro-Basalt | Andesite / Basaltic Andesite,,Subduction zone | Oceanic crust (< 15 km),330,331,13194,5285115,4550 BCE,4550 BCE ± 2550 years - Unknown,,
284020,Niijima,Minor (Silicic),Lava dome(s) | Pyroclastic cone,Rhyolite,Basalt / Picro-Basalt,Subduction zone | Oceanic crust (< 15 km),3060,3349,6139,1347661,886 CE,0886 Jun 29 - Unknown || 0856 (?) - 0857 (?) || 1250 BCE (?) - Unknown || 4350 BCE (?) - Unknown || 5950 BCE (?) - Unknown,,
284030,Kozushima,Composite,Lava dome(s),Rhyolite,,Subduction zone | Oceanic crust (< 15 km),2406,2406,5716,442731,838 CE,0838 Aug 2 (?) - Unknown || 0832 - Unknown || 0100 BCE ± 950 years - Unknown || 0750 BCE ± 700 years - Unknown || 8050 BCE (?) - Unknown,,
284040,Miyakejima,Composite,Stratovolcano | Caldera | Pyroclastic cone(s),Basalt / Picro-Basalt | Andesite / Basaltic Andesite,,Subduction zone | Oceanic crust (< 15 km),1848,3189,3474,95663,2010 CE,2010 Apr 10 - 2010 Jul 21 || 2009 Apr 1 - 2009 Apr 1 || 2008 May 8 - 2008 May 8 || 2008 Jan 7 - 2008 Jan 7 || 2006 Aug 23 - 2006 Aug 23 || 2006 Feb 17 - 2006 Feb 17 || 2005 Apr 12 - 2005 May 18 || 2004 Nov 30 - 2004 Dec 9 || 2001 Jan 11 - 2002 Nov 24 || 2000 Jun 27 - 2000 Sep 28 || 1983 Oct 3 - 1983 Oct 4 || 1962 Aug 24 - 1962 Aug 27 || 1940 Jul 12 - 1940 Aug 5 || 1874 Jul 3 - 1874 Jul 17 (?) || 1835 Nov 11 (?) - Unknown || 1811 Jan 27 - 1811 Jan 28 || 1763 Aug 17 - 1769 || 1712 Feb 4 - 1714 || 1709 Apr 23 - Unknown || 1643 Mar 31 - 1643 Apr || 1595 Nov 22 - Unknown || 1535 Mar - Unknown || 1469 Dec 24 - Unknown || 1154 Nov - Unknown || 1085 - Unknown || 0850 (?) - Unknown || 0832 Jun 23 - Unknown || 0750 ± 50 years - Unknown || 0500 ± 50 years - Unknown || 0320 ± 500 years - Unknown || 0260 ± 500 years - Unknown || 0050 BCE ± 50 years - Unknown || 0600 BCE ± 500 years - Unknown || 0950 BCE ± 200 years - Unknown || 1250 BCE (?) - Unknown || 1450 BCE ± 500 years - Unknown || 1800 BCE ± 50 years - Unknown || 2000 BCE ± 100 years - Unknown || 2900 BCE ± 500 years - Unknown || 6450 BCE ± 500 years - Unknown,,
284041,Mikurajima,Composite,Stratovolcano | Lava dome(s),Basalt / Picro-Basalt | Andesite / Basaltic Andesite,,Subduction zone | Oceanic crust (< 15 km),293,293,4551,25466,4100 BCE,4100 BCE ± 100 years - Unknown || 5050 BCE (?) - Unknown,,
284042,Kurose Hole,Caldera,Caldera | Submarine,Dacite,,Subduction zone | Oceanic crust (< 15 km),0,0,46,14951,Unknown - Evidence Uncertain,,,
284050,Hachijojima,Composite,Stratovolcano(es) | Caldera(s) | Lava dome | Pyroclastic cone(s),Basalt / Picro-Basalt | Andesite / Basaltic Andesite,,Subduction zone | Oceanic crust (< 15 km),11275,13560,13564,14082,1606 CE,1707 - Unknown || 1606 Jan 23 - Unknown || 1605 Oct 27 - Unknown || 1518 Feb - 1523 || 1487 Dec 7 - Unknown || 0850 ± 200 years - Unknown || 0150 BCE ± 50 years - Unknown || 0350 BCE ± 500 years - Unknown || 1150 BCE ± 700 years - Unknown || 1250 BCE ± 800 years - Unknown || 2050 BCE (?) - Unknown || 2450 BCE ± 500 years - Unknown || 2550 BCE ± 500 years - Unknown || 2700 BCE ± 100 years - Unknown || 3350 BCE ± 1300 years - Unknown || 4650 BCE (?) - Unknown || 5020 BCE ± 370 years - Unknown || 7650 BCE ± 3000 years - Unknown || 8020 BCE ± 2640 years - Unknown,,
284060,Aogashima,Composite,Stratovolcano | Caldera | Pyroclastic cone(s),Basalt / Picro-Basalt | Andesite / Basaltic Andesite,,Subduction zone | Oceanic crust (< 15 km),232,232,232,8559,1785 CE,1780 Jul 27 - 1785 May (?) || 1670 - 1680 || 1652 - Unknown || 0600 BCE ± 200 years - Unknown || 1100 BCE ± 300 years - Unknown || 1200 BCE ± 50 years - Unknown || 1800 BCE ± 100 years - Unknown,,
284061,Kita-Bayonnaise,Caldera,Caldera | Submarine | Lava dome,Rhyolite | Andesite / Basaltic Andesite,,Subduction zone | Oceanic crust (< 15 km),0,0,0,232,Unknown - Evidence Uncertain,,,
284070,Myojinsho,Caldera,Caldera | Lava dome(s) | Submarine,Dacite | Andesite / Basaltic Andesite | Rhyolite,,Subduction zone | Oceanic crust (< 15 km),0,0,0,242,1970 CE,2023 Jan 26 - 2023 Jan 26 || 2018 Mar 24 - 2018 Mar 24 || 1988 Mar 18 - 1988 Mar 19 || 1987 Oct 21 - 1987 Dec 9 || 1986 Oct 24 - 1986 Oct 24 || 1983 May 12 - Unknown || 1982 Aug 10 - Unknown || 1980 Nov 15 - 1980 Dec 23 || 1979 Jul 13 - Unknown || 1971 Mar 18 - Unknown || 1970 Jan 29 - 1970 Jun 16 ± 15 days || 1960 Jul 21 - Unknown || 1959 Jul 2 ± 182 days - Unknown || 1958 Jul 2 ± 182 days - Unknown || 1957 May 2 - Unknown || 1955 Jun 25 - Unknown || 1954 Nov 4 - 1954 Nov 5 || 1952 Sep 16 - 1953 Oct 16 ± 15 days || 1946 Feb 4 ± 4 days - Unknown || 1934 May 16 ± 15 days - Unknown || 1915 Feb 16 ± 15 days - 1915 Jul 16 ± 15 days || 1906 Apr 7 - 1906 Apr 14 || 1896 Jul 2 ± 182 days - Unknown || 1871 Jul 2 ± 182 days - Unknown || 1869 May 6 - Unknown,,
284080,Sumisujima,Caldera,Caldera | Submarine,Dacite | Basalt / Picro-Basalt | Rhyolite,Andesite / Basaltic Andesite,Subduction zone | Oceanic crust (< 15 km),0,0,0,0,1916 CE,2024 Sep 18 - 2024 Oct 5 || 2005 Mar 8 - 2005 Mar 8 || 2003 Nov 6 - 2003 Nov 6 || 2002 Sep 4 - 2002 Sep 4 || 2001 Oct 31 - 2002 Feb 28 || 2000 Oct 30 - 2000 Oct 30 || 1998 Oct 27 - 1999 Jan 13 || 1997 Nov 21 - 1997 Nov 21 || 1996 Jan 22 - 1996 Jan 22 || 1995 Jul 5 - 1995 Jul 7 || 1994 Jul 27 - 1994 Jul 27 || 1994 Jan 17 - 1994 Jan 17 || 1993 Sep 8 - 1993 Sep 10 || 1992 Aug 5 - 1992 Oct 7 || 1991 Nov 5 - 1991 Nov 5 || 1989 Jul 18 - 1989 Jul 18 || 1989 Jan 18 - 1989 Jan 18 || 1977 Oct 16 ± 15 days - 1977 Oct 16 ± 15 days || 1976 Aug 16 ± 15 days - 1976 Aug 16 ± 15 days || 1975 Aug 13 - 1975 Sep 26 || 1974 Jul 6 - 1974 Jul 6 || 1916 Jun 21 - Unknown || 1873 Jul 2 ± 182 days - Unknown || 1870 May 16 ± 15 days - Unknown || 1672 (?) - Unknown,,
284090,Izu-Torishima,Composite,Stratovolcano | Caldera | Pyroclastic cone(s),Basalt / Picro-Basalt | Dacite | Andesite / Basaltic Andesite,,Subduction zone | Oceanic crust (< 15 km),21,21,21,21,2002 CE,2013 Jul 6 - 2013 Jul 6 || 2002 Aug 12 - 2002 Aug 20 || 1975 Oct 2 - Unknown || 1965 Nov 13 - 1965 Dec 5 ± 4 days || 1939 Aug 17 - 1939 Dec 26 ± 5 days || 1902 Aug 7 - 1902 Aug 24 || 1871 Apr 16 ± 15 days - Unknown,,
284091,Sofugan,Composite,Stratovolcano,Basalt / Picro-Basalt | Andesite / Basaltic Andesite,,Subduction zone | Oceanic crust (< 15 km),0,0,0,21,Unknown - Evidence Uncertain,1975 Jul 2 ± 182 days - Unknown,,
284093,Suiyo Seamount,Composite,Stratovolcano | Lava dome | Submarine,Andesite / Basaltic Andesite | Dacite | Basalt / Picro-Basalt,,Subduction zone | Crustal thickness unknown,0,0,0,0,Unknown - Unrest / Holocene,,,
284094,Mokuyo Seamount,Composite,Stratovolcano | Lava dome | Submarine,Andesite / Basaltic Andesite,,Subduction zone | Crustal thickness unknown,0,0,0,0,Unknown - Unrest / Holocene,,,
284095,Doyo Seamount,Composite,Stratovolcano | Lava dome | Submarine,Basalt / Picro-Basalt | Andesite / Basaltic Andesite,,Subduction zone | Crustal thickness unknown,0,0,0,0,Unknown - Unrest / Holocene,,,
284096,Nishinoshima,Caldera,Caldera | Pyroclastic cone(s),Andesite / Basaltic Andesite,,Subduction zone | Crustal thickness unknown,0,0,0,0,2023 CE,2022 Oct 1 - 2023 Oct 13 || 2021 Aug 14 - 2021 Aug 15 || 2019 Dec 5 - 2020 Aug 27 || 2018 Jul 12 - 2018 Jul 21 (on or before) || 2017 Apr 18 ± 1 days - 2017 Aug 17 ± 6 days || 2013 Nov 20 - 2015 Nov 17 (?) || 2001 Jan 16 ± 15 days - Unknown || 1986 Jul 2 ± 182 days - 1990 Jul 2 ± 182 days || 1985 Dec 2 - 1985 Dec 2 || 1983 Jul 2 ± 182 days - 1984 Jul 2 ± 182 days || 1982 Apr 16 ± 15 days - 1982 Apr 16 ± 15 days || 1980 Jul 7 - 1981 Jul 2 (?) ± 182 days || 1978 Nov 16 - 1979 Jul 2 (?) ± 182 days || 1975 Jul 2 ± 182 days - 1977 Jul 2 ± 182 days || 1973 Apr 12 - 1974 May 5 ± 4 days,,
284097,Kaikata Seamount,Composite,Stratovolcano | Caldera(s) | Lava dome? | Submarine,Andesite / Basaltic Andesite | Basalt / Picro-Basalt | Dacite,,Subduction zone | Crustal thickness unknown,0,0,0,0,Unknown - Unrest / Holocene,,,
284100,Kaitoku Seamount,Composite,Stratovolcano | Submarine,Basalt / Picro-Basalt | Andesite / Basaltic Andesite | Dacite,,Subduction zone | Crustal thickness unknown,0,0,0,160,2023 CE,2022 Aug 18 - 2023 Jan 26 || 2001 Jul 20 - 2001 Jul 20 || 1986 Jun 18 - 1986 Jun 18 || 1984 Dec 23 - 1984 Dec 23 || 1984 Mar 8 - 1984 Mar 26 (?) || 1543 - Unknown,,
284110,Kita-Ioto,Composite,Stratovolcano,Basalt / Picro-Basalt | Andesite / Basaltic Andesite,,Subduction zone | Crustal thickness unknown,158,162,162,1210,2022 CE,2023 May 11 - 2023 May 11 || 2022 Mar 27 - 2022 Mar 27 || 2007 Jan 22 - 2007 Oct 17 || 2006 Mar 10 - 2006 Mar 10 || 2003 Nov 4 - 2003 Nov 4 || 2003 Mar 10 - 2003 Mar 10 || 2002 Feb 28 - 2002 Feb 28 || 2001 Oct 29 - 2001 Oct 29 || 2000 Oct 30 - 2000 Oct 30 || 2000 Jan 25 - 2000 Jan 26 || 1999 Sep 7 - 1999 Sep 16 || 1998 Oct 27 - 1998 Oct 27 || 1998 May 21 - 1998 May 21 || 1997 Mar 10 - 1997 Mar 10 || 1989 Jul 16 ± 15 days - 1989 Jul 16 ± 15 days || 1987 Aug 16 ± 15 days - 1987 Aug 16 ± 15 days || 1983 Jul 16 ± 15 days - 1983 Jul 16 ± 15 days || 1982 Jun 16 ± 15 days - 1982 Jun 16 ± 15 days || 1968 Aug 16 ± 15 days - 1968 Aug 16 ± 15 days || 1953 May 16 ± 15 days - 1953 May 16 ± 15 days || 1930 Jul 2 ± 182 days - 1945 Jul 2 ± 182 days || 1880 Jul 2 ± 182 days - 1889 Jul 2 ± 182 days || 1780 - Unknown,,
284120,Ioto,Caldera,Caldera | Tuff cone,Trachyandesite / Basaltic Trachyandesite | Trachyte / Trachydacite,,Subduction zone | Crustal thickness unknown,1179,1179,1189,1370,2025 CE,2025 Sep 1 - 2025 Sep 2 || 2023 Oct 18 - 2023 Dec 5 ± 1 days || 2024 Mar 1 - 2024 Mar 16 || 2022 Jul 11 - 2022 Aug 23 || 2022 Oct 5 - 2022 Oct 8 || 2022 Dec 7 - 2022 Dec 11 || 2021 Aug 12 - 2021 Nov 24 || 2020 Dec 28 - 2021 Apr 5 (?) || 2018 Sep 8 - 2018 Sep 14 || 2016 Aug 31 - 2016 Sep 1 || 2015 Aug 7 - 2015 Aug 7 || 2013 Aug 21 - 2013 Aug 30 || 2012 Dec 1 - 2012 Dec 1 || 2013 Feb 18 - 2013 Apr 11 || 2012 Feb 10 - 2012 Apr 6 || 2012 Apr 29 - 2012 May 2 ± 2 days || 2012 Jul 9 - 2012 Jul 9 || 2010 Jun 19 - 2010 Jun 19 || 2004 Jun 6 - 2004 Jun 8 || 2001 Sep 21 - 2001 Oct 23 || 1999 Sep 10 - 1999 Sep 10 || 1994 Aug 22 - 1994 Aug 22 || 1993 Oct 27 (?) - 1993 Nov 16 (?) || 1982 Nov 28 - 1982 Dec 16 (?) ± 15 days || 1982 Mar 9 - 1982 Mar 10 || 1980 Mar 13 - 1980 Mar 13 || 1978 Dec 11 - 1978 Dec 11 || 1976 Jan 16 ± 15 days - Unknown || 1974 Jan 16 ± 15 days - 1974 Feb 2 || 1969 Dec 1 ± 30 days - 1969 Dec 1 ± 30 days || 1969 Jan 12 (?) - 1969 Jan 21 (?) || 1967 Dec 23 - 1967 Dec 23 || 1957 Mar 28 - 1957 Mar 28 || 1944 Dec 16 ± 15 days - Unknown || 1935 Jul 2 ± 182 days - Unknown || 1930 Jul 2 (?) ± 182 days - Unknown || 1922 Jul 16 ± 15 days - Unknown || 1889 Dec 31 ± 365 days - Unknown || 0850 BCE ± 50 years - Unknown,,
284121,Kita-Fukutokutai,Composite,Stratovolcano | Submarine,No Data (checked),,Subduction zone | Crustal thickness unknown,0,0,23,1209,1954 CE,2001 Oct 30 - 2001 Oct 30 || 1988 Jan 27 - Unknown || 1959 Jul 2 ± 182 days - Unknown || 1953 Jul 2 ± 182 days - 1954 Jul 2 ± 182 days || 1947 Jul 2 ± 182 days - Unknown || 1937 Jul 2 ± 182 days - Unknown,,
284130,Fukutoku-Oka-no-Ba,Composite,Pyroclastic cone | Submarine,Trachyandesite / Basaltic Trachyandesite,,Subduction zone | Crustal thickness unknown,11,19,19,951,2021 CE,2021 Aug 13 - 2021 Sep 12 (?) || 2010 Feb 3 - 2010 Apr 8 (?) || 2005 Sep 11 - 2007 Feb 16 (on or after) ± 15 days || 2005 Jul 2 - 2005 Jul 21 (?) || 2002 Dec 19 - 2003 Mar 11 || 2001 Oct 30 - 2002 Jun 19 || 2000 Jul 26 - 2001 Jun 13 || 1999 Sep 8 - 2000 Feb 18 || 1998 Oct 16 - 1999 Jan 12 || 1997 Nov 18 - 1998 May 21 || 1995 Nov 21 - 1997 Jul 28 || 1994 Jul 28 - 1994 Jul 28 || 1992 Nov 10 - 1993 Sep 9 (?) || 1991 Jul 19 - 1991 Oct 18 || 1987 Sep 4 - 1991 Feb 6 || 1987 Jul 14 - 1987 Aug 30 (?) || 1986 Apr 7 - 1987 Jun 26 || 1986 Jan 18 - 1986 Mar 28 (?) || 1976 Aug 2 - 1985 Dec 23 || 1974 Dec 24 - 1975 Nov 13 (?) || 1973 Dec 18 - 1974 Feb 16 || 1972 Oct 1 - 1972 Oct 1 || 1968 Aug 14 - 1968 Aug 20 || 1968 Feb 9 - 1968 Feb 9 || 1967 Jul 1 - 1967 Jul 1 || 1963 Oct 27 - Unknown || 1962 Jul 1 - 1962 Oct 1 || 1960 Jul 1 - 1960 Sep 1 || 1959 Jul 1 - 1959 Oct 1 || 1958 Jul 1 - 1958 Oct 1 || 1956 Apr 1 - 1956 May 1 || 1955 Apr 1 - 1955 Apr 1 || 1954 Feb 4 ± 4 days - Unknown || 1953 Dec 1 - 1953 Dec 1 || 1952 Jun 20 - 1952 Jun 20 || 1950 Feb 1 - 1950 Feb 1 || 1914 Jan 13 - 1914 Aug 21 (on or after) || 1904 Nov 14 - 1905 May 16 (?),,
284131,Minami-Hiyoshi,Composite,Stratovolcano | Submarine,Trachyandesite / Basaltic Trachyandesite,,Subduction zone | Crustal thickness unknown,0,0,0,26,1975 CE,1996 Jan 11 - 1996 Jan 12 || 1992 Feb 12 - 1992 Mar 4 || 1978 Jan 26 (?) - 1978 Mar 24 || 1976 Dec 20 - 1977 Mar 28 || 1976 Feb 16 ± 15 days - Unknown || 1975 Aug 25 - Unknown,,
284132,Nikko,Composite,Stratovolcano | Caldera | Submarine,Basalt / Picro-Basalt | Andesite / Basaltic Andesite,,Subduction zone | Crustal thickness unknown,0,0,0,0,Unknown - Unrest / Holocene,1979 Jul 12 - Unknown,,
284133,Fukujin,Composite,Stratovolcano | Submarine,Andesite / Basaltic Andesite,,Subduction zone | Crustal thickness unknown,0,0,0,0,1974 CE,1982 Dec 15 - Unknown || 1982 Jan 12 - 1982 Mar 16 || 1981 Jan 7 - 1981 Jan 8 || 1979 Apr 26 - 1980 May 12 || 1978 Aug 24 - 1978 Aug 25 || 1977 Oct 14 - 1978 Mar 24 || 1976 Aug 2 - 1977 Apr 21 || 1973 Sep 27 - 1974 Mar 5 || 1968 Sep 16 ± 15 days - Unknown || 1959 Aug 16 ± 15 days - 1959 Oct 16 ± 15 days || 1958 Aug 16 ± 15 days - 1958 Sep 16 ± 15 days || 1952 Jul 2 ± 182 days - Unknown || 1951 Jul 15 ± 45 days - 1951 Oct 15 ± 45 days,,
284134,Kasuga 1,Composite,Stratovolcano | Submarine,Andesite / Basaltic Andesite,,Subduction zone | Crustal thickness unknown,0,0,0,0,1959 CE,1975 Nov 16 ± 15 days - Unknown || 1959 Jul 15 ± 45 days - Unknown,,
284135,Kasuga 2,Composite,Stratovolcano | Caldera | Submarine,Basalt / Picro-Basalt | Andesite / Basaltic Andesite | Trachyandesite / Basaltic Trachyandesite,Dacite,Subduction zone | Crustal thickness unknown,0,0,0,0,Unknown - Evidence Credible,,,
284136,NW Eifuku,Composite,Stratovolcano | Submarine,Basalt / Picro-Basalt | Andesite / Basaltic Andesite,,Subduction zone | Crustal thickness unknown,0,0,0,0,Unknown - Unrest / Holocene,,,
284137,Daikoku,Composite,Stratovolcano | Submarine,Andesite / Basaltic Andesite,,Subduction zone | Crustal thickness unknown,0,0,0,0,Unknown - Unrest / Holocene,,,
284140,Farallon de Pájaros,Composite,Stratovolcano | Caldera,Andesite / Basaltic Andesite,,Subduction zone | Crustal thickness unknown,0,0,0,0,1953 CE,1952 Oct 26 ± 5 days - 1953 Apr 15 || 1951 Aug 16 ± 15 days - Unknown || 1947 Jan 16 (?) ± 15 days - Unknown || 1943 Jul 2 ± 182 days - Unknown || 1941 Mar 28 - Unknown || 1939 Jul 2 ± 182 days - Unknown || 1936 Apr 15 ± 45 days - Unknown || 1934 Jul 2 ± 182 days - Unknown || 1932 Sep 7 - 1932 Oct 7 || 1928 Dec 15 ± 5 days - Unknown || 1925 Jul 2 ± 182 days - Unknown || 1912 Jul 2 ± 182 days - Unknown || 1901 Jan 16 (?) ± 15 days - 1902 Dec 16 ± 15 days || 1876 Jan 1 (?) - 1876 Jan 3 (?) || 1872 Jul 11 - Unknown || 1864 Jan 7 - Unknown,,
284141,Ahyi,Composite,Stratovolcano | Submarine,Andesite / Basaltic Andesite | Basalt / Picro-Basalt,,Subduction zone | Crustal thickness unknown,0,0,0,0,2026 CE,2025 Oct 20 - 2026 Jan 9 || 2024 Aug 5 - 2025 May 28 || 2024 Jan 1 - 2024 Mar 27 || 2022 Nov 18 ± 1 days - 2023 Jun 11 || 2014 Apr 24 - 2014 May 17 || 2001 Apr 24 - 2001 Apr 25 || 1994 Apr 23 - Unknown || 1989 Sep 21 - 1989 Dec 27 || 1985 Aug 2 - 1985 Sep 5 || 1979 Nov 15 - 1979 Nov 15 || 1969 Mar 11 - 1969 Mar 13 || 1967 Mar 27 - 1967 Apr 10 || 1934 Jul 15 ± 45 days - Unknown,,
284142,Supply Reef,Composite,Stratovolcano | Submarine,Andesite / Basaltic Andesite,,Subduction zone | Crustal thickness unknown,0,0,0,0,Unknown - Evidence Uncertain,,,
284143,Maug Islands,Composite,Stratovolcano | Caldera | Lava dome,Basalt / Picro-Basalt | Andesite / Basaltic Andesite | Dacite,,Subduction zone | Crustal thickness unknown,0,0,0,0,Unknown - Unrest / Holocene,,,
284150,Asunción,Composite,Stratovolcano,Andesite / Basaltic Andesite,,Subduction zone | Crustal thickness unknown,0,0,0,0,1906 CE,1924 Jul 2 ± 182 days - Unknown || 1906 Jul 2 ± 182 days - Unknown || 1775 ± 10 years - Unknown || 1690 ± 10 years - Unknown,,
284160,Agrigan,Composite,Stratovolcano | Caldera | Pyroclastic cone(s),Basalt / Picro-Basalt | Andesite / Basaltic Andesite,,Subduction zone | Crustal thickness unknown,0,0,0,0,1917 CE,1917 Apr 9 - Unknown,,
284170,Pagan,Composite,Stratovolcano(es) | Caldera(s) | Maar(s) | Pyroclastic cone(s),Basalt / Picro-Basalt | Andesite / Basaltic Andesite,,Subduction zone | Crustal thickness unknown,0,0,0,0,2021 CE,2021 Jul 29 - 2021 Sep 6 || 2012 Jul 10 - 2012 Jul 10 || 2011 Apr 23 (?) - 2011 Sep 1 (?) || 2010 May 3 - 2010 Aug 11 || 2009 Apr 15 - Unknown || 2006 Dec 4 - 2006 Dec 8 || 1996 Jul 2 ± 182 days - Unknown || 1993 Jan 15 ± 5 days - 1993 Nov 16 (on or after) ± 15 days || 1992 Apr 13 - 1992 Apr 13 || 1988 Aug 24 - 1988 Oct 12 || 1988 Feb 16 - Unknown || 1987 Sep 4 - 1987 Sep 4 || 1981 May 15 - 1985 May 1 (on or after) || 1929 Jul 2 ± 182 days - 1930 Jul 2 ± 182 days || 1925 Feb 16 ± 15 days - 1925 May 5 || 1923 Feb 16 (?) ± 15 days - 1923 Mar 26 ± 5 days || 1917 Jul 2 ± 182 days - Unknown || 1909 Jul 2 ± 182 days - Unknown || 1873 Jul 2 (?) ± 182 days - Unknown || 1864 Jul 2 ± 182 days - Unknown || 1825 Jul 2 ± 5 years ± 182 days - Unknown || 1800 Jul 2 ± 50 years ± 182 days - Unknown || 1669 - Unknown || 1340 ± 100 years - Unknown,,
284180,Alamagan,Composite,Stratovolcano,Andesite / Basaltic Andesite | Basalt / Picro-Basalt,,Subduction zone | Crustal thickness unknown,0,0,0,0,870 CE,1887 Nov 29 - Unknown || 1864 Jan 16 ± 15 days - Unknown || 0870 ± 100 years - Unknown || 0540 ± 75 years - Unknown,,
284190,Guguan,Composite,Stratovolcano | Caldera | Pyroclastic cone(s),Andesite / Basaltic Andesite | Basalt / Picro-Basalt,,Subduction zone | Crustal thickness unknown,0,0,0,0,1883 CE,1883 Jul 2 ± 1 years ± 182 days - Unknown,,
284191,Zealandia Bank,Composite,Stratovolcano,Basalt / Picro-Basalt | Andesite / Basaltic Andesite,,Subduction zone | Crustal thickness unknown,0,0,0,0,Unknown - Unrest / Holocene,,,
284192,Sarigan,Composite,Stratovolcano | Pyroclastic cone(s) | Lava dome(s),Andesite / Basaltic Andesite | Basalt / Picro-Basalt,,Subduction zone | Crustal thickness unknown,0,0,0,0,Unknown - Evidence Credible,,,
284193,South Sarigan Seamount,Composite,Stratovolcano | Submarine,No Data (checked),,Subduction zone | Crustal thickness unknown,,,,,2010 CE,2010 May 27 - 2010 May 29,,
284200,Anatahan,Composite,Stratovolcano | Caldera(s) | Pyroclastic cone(s) | Tuff ring(s),Andesite / Basaltic Andesite | Dacite | Basalt / Picro-Basalt | Trachyandesite / Basaltic Trachyandesite,,Subduction zone | Crustal thickness unknown,0,0,0,0,2008 CE,2007 Nov 27 ± 3 days - 2008 Aug 9 (?) || 2006 Mar 20 (?) - 2006 Jun 26 (?) || 2004 Apr 12 (on or before) - 2005 Sep 3 (?) || 2003 May 10 - 2003 Jul 12 ± 3 days,,
284201,East Diamante,Composite,Stratovolcano | Caldera | Lava dome(s) | Submarine,Dacite,,Subduction zone | Crustal thickness unknown,0,0,0,76403,Unknown - Unrest / Holocene,,,
284202,Ruby,Composite,Stratovolcano | Submarine,Basalt / Picro-Basalt,,Subduction zone | Crustal thickness unknown,0,0,0,80613,2023 CE,2023 Sep 14 - 2023 Sep 15 || 1995 Oct 11 (?) - 1995 Oct 25 || 1966 Apr 21 ± 7 days - 1966 May 16 ± 15 days,,
284210,Esmeralda Bank,Composite,Stratovolcano | Submarine,Basalt / Picro-Basalt | Andesite / Basaltic Andesite,,Subduction zone | Crustal thickness unknown,0,0,0,84578,Unknown - Unrest / Holocene,1987 May 26 - Unknown || 1982 Apr 6 - Unknown || 1975 Apr 26 - 1975 Apr 29 || 1970 Jul 2 ± 1 years ± 182 days - Unknown || 1964 Apr 14 - Unknown || 1944 Aug 20 ± 10 days - Unknown,,
284211,NW Rota-1,Composite,Stratovolcano | Submarine,Basalt / Picro-Basalt | Andesite / Basaltic Andesite,,Subduction zone | Crustal thickness unknown,0,0,0,5988,2010 CE,2003 Jul 2 (?) ± 182 days - 2010 Mar 16 (on or after) ± 15 days,,
284220,Forecast Seamount,Composite,Stratovolcano | Submarine,No Data (checked),,Subduction zone | Crustal thickness unknown,0,0,0,143992,Unknown - Unrest / Holocene,,,
284230,Seamount X,Composite,Stratovolcano | Caldera | Submarine,Basalt / Picro-Basalt,,Subduction zone | Crustal thickness unknown,0,0,0,167168,Unknown - Unrest / Holocene,,,
284305,Mariana Back-Arc Segment at 15.5°N,Cluster,Fissure vent | Submarine,,,Subduction zone | Oceanic crust (< 15 km),,,,,2015 CE,2013 Feb 13 (on or after) - 2015 Dec 1 (on or before),,
285010,Oshima-Oshima,Composite,Stratovolcano | Caldera(s) | Pyroclastic cone,Basalt / Picro-Basalt | Andesite / Basaltic Andesite,,Subduction zone | Continental crust (> 25 km),6,6,6,88023,1790 CE,1790 Jan (?) - Unknown || 1786 - Unknown || 1759 Aug 19 - Unknown || 1741 Aug 18 (?) - 1742 May || 0250 ± 150 years - Unknown || 0800 BCE ± 100 years - Unknown,,
285011,Esan,Minor (Silicic),Lava dome(s),Andesite / Basaltic Andesite | Dacite,,Subduction zone | Continental crust (> 25 km),1734,5831,33197,916560,1874 CE,1874 Jun 8 - Unknown || 1846 Nov 18 - Unknown || 1350 (?) - Unknown || 0440 BCE ± 46 years - Unknown || 1050 BCE (?) - Unknown || 3900 BCE ± 100 years - Unknown || 5770 BCE ± 924 years - Unknown || 6670 BCE ± 27 years - Unknown,,
285020,Hokkaido-Komagatake,Composite,Stratovolcano | Pyroclastic cone(s),Andesite / Basaltic Andesite,,Subduction zone | Continental crust (> 25 km),173,23091,234213,962081,2000 CE,2000 Sep 4 - 2000 Nov 8 || 1998 Oct 25 - 1998 Oct 25 || 1996 Mar 5 - 1996 Mar 12 (?) || 1942 Nov 16 - 1942 Nov 18 || 1937 Mar 17 - 1937 Mar 19 || 1935 Oct 15 - 1935 Oct 15 || 1929 Jun 17 - 1929 Sep 6 || 1928 Mar 28 - Unknown || 1924 Jul 31 - Unknown || 1923 Feb 27 - 1923 Mar 15 || 1922 May 22 - Unknown || 1919 Jun 17 - 1919 Jul 26 || 1905 Aug 19 - 1905 Sep 1 (?) || 1888 Apr 14 - Unknown || 1856 Sep 25 - Unknown || 1784 Feb 8 - Unknown || 1765 - Unknown || 1710 Jun 27 - Unknown || 1694 Jul 4 - 1694 Jul 6 || 1640 Jul 31 - 1640 Oct 9 || 4350 BCE (?) - Unknown || 4500 BCE ± 150 years - Unknown || 4600 BCE ± 50 years - Unknown,,
285030,Toya,Composite,Stratovolcano | Caldera | Lava dome(s),Basalt / Picro-Basalt | Andesite / Basaltic Andesite | Dacite | Rhyolite,,Subduction zone | Continental crust (> 25 km),5723,36191,214565,3206914,2001 CE,2000 Mar 31 - 2001 Sep 15 ± 5 days || 1977 Aug 7 - 1982 Mar 16 ± 15 days || 1944 Jun 23 - 1945 Sep 19 || 1910 Jul 25 - 1910 Nov 16 ± 15 days || 1853 Apr 22 - 1853 Sep 16 ± 15 days || 1822 Mar 12 - 1822 Sep 16 ± 15 days || 1769 Jan 23 - Unknown || 1690 ± 10 years - Unknown || 1663 Aug 16 - 1663 Sep 5 ± 4 days || 1638 Jul 25 - Unknown || 1626 May 19 - 1626 Jul (?) || 1611 Oct - Unknown || 4600 BCE ± 200 years - Unknown || 6550 BCE ± 1500 years - Unknown,,
285031,Niseko,Composite,Stratovolcano(es) | Lava dome(s),Andesite / Basaltic Andesite,,Subduction zone | Continental crust (> 25 km),778,9981,75171,2967982,4900 BCE,4900 BCE (?) - Unknown,,
285032,Yoteizan,Composite,Stratovolcano | Pyroclastic cone(s) | Lava dome(s) | Tuff cone,Andesite / Basaltic Andesite | Dacite,,Subduction zone | Continental crust (> 25 km),205,19419,80006,2988960,1050 BCE,1050 BCE (?) - Unknown || 3550 BCE (?) - Unknown,,
285034,Kuttara,Composite,Stratovolcano(es) | Caldera | Lava dome | Pyroclastic cone(s),Basalt / Picro-Basalt | Andesite / Basaltic Andesite | Dacite | Rhyolite,,Subduction zone | Continental crust (> 25 km),10198,34015,220509,3371955,1820 CE,1820 Jul 2 ± 100 years ± 182 days - Unknown || 0200 ± 75 years - Unknown || 8050 BCE (?) - Unknown,,
285040,Shikotsu,Caldera,Caldera | Stratovolcano(es) | Lava dome,Andesite / Basaltic Andesite | Dacite | Rhyolite,,Subduction zone | Continental crust (> 25 km),130474,130474,316816,3096376,1981 CE,1981 Feb 27 - 1981 Feb 27 || 1978 Dec 12 - 1979 May 11 || 1978 May 14 - 1978 May 17 || 1954 Nov 19 - 1955 Feb 14 || 1954 May 2 - 1954 May 2 || 1953 Sep 14 (?) - 1953 Sep 14 (?) || 1951 Jul 28 - 1951 Jul 28 || 1951 Jan 29 - 1951 Jan 29 || 1947 Oct 15 ± 90 days - 1947 Oct 15 ± 90 days || 1944 Jul 2 - 1944 Jul 2 || 1936 Nov 15 - 1936 Nov 26 || 1936 Apr 19 - 1936 Apr 19 || 1933 Dec 1 - 1933 Dec 14 || 1931 Oct 11 - 1931 Oct 24 || 1928 Sep 6 - 1929 Feb 10 || 1928 Jan 7 - 1928 Jan 7 || 1926 Oct 19 - 1926 Oct 30 || 1923 Feb 16 ± 15 days - 1923 Aug 23 || 1921 Jul 6 - 1921 Jul 6 || 1920 Jul 17 - 1920 Jul 23 || 1919 May 4 - 1919 May 4 || 1918 Jun 13 - 1918 Jul 31 || 1917 Apr 30 - 1917 May 12 || 1909 Jan 11 - 1909 Apr 22 || 1894 Aug 17 - 1894 Aug 17 || 1894 Feb 8 - 1894 Feb 8 || 1887 Sep 3 - 1887 Oct 8 || 1886 Apr 13 - 1886 Apr 28 || 1885 Jan 4 - 1885 Jan 10 || 1885 Mar 26 - 1885 Mar 26 || 1883 Oct 7 - 1883 Nov 5 || 1874 Feb 8 - 1874 Feb 16 || 1871 Dec 25 - 1871 Dec 28 || 1867 Sep 8 - Unknown || 1804 Jul 2 ± 182 days - 1817 Jul 2 ± 182 days || 1739 Aug 19 - 1739 Aug 31 || 1707 ± 30 years - Unknown || 1667 Sep 23 - 1667 Sep 26 (?) || 1550 ± 75 years - Unknown || 1500 ± 150 years - Unknown || 0050 BCE (?) - Unknown || 0100 BCE ± 100 years - Unknown || 0550 BCE (?) - Unknown || 6950 BCE (?) - Unknown,,
285041,Rishirizan,Composite,Stratovolcano | Pyroclastic cone(s) | Lava dome(s),Andesite / Basaltic Andesite | Dacite | Basalt / Picro-Basalt,Rhyolite,Subduction zone | Continental crust (> 25 km),178,9895,12933,94414,5830 BCE,5830 BCE ± 300 years - Unknown,,
285050,Tokachidake,Composite,Stratovolcano(es) | Lava dome(s) | Pyroclastic cone(s),Andesite / Basaltic Andesite | Basalt / Picro-Basalt | Dacite,,Subduction zone | Continental crust (> 25 km),12,227,60382,1373264,2004 CE,2004 Feb 25 - 2004 Apr 19 || 1988 Dec 10 (?) - 1989 May 16 ± 15 days || 1985 Jun 19 - 1985 Jun 22 || 1962 Jun 29 - 1962 Sep 16 ± 15 days || 1961 Aug 14 - 1961 Aug 14 || 1959 Aug 15 ± 5 days - 1959 Nov 25 || 1958 Oct 4 - 1958 Oct 4 || 1957 Aug 20 - 1957 Aug 20 || 1956 Jun 16 ± 15 days - 1956 Jun 16 ± 15 days || 1954 Sep 16 ± 15 days - 1954 Sep 16 ± 15 days || 1952 Aug 17 - Unknown || 1931 May 16 - 1931 May 16 || 1928 Dec 4 - 1928 Dec 25 || 1928 Jan 16 ± 15 days - 1928 May 23 || 1925 Nov 20 - 1927 Sep 16 ± 15 days || 1889 Jul 2 ± 182 days - Unknown || 1887 Jun 16 ± 15 days - Unknown || 1857 Jul 2 ± 182 days - Unknown || 1570 ± 100 years - Unknown || 1250 (?) - Unknown || 1050 ± 200 years - Unknown || 0950 ± 50 years - Unknown || 0600 ± 300 years - Unknown || 0350 ± 100 years - Unknown || 0001 ± 50 years - Unknown || 1350 BCE (?) - Unknown || 1750 BCE ± 50 years - Unknown || 2650 BCE ± 200 years - Unknown,,
285060,Taisetsuzan,Composite,Stratovolcano(es) | Caldera | Lava dome(s),Andesite / Basaltic Andesite | Dacite,,Subduction zone | Continental crust (> 25 km),19,119,16391,1304267,1739 CE,1739 (in or after) - Unknown || 0550 BCE ± 500 years - Unknown || 1450 BCE ± 50 years - Unknown || 2800 BCE ± 100 years - Unknown || 3200 BCE ± 75 years - Unknown,,
285061,Maruyama,Composite,Stratovolcano(es) | Lava dome(s),Andesite / Basaltic Andesite | Dacite | Rhyolite,,Subduction zone | Continental crust (> 25 km),0,6,3682,1260920,1898 CE,1898 Dec 3 (?) - 1898 Dec 6 || 1700 BCE (?) - Unknown,,
285070,Akan,Caldera,Caldera | Stratovolcano(es) | Lava dome(s) | Pyroclastic cone(s),Andesite / Basaltic Andesite | Dacite | Basalt / Picro-Basalt | Rhyolite,,Subduction zone | Continental crust (> 25 km),2062,2062,9756,929538,2026 CE,2026 Mar 7 ± 1 days - 2026 Mar 14 ± 1 days || 2025 Sep 15 - 2025 Sep 15 || 2008 Nov 18 - 2008 Nov 28 || 2006 Mar 21 - 2006 Mar 21 || 1998 Nov 9 - 1998 Nov 9 || 1996 Nov 21 - 1996 Nov 21 || 1988 Jan 5 - 1988 Feb 18 (?) || 1984 May 1 - 1984 May 1 || 1966 Jun 15 ± 5 days - 1966 Jun 15 ± 5 days || 1965 May 15 ± 5 days - 1965 May 15 ± 5 days || 1964 Jun 18 - 1964 Jul 4 (?) || 1962 Apr 28 - 1962 Apr 28 || 1960 Sep 16 ± 15 days - 1960 Sep 16 ± 15 days || 1959 May 15 ± 5 days - 1959 Oct 16 ± 15 days || 1958 Feb 23 - 1958 Feb 23 || 1957 Feb 26 - 1957 Sep 5 || 1956 Mar 18 - 1956 Oct 31 || 1955 Nov 19 - 1955 Nov 19 || 1954 Jan 7 (?) - 1954 Apr 13 || 1951 Jul 31 - 1952 Mar 16 ± 15 days || 1927 Apr 16 ± 15 days - 1927 May 16 ± 15 days || 1808 Jul 2 (?) ± 182 days - Unknown || 1780 ± 75 years - Unknown || 1600 ± 50 years - Unknown || 1550 (?) - Unknown || 1250 ± 300 years - Unknown || 0950 (?) - Unknown || 0600 ± 300 years - Unknown || 0250 (?) - Unknown || 0100 ± 100 years - Unknown || 0050 BCE (?) - Unknown || 0300 BCE ± 100 years - Unknown || 0550 BCE (?) - Unknown || 0800 BCE ± 250 years - Unknown || 2050 BCE (?) - Unknown || 3050 BCE (?) - Unknown || 3550 BCE ± 500 years - Unknown || 4550 BCE ± 500 years - Unknown || 7050 BCE (?) - Unknown,,
285080,Kussharo,Caldera,Caldera | Stratovolcano | Lava dome(s),Dacite | Andesite / Basaltic Andesite | Rhyolite | Basalt / Picro-Basalt,,Subduction zone | Continental crust (> 25 km),8331,8331,26476,680109,1320 CE,1320 ± 300 years - Unknown || 0700 (?) - Unknown || 0450 (?) - Unknown || 1550 BCE ± 2000 years - Unknown || 3550 BCE (?) - Unknown || 5800 BCE ± 2250 years - Unknown,,
285081,Mashu,Caldera,Caldera | Stratovolcano | Lava dome,Andesite / Basaltic Andesite | Dacite | Basalt / Picro-Basalt,,Subduction zone | Continental crust (> 25 km),9794,9794,25627,632919,1080 CE,1080 ± 100 years - Unknown || 0350 ± 100 years - Unknown || 0150 ± 100 years - Unknown || 2050 BCE ± 40 years - Unknown || 2800 BCE ± 750 years - Unknown || 3550 BCE ± 40 years - Unknown || 5550 BCE ± 100 years - Unknown,,
285082,Rausudake,Composite,Stratovolcano | Lava dome(s),Andesite / Basaltic Andesite | Dacite,,Subduction zone | Continental crust (> 25 km),35,4623,8574,218325,1800 CE,1800 Jul 2 ± 50 years ± 182 days - Unknown || 1350 ± 100 years - Unknown || 0550 ± 100 years - Unknown || 0080 ± 50 years - Unknown || 0270 BCE ± 100 years - Unknown,,
285083,Tenchozan,Cluster,Crater rows,,,,,,,,Unknown - Eruption Dated,0100 - Unknown,,
285090,Shiretoko-Iozan,Composite,Stratovolcano | Lava dome,Andesite / Basaltic Andesite,,Subduction zone | Continental crust (> 25 km),6,1516,7890,209060,1936 CE,1935 Dec 16 ± 15 days - 1936 Oct 16 ± 15 days || 1890 Jun 15 - Unknown || 1889 Aug 9 - 1889 Oct 7 ± 7 days || 1880 Nov 24 - 1880 Nov 26 || 1876 Sep 23 - 1876 Sep 26 || 1857 Jul 2 ± 182 days - 1858 Jul 2 ± 182 days || 0850 ± 500 years - Unknown,,
290010,Tomariyama [Golovnin],Caldera,Caldera | Lava dome(s),Andesite / Basaltic Andesite | Dacite | Basalt / Picro-Basalt,,Subduction zone | Intermediate crust (15-25 km),1796,1796,2445,159344,1848 CE,1848 Jul 2 ± 182 days - Unknown || 1290 ± 20 years - Unknown || 4550 BCE (?) - Unknown,,
290020,Raususan [Mendeleev],Composite,Stratovolcano | Caldera | Lava dome(s),Andesite / Basaltic Andesite | Dacite | Basalt / Picro-Basalt,,Subduction zone | Intermediate crust (15-25 km),236,1783,3527,114486,1880 CE,1900 Jul 2 ± 182 days - Unknown || 1880 Jul 2 ± 182 days - Unknown || 2270 BCE ± 50 years - Unknown,,
290021,Ruruidake [Smirnov],Composite,Stratovolcano | Pyroclastic cone(s) | Lava dome(s),Andesite / Basaltic Andesite | Dacite,,Subduction zone | Intermediate crust (15-25 km),0,108,903,16132,Unknown - Evidence Credible,,,
290030,Chachadake [Tiatia],Composite,Stratovolcano | Caldera | Pyroclastic cone(s),Basalt / Picro-Basalt | Andesite / Basaltic Andesite,,Subduction zone | Intermediate crust (15-25 km),3,223,896,16275,1981 CE,1982 Feb 10 - 1982 Feb 14 || 1981 Jun 10 - 1981 Jun 25 || 1978 Jul 20 - Unknown || 1973 Jul 14 - 1973 Jul 28 || 1812 Aug 16 ± 15 days - Unknown,,
290040,Berutarubesan [Berutarube],Composite,Stratovolcano | Shield,Andesite / Basaltic Andesite | Dacite,,Subduction zone | Intermediate crust (15-25 km),0,113,240,9155,Unknown - Evidence Credible,1812 Jul 2 ± 182 days - Unknown,,
290041,Moekeshiwan [Lvinaya Past],Caldera,Stratovolcano | Caldera,Andesite / Basaltic Andesite | Basalt / Picro-Basalt | Dacite,,Subduction zone | Intermediate crust (15-25 km),0,206,588,5938,Pleistocene,10335 BCE ± 245 years - Unknown,,
290050,Etorofu-Atosanupuri [Atosanupuri],Composite,Stratovolcano | Caldera,Andesite / Basaltic Andesite | Basalt / Picro-Basalt,,Subduction zone | Intermediate crust (15-25 km),1,289,644,4311,1932 CE,1932 Jul 2 ± 182 days - Unknown || 1812 Sep 5 ± 4 days - Unknown,,
290060,Hitokappu Volcano Group [Bogatyr Ridge],Cluster,Stratovolcano | Pyroclastic cone(s) | Lava dome,Andesite / Basaltic Andesite | Dacite,,Subduction zone | Intermediate crust (15-25 km),5,130,1268,5735,Unknown - Evidence Credible,,,
290061,Kuril Arc at 45.0°N,Composite,Stratovolcano | Submarine,No Data (checked),,Subduction zone | Intermediate crust (15-25 km),0,0,693,5920,Pleistocene,,,
290070,Etorofu-Yakeyama [Grozny Group],Composite,Complex | Lava dome(s) | Caldera,Andesite / Basaltic Andesite,,Subduction zone | Intermediate crust (15-25 km),0,39,2417,6361,2013 CE,2013 Feb 16 - 2013 Apr 4 || 2012 Aug 16 - 2012 Aug 25 || 1989 May 3 - 1989 Aug 5 ± 4 days || 1973 May 16 - 1973 May 17 || 1973 Jan 16 ± 15 days - 1973 Jan 16 ± 15 days || 1970 Jul 2 ± 182 days - Unknown || 1968 Feb 16 ± 15 days - 1968 Feb 16 ± 15 days,,
290072,Odamoisan [Tebenkov],Composite,Stratovolcano,,,Subduction zone | Intermediate crust (15-25 km),,,,,Unknown - Evidence Uncertain,,,
290080,Sashiusudake [Baransky],Composite,Stratovolcano | Caldera | Lava dome,Andesite / Basaltic Andesite | Dacite,,Subduction zone | Intermediate crust (15-25 km),0,0,4061,6487,1951 CE,1951 Jul 15 ± 45 days - Unknown || 1570 ± 30 years - Unknown || 1460 ± 30 years - Unknown,,
290090,Chirippusan [Chirip],Composite,Stratovolcano(es) | Pyroclastic cone(s),Basalt / Picro-Basalt | Andesite / Basaltic Andesite,Dacite,Subduction zone | Intermediate crust (15-25 km),77,372,1125,4810,1860 CE,1860 Jul 2 (?) ± 182 days - Unknown || 1843 Jul 2 ± 182 days - Unknown,,
290100,Moyorodake [Medvezhia],Composite,Stratovolcano | Caldera(s) | Pyroclastic cone(s) | Lava dome(s),Andesite / Basaltic Andesite | Basalt / Picro-Basalt | Dacite | Rhyolite,,Subduction zone | Intermediate crust (15-25 km),11,42,600,4333,1999 CE,1999 Oct 7 - 1999 Oct 13 || 1958 Jul 2 ± 182 days - Unknown || 1946 Jul 2 ± 182 days - Unknown || 1883 May 16 ± 15 days - 1883 Jun 16 ± 15 days || 1778 Dec 31 ± 365 days - Unknown || 0050 BCE (?) - Unknown,,
290110,Rakkibetsudake [Demon],Composite,Stratovolcano | Caldera,No Data (checked),,Subduction zone | Intermediate crust (15-25 km),69,150,453,4180,Pleistocene,,,
290111,Ivao Group,Cluster,Pyroclastic cone(s),No Data (checked),,Subduction zone | Intermediate crust (15-25 km),1,10,37,959,Unknown - Evidence Credible,,,
290112,Rudakov,Composite,Stratovolcano,Andesite / Basaltic Andesite,,Subduction zone | Intermediate crust (15-25 km),11,18,39,643,Pleistocene,,,
290113,Tri Sestry,Composite,Stratovolcano | Lava dome,Andesite / Basaltic Andesite,,Subduction zone | Intermediate crust (15-25 km),0,0,34,532,Pleistocene,,,
290120,Kolokol Group,Composite,Stratovolcano,Andesite / Basaltic Andesite,,Subduction zone | Intermediate crust (15-25 km),2,2,128,375,1973 CE,2009 Aug 26 - Unknown || 2005 Jul 2 ± 182 days - Unknown || 1973 Jul 25 - 1973 Jul 26 (?) || 1970 Feb 16 ± 15 days - 1970 Mar 16 ± 15 days || 1952 Jan 15 ± 45 days - Unknown || 1946 Apr 15 ± 45 days - Unknown || 1940 Jul 2 ± 6 years ± 182 days - Unknown || 1924 Mar 13 - Unknown || 1894 Jul 25 - 1894 Jul 26 || 1845 Jul 2 ± 182 days - 1846 Jul 2 ± 182 days || 1780 ± 10 years - Unknown,,
290150,Chirpoi,Composite,Caldera | Stratovolcano(es),Andesite / Basaltic Andesite | Basalt / Picro-Basalt | Dacite,,Subduction zone | Oceanic crust (< 15 km),1,1,3,491,2016 CE,2012 Nov 11 - 2016 Oct 18 (?) || 1982 Nov 22 - Unknown || 1960 Oct 20 - Unknown || 1879 May 16 ± 15 days - 1879 Jun 16 ± 15 days || 1857 Jul 16 ± 15 days - Unknown || 1854 Jun 24 - Unknown || 1811 Jun 11 - Unknown || 1790 ± 20 years - Unknown || 1712 Dec 31 ± 365 days - Unknown,,
290160,Arkhangelsky,Composite,Stratovolcano | Submarine,No Data (checked),,Subduction zone | Oceanic crust (< 15 km),0,0,0,578,Pleistocene,,,
290161,Milna,Composite,Stratovolcano | Lava dome,Andesite / Basaltic Andesite,,Subduction zone | Oceanic crust (< 15 km),43,47,49,188,1914 CE,1944 Jul 2 ± 182 days - Unknown || 1914 Jun 4 - 1914 Jun 4 || 1883 Apr 15 ± 45 days - Unknown || 1881 Sep 16 ± 15 days - Unknown || 1849 Jul 2 ± 182 days - Unknown || 1842 Jun 16 ± 15 days - Unknown,,
290180,Zavaritzki Caldera,Caldera,Caldera | Lava dome(s) | Pyroclastic cone,Andesite / Basaltic Andesite | Basalt / Picro-Basalt | Dacite,,Subduction zone | Oceanic crust (< 15 km),46,46,61,118,1957 CE,1957 Nov 12 - 1957 Dec 1 || 1923 Jul 2 ± 8 years ± 182 days - Unknown,,
290190,Prevo Peak,Composite,Stratovolcano | Pyroclastic cone(s),Basalt / Picro-Basalt | Andesite / Basaltic Andesite,,Subduction zone | Oceanic crust (< 15 km),0,6,92,146,1825 CE,1825 Jul 2 ± 25 years ± 182 days - Unknown || 1765 ± 5 years - Unknown,,
290191,Uratman,Composite,Stratovolcano | Pyroclastic cone(s) | Lava dome,Andesite / Basaltic Andesite,,Subduction zone | Oceanic crust (< 15 km),3,9,20,33,Unknown - Evidence Credible,,,
290200,Ketoi,Composite,Stratovolcano | Caldera | Pyroclastic cone(s),Andesite / Basaltic Andesite | Basalt / Picro-Basalt,,Subduction zone | Oceanic crust (< 15 km),1,10,11,90,1960 CE,2018 Sep 21 - 2018 Sep 21 || 2013 Jul 25 - 2013 Aug 12 || 1960 Sep 27 - Unknown || 1924 Jul 2 ± 182 days - Unknown || 1843 Jul 16 ± 15 days - 1846 Jul 2 ± 182 days,,
290210,Ushishur,Caldera,Caldera | Lava dome(s),Andesite / Basaltic Andesite | Dacite,,Subduction zone | Oceanic crust (< 15 km),0,0,16,275,1884 CE,1884 Jul 16 ± 15 days - Unknown || 1769 (in or after) - Unknown || 1710 ± 10 years - Unknown || 7450 BCE ± 50 years - Unknown,,
290211,Srednii,Composite,Stratovolcano | Submarine,No Data (checked),,Subduction zone | Oceanic crust (< 15 km),0,0,8,279,Unknown - Evidence Credible,1880 Jul 12 (?) - 1880 Jul 12 (?),,
290220,Rasshua,Composite,Stratovolcano | Pyroclastic cone(s),Andesite / Basaltic Andesite | Dacite,,Subduction zone | Oceanic crust (< 15 km),0,9,9,200,1957 CE,1957 Oct 16 ± 15 days - Unknown || 1846 Jul 2 ± 182 days - Unknown,,
290240,Sarychev Peak,Composite,Stratovolcano,Andesite / Basaltic Andesite,,Subduction zone | Intermediate crust (15-25 km),17,143,143,148,2021 CE,2020 Feb 29 ± 1 days - 2020 Oct 12 || 2020 Nov 16 - 2021 Nov 26 || 2019 May 16 - 2019 Oct 7 || 2018 Sep 8 - 2018 Oct 15 || 2017 Oct 12 (?) - 2017 Nov 13 (?) || 2010 Sep 20 - 2010 Sep 20 || 2009 Jun 11 - 2009 Jul 16 (?) ± 15 days || 1989 Jan 13 - 1989 Jan 14 || 1986 Sep 1 (?) ± 15 days - Unknown || 1976 Sep 23 - 1976 Oct 2 || 1965 Dec 9 - 1965 Dec 9 || 1960 Aug 30 - 1960 Aug 30 || 1954 Aug 16 ± 15 days - 1954 Oct 16 ± 15 days || 1946 Nov 9 - 1946 Nov 19 || 1932 Jul 2 (?) ± 182 days - Unknown || 1930 Feb 13 - 1930 Feb 13 || 1928 Feb 14 - Unknown || 1927 Jul 2 ± 182 days - Unknown || 1924 Feb 15 - Unknown || 1923 Jan 17 - 1923 Jan 22 || 1879 Jan 15 ± 45 days - Unknown || 1805 Jul 2 ± 182 days - Unknown || 1765 ± 5 years - Unknown,,
290250,Raikoke,Composite,Stratovolcano,Basalt / Picro-Basalt,,Subduction zone | Intermediate crust (15-25 km),0,0,134,142,2019 CE,2019 Jun 22 - 2019 Jul 1 || 1924 Feb 14 (?) - 1924 Feb 15 || 1778 - Unknown || 1765 ± 5 years - Unknown,,
290260,Chirinkotan,Composite,Stratovolcano | Caldera | Pyroclastic cone,Andesite / Basaltic Andesite | Dacite,,Subduction zone | Intermediate crust (15-25 km),0,0,0,6,2022 CE,2022 Oct 7 - 2022 Oct 7 || 2021 Aug 8 - 2021 Aug 26 || 2016 Nov 29 - 2017 Apr 7 || 2014 Nov 21 - 2015 Aug 10 || 2013 Jun 11 - 2014 Jun 1 ± 4 days || 2004 Jul 20 - 2004 Jul 20 || 1986 Oct 11 - 1986 Oct 12 || 1979 Apr 16 ± 15 days - 1980 Oct 10 || 1955 Jul 2 (?) ± 182 days - Unknown || 1900 Jul 2 ± 10 years ± 182 days - Unknown || 1884 Jul 2 ± 6 years ± 182 days - Unknown || 1760 (?) - Unknown,,
290270,Ekarma,Composite,Stratovolcano | Lava dome,Andesite / Basaltic Andesite,,Subduction zone | Intermediate crust (15-25 km),0,0,1,26,2010 CE,2010 Jun 30 - 2010 Aug 10 (?) || 1980 May 24 - Unknown || 1767 - 1769,,
290290,Sinarka,Composite,Stratovolcano | Lava dome,Andesite / Basaltic Andesite,,Subduction zone | Intermediate crust (15-25 km),0,3,3,57,1878 CE,2014 Dec 3 - 2014 Dec 3 || 1872 Jul 2 ± 182 days - 1878 Jul 2 ± 182 days || 1855 Jul 2 ± 182 days - Unknown || 1846 Jul 2 ± 182 days - Unknown || 1725 ± 25 years - Unknown,,
290300,Kharimkotan,Composite,Stratovolcano | Lava dome,Andesite / Basaltic Andesite | Dacite | Basalt / Picro-Basalt,,Subduction zone | Intermediate crust (15-25 km),2,2,4,22,1933 CE,1933 Jan 8 - 1933 Apr 14 (on or after) || 1931 Sep 16 ± 15 days - Unknown || 1883 Jul 2 ± 182 days - Unknown || 1848 Jul 2 ± 182 days - Unknown || 1846 Jul 2 ± 182 days - Unknown || 1713 - Unknown,,
290310,Tao-Rusyr Caldera,Composite,Stratovolcano | Caldera | Lava dome,Andesite / Basaltic Andesite | Basalt / Picro-Basalt,,Subduction zone | Intermediate crust (15-25 km),0,73,83,394,1952 CE,1952 Nov 12 - 1952 Nov 19 || 5550 BCE ± 75 years - Unknown,,
290320,Nemo Peak,Caldera,Caldera | Stratovolcano | Lava dome,Andesite / Basaltic Andesite | Basalt / Picro-Basalt | Dacite,,Subduction zone | Intermediate crust (15-25 km),15,15,46,582,1938 CE,1938 Aug 12 - Unknown || 1932 Jul 2 (?) ± 182 days - Unknown || 1906 Jul 2 ± 182 days - Unknown || 1710 ± 10 years - Unknown || 1350 (?) - Unknown || 0750 (?) - Unknown || 0550 BCE ± 100 years - Unknown || 1850 BCE (?) - Unknown || 3050 BCE (?) - Unknown || 5550 BCE (?) - Unknown || 7050 BCE (?) - Unknown || 7550 BCE (?) - Unknown,,
290331,Shirinki,Composite,Stratovolcano | Lava dome(s),Andesite / Basaltic Andesite,,Subduction zone | Continental crust (> 25 km),0,0,50,1389,Unknown - Evidence Credible,,,
290340,Fuss Peak,Composite,Stratovolcano,Andesite / Basaltic Andesite,,Subduction zone | Continental crust (> 25 km),0,62,354,1891,1854 CE,1933 Jul 2 ± 182 days - Unknown || 1854 Jul 5 - Unknown || 1742 - Unknown || 1250 (?) - Unknown || 1590 BCE ± 70 years - Unknown || 1850 BCE (?) - Unknown || 3150 BCE (?) - Unknown || 3850 BCE (?) - Unknown || 4850 BCE (?) - Unknown || 5250 BCE (?) - Unknown || 5340 BCE ± 30 years - Unknown,,
290350,Karpinsky Group,Composite,Complex | Cone(s) | Maar,Andesite / Basaltic Andesite,,Subduction zone | Continental crust (> 25 km),0,104,516,1853,Unknown - Unrest / Holocene,,,
290360,Chikurachki,Composite,Stratovolcano(es) | Pyroclastic cone(s) | Pyroclastic cone(s) | Lava dome,Basalt / Picro-Basalt | Andesite / Basaltic Andesite,,Subduction zone | Continental crust (> 25 km),0,65,527,2492,2023 CE,2023 Jan 28 - 2023 Feb 8 || 2022 Jan 17 - 2022 Oct 17 || 2021 Mar 21 - 2021 Aug 25 || 2016 Jul 27 - 2016 Aug 30 || 2016 Mar 29 - 2016 Mar 31 || 2015 Feb 16 - 2015 Feb 18 || 2008 Jul 29 - 2008 Aug 8 (?) || 2007 Aug 19 - 2007 Nov 1 ± 7 days || 2007 Mar 4 - 2007 Apr 18 || 2005 Mar 12 - 2005 Apr 7 || 2003 Apr 17 - 2003 Jul 3 (?) || 2002 Jan 25 - 2002 Apr 22 (?) || 1986 Nov 18 - 1986 Dec 7 || 1973 Aug 10 - 1973 Sep 28 || 1967 Sep 6 - 1967 Sep 20 || 1964 Feb 1 - 1964 Feb 16 ± 15 days || 1961 May 2 - 1961 Aug 10 || 1958 May 26 - 1958 May 27 || 1957 May 16 ± 15 days - Unknown || 1933 Apr 15 ± 45 days - Unknown || 1853 Dec 16 ± 15 days - 1859 Jul 2 ± 182 days || 1690 ± 10 years - Unknown || 1500 BCE ± 250 years - Unknown || 1750 BCE (?) - Unknown || 1950 BCE (?) - Unknown || 6310 BCE ± 70 years - Unknown || 7550 BCE (?) - Unknown || 8500 BCE ± 950 years - Unknown || 9360 BCE ± 80 years - Unknown,,
290370,Vernadsky Ridge,Cluster,Pyroclastic cone(s) | Lava dome,Andesite / Basaltic Andesite | Basalt / Picro-Basalt,,Subduction zone | Continental crust (> 25 km),0,2,976,3064,Unknown - Evidence Credible,,,
290380,Ebeko,Composite,Stratovolcano | Pyroclastic cone(s),Andesite / Basaltic Andesite,,Subduction zone | Continental crust (> 25 km),0,267,1076,3098,2024 CE,2022 Jun 11 - 2024 Dec 31 || 2016 Oct 20 - 2021 Nov 9 || 2010 Jul 2 - 2010 Jul 9 ± 7 days || 2009 Feb 11 - 2009 Jul 13 (?) || 2005 Jan 29 - 2005 Feb 16 || 1991 Jan 16 ± 15 days - 1991 Jan 16 ± 15 days || 1989 Feb 2 - 1990 Apr 15 ± 5 days || 1987 Oct 14 - 1988 Jan 16 ± 15 days || 1971 Jul 2 ± 182 days - Unknown || 1969 Feb 16 ± 15 days - 1969 Feb 16 (?) ± 15 days || 1967 Jan 16 ± 15 days - 1967 Apr 16 (?) ± 15 days || 1965 Aug 16 (?) ± 15 days - 1965 Aug 16 (?) ± 15 days || 1963 Mar 8 - 1964 Jul 2 ± 182 days || 1934 Oct 4 - 1935 Oct 15 ± 45 days || 1859 Sep 27 - Unknown || 1833 Dec 31 ± 365 days - Unknown || 1793 - Unknown || 1670 (?) - Unknown || 1650 (?) - Unknown || 1600 (?) - Unknown || 0390 BCE ± 75 years - Unknown,,
290390,Alaid,Composite,Stratovolcano | Pyroclastic cone(s),Basalt / Picro-Basalt | Andesite / Basaltic Andesite,,Subduction zone | Continental crust (> 25 km),0,64,64,2887,2022 CE,2022 Sep 10 - 2022 Nov 26 || 2018 Aug 21 - 2018 Aug 21 || 2015 Sep 29 - 2016 Jan 4 || 2016 Feb 20 - 2016 Aug 11 || 2012 Oct 5 - 2012 Dec 12 || 1997 Aug 23 - 1997 Aug 23 || 1996 Dec 3 - Unknown || 1986 May 25 - 1986 May 28 ± 3 days || 1982 Mar 29 - 1982 Mar 29 || 1981 Nov 25 - Unknown || 1981 Apr 27 - 1981 Jun 5 || 1973 Jul 2 ± 182 days - Unknown || 1972 Jun 18 - 1972 Sep 11 || 1933 Nov 13 - 1934 Aug 16 ± 15 days || 1894 Jul 2 ± 182 days - Unknown || 1860 Jul 7 - 1860 Jul 9 || 1854 Jun 27 - Unknown || 1790 - 1793,,
300010,Kambalny,Composite,Stratovolcano | Compound | Pyroclastic cone(s),Basalt / Picro-Basalt | Andesite / Basaltic Andesite,,Subduction zone | Continental crust (> 25 km),0,20,572,4525,2017 CE,2017 Mar 24 - 2017 Apr 23 || 1350 (?) - Unknown,,
300020,Koshelev,Composite,Stratovolcano | Compound | Pyroclastic cone(s),Basalt / Picro-Basalt | Andesite / Basaltic Andesite,Dacite,Subduction zone | Continental crust (> 25 km),0,2,855,4390,1690 CE,1741 - Unknown || 1690 ± 10 years - Unknown || 1350 BCE (?) - Unknown || 4050 BCE (?) - Unknown || 4550 BCE (?) - Unknown,,
300021,Yavinsky,Composite,Stratovolcano | Pyroclastic cone,Basalt / Picro-Basalt,,Subduction zone | Continental crust (> 25 km),30,595,1356,4813,4050 BCE,4050 BCE (?) - Unknown,,
300022,Diky Greben,Minor (Silicic),Lava dome(s) | Caldera,Dacite | Andesite / Basaltic Andesite | Rhyolite,,Subduction zone | Continental crust (> 25 km),0,56,544,4568,350 CE,0350 ± 300 years - Unknown || 2250 BCE (?) - Unknown || 3050 BCE (?) - Unknown || 5700 BCE ± 100 years - Unknown,,
300023,Kurile Lake,Caldera,Caldera | Lava dome(s) | Tuff cone(s),Dacite | Rhyolite,Andesite / Basaltic Andesite,Subduction zone | Continental crust (> 25 km),23,23,397,4078,6440 BCE,6440 BCE ± 25 years - Unknown || 7550 BCE ± 500 years - Unknown,,
300030,Iliinsky,Composite,Stratovolcano | Caldera | Lava dome(s),Andesite / Basaltic Andesite | Dacite | Basalt / Picro-Basalt,,Subduction zone | Continental crust (> 25 km),0,0,410,4173,1901 CE,1901 Jul 2 ± 182 days - Unknown || 0050 (?) - Unknown || 2050 BCE (?) - Unknown || 2850 BCE (?) - Unknown || 4550 BCE (?) - Unknown || 5700 BCE ± 50 years - Unknown,,
300040,Zheltovsky,Composite,Stratovolcano | Caldera | Lava dome(s) | Pyroclastic cone(s),Basalt / Picro-Basalt | Andesite / Basaltic Andesite,Dacite | Rhyolite,Subduction zone | Continental crust (> 25 km),0,21,135,3737,1923 CE,1972 Mar 16 ± 15 days - Unknown || 1923 Feb 11 - 1923 Apr 16 ± 15 days || 1823 Jul 2 ± 5 years ± 182 days - Unknown || 3050 BCE (?) - Unknown || 6050 BCE (?) - Unknown || 7050 BCE ± 1000 years - Unknown,,
300050,Ksudach,Caldera,Stratovolcano | Caldera(s) | Pyroclastic cone(s) | Maar(s),Andesite / Basaltic Andesite | Dacite | Basalt / Picro-Basalt,,Subduction zone | Continental crust (> 25 km),0,0,244,3850,1907 CE,1907 Mar 28 (?) - Unknown || 1750 (?) - Unknown || 1000 ± 50 years - Unknown || 0700 (?) - Unknown || 0350 (?) - Unknown || 0240 ± 100 years - Unknown || 0200 BCE (?) - Unknown || 3000 BCE (?) - Unknown || 4100 BCE (?) - Unknown || 4550 BCE (?) - Unknown || 4750 BCE (?) - Unknown || 4900 BCE (?) - Unknown || 5200 BCE (?) - Unknown || 5600 BCE (?) - Unknown || 7900 BCE (?) - Unknown,,
300052,Olkoviy-Ozernoy Volcanic Field,Cluster,Volcanic field,Basalt / Picro-Basalt,,Subduction zone | Continental crust (> 25 km),34,34,46,3780,Unknown - Evidence Credible,,,
300053,Khodutka,Composite,Stratovolcano(es) | Pyroclastic cone(s) | Lava dome(s),Andesite / Basaltic Andesite | Dacite | Rhyolite,,Subduction zone | Continental crust (> 25 km),0,0,187,3525,300 BCE,0300 BCE ± 300 years - Unknown || 0930 BCE ± 100 years - Unknown || 1050 BCE (in or before) - Unknown,,
300058,Asacha,Composite,Complex,Basalt / Picro-Basalt | Andesite / Basaltic Andesite,Dacite | Rhyolite,Subduction zone | Continental crust (> 25 km),0,0,34,238467,Unknown - Evidence Credible,,,
300059,Visokiy,Cluster,Stratovolcano,Basalt / Picro-Basalt,,Subduction zone | Continental crust (> 25 km),0,0,30,232358,Unknown - Evidence Credible,,,
300060,Mutnovsky,Composite,Complex | Pyroclastic cone(s),Basalt / Picro-Basalt,Andesite / Basaltic Andesite | Dacite,Subduction zone | Continental crust (> 25 km),0,0,97,250858,2000 CE,2000 Jun 30 - 2000 Jun 30 || 2000 Mar 17 - 2000 Mar 17 || 1960 Dec 16 ± 15 days - 1961 Jan 16 ± 15 days || 1945 Jun 23 - Unknown || 1939 May 16 ± 15 days - Unknown || 1938 Nov 16 ± 15 days - Unknown || 1929 Feb 16 ± 15 days - Unknown || 1928 Jan 25 - 1928 Feb 16 ± 15 days || 1927 Jan 16 ± 15 days - 1927 Feb 16 ± 15 days || 1917 Jul 5 ± 4 days - Unknown || 1916 Dec 16 ± 15 days - Unknown || 1916 Jul 15 ± 5 days - Unknown || 1904 Apr 2 - 1904 Jun 26 (on or after) || 1898 Apr 16 ± 15 days - 1898 Jul 15 ± 45 days || 1853 Dec 18 - 1854 Mar 16 ± 15 days || 1853 Jan 16 ± 15 days - Unknown || 1852 Mar 16 ± 15 days - Unknown || 1848 Jul 2 ± 182 days - Unknown || 1750 ± 50 years - Unknown || 1650 ± 50 years - Unknown || 1300 (?) - Unknown || 0950 (?) - Unknown || 0750 (?) - Unknown || 0250 (?) - Unknown || 0050 (?) - Unknown || 0100 BCE (?) - Unknown || 0200 BCE (?) - Unknown || 0450 BCE (?) - Unknown || 2050 BCE (?) - Unknown || 2150 BCE (?) - Unknown || 2900 BCE (?) - Unknown || 3650 BCE (?) - Unknown || 4050 BCE (?) - Unknown || 4550 BCE (?) - Unknown || 4650 BCE (?) - Unknown || 4700 BCE (?) - Unknown || 5000 BCE (?) - Unknown || 5050 BCE (?) - Unknown || 5250 BCE (?) - Unknown || 5350 BCE (?) - Unknown || 5450 BCE (?) - Unknown || 5800 BCE (?) - Unknown || 5900 BCE (?) - Unknown || 6000 BCE (?) - Unknown || 7550 BCE (?) - Unknown,,
300070,Gorely,Composite,Caldera | Compound | Pyroclastic cone(s),Basalt / Picro-Basalt | Andesite / Basaltic Andesite | Dacite,,Subduction zone | Continental crust (> 25 km),0,0,19,250293,2010 CE,2010 Jun 6 - 2010 Jun 22 (?) || 1984 Aug 4 - 1986 Sep 21 (?) || 1980 Jun 15 ± 5 days - 1981 Jul 3 || 1961 Jan 16 ± 15 days - Unknown || 1947 Dec 16 ± 15 days - Unknown || 1932 Jul 2 ± 182 days - Unknown || 1931 May 16 ± 15 days - 1931 Jul 15 ± 45 days || 1930 Sep 16 ± 15 days - 1931 Jan 17 || 1929 Sep 1 - 1930 Apr 16 ± 15 days || 1869 Jul 2 ± 182 days - Unknown || 1855 Apr 16 ± 15 days - Unknown || 1832 Feb 16 ± 15 days - Unknown || 1828 Jun 16 ± 15 days - Unknown || 1821 Jul 2 ± 182 days - Unknown || 1750 ± 50 years - Unknown || 1330 ± 25 years - Unknown || 1030 ± 25 years - Unknown || 0550 (?) - Unknown || 0250 (?) - Unknown || 0200 (?) - Unknown || 0050 (?) - Unknown || 0350 BCE (?) - Unknown || 0700 BCE ± 850 years - Unknown || 2000 BCE (?) - Unknown || 2050 BCE (?) - Unknown || 2200 BCE (?) - Unknown || 2250 BCE (?) - Unknown || 2450 BCE (?) - Unknown || 2750 BCE (?) - Unknown || 3450 BCE (?) - Unknown || 3550 BCE (?) - Unknown || 3580 BCE ± 100 years - Unknown || 3900 BCE (?) - Unknown || 3950 BCE (?) - Unknown || 4150 BCE (?) - Unknown || 4300 BCE ± 150 years - Unknown || 4350 BCE (?) - Unknown || 4450 BCE (?) - Unknown || 4500 BCE (?) - Unknown || 4600 BCE (?) - Unknown || 4650 BCE (?) - Unknown || 4700 BCE (?) - Unknown || 4750 BCE (?) - Unknown || 4950 BCE (?) - Unknown || 5150 BCE (?) - Unknown || 5300 BCE (?) - Unknown || 5450 BCE (?) - Unknown || 5500 BCE (?) - Unknown || 5650 BCE (?) - Unknown || 5950 BCE (?) - Unknown || 6050 BCE (?) - Unknown || 7250 BCE (?) - Unknown || 7400 BCE ± 150 years - Unknown,,
300080,Opala,Composite,Caldera | Stratovolcano | Lava dome(s) | Pyroclastic cone(s),Basalt / Picro-Basalt | Andesite / Basaltic Andesite,Dacite | Rhyolite,Subduction zone | Continental crust (> 25 km),22,22,50,58949,1776 CE,1854 Jul 2 ± 182 days - Unknown || 1827 Jul 2 ± 182 days - Unknown || 1776 Oct 23 - Unknown || 0610 ± 50 years - Unknown || 1550 BCE (?) - Unknown || 3500 BCE (?) - Unknown,,
300082,Tolmachev Dol,Cluster,Pyroclastic cone(s),Basalt / Picro-Basalt | Rhyolite,,Subduction zone | Continental crust (> 25 km),2,2,14,247676,300 CE,0300 ± 150 years - Unknown || 2650 BCE (?) - Unknown,,
300083,Vilyuchinsky,Composite,Stratovolcano | Pyroclastic cone(s) | Lava dome(s),Andesite / Basaltic Andesite | Basalt / Picro-Basalt,,Subduction zone | Continental crust (> 25 km),0,1,23874,276468,8050 BCE,8050 BCE (?) - Unknown,,
300084,Barkhatnaya Sopka,Cluster,Volcanic field | Lava dome(s) | Pyroclastic cone(s),Basalt / Picro-Basalt | Andesite / Basaltic Andesite | Dacite | Rhyolite,,Subduction zone | Continental crust (> 25 km),0,208,13963,252873,3550 BCE,3550 BCE (in or after) - Unknown,,
300090,Koryaksky,Composite,Stratovolcano | Pyroclastic cone(s),Andesite / Basaltic Andesite | Basalt / Picro-Basalt,,Subduction zone | Continental crust (> 25 km),0,13,142050,257322,2009 CE,2008 Dec 23 (?) - 2009 Aug 27 || 1956 Dec 16 ± 15 days - 1957 Jun 16 ± 15 days || 1926 Dec 22 - 1926 Dec 22 || 1890 Jul 2 ± 3 years ± 182 days - Unknown || 1550 BCE (?) - Unknown || 1950 BCE ± 300 years - Unknown || 5050 BCE (?) - Unknown,,
300100,Avachinsky,Composite,Stratovolcano | Lava dome(s),Andesite / Basaltic Andesite | Basalt / Picro-Basalt,Dacite,Subduction zone | Continental crust (> 25 km),0,0,180016,270205,2001 CE,2001 Oct 5 - 2001 Oct 5 || 1991 Jan 13 - 1991 Jan 30 || 1945 Feb 25 - 1945 Feb 25 || 1938 Mar 6 - 1938 Dec 1 (on or after) || 1926 Mar 27 - 1927 Mar 14 (?) || 1910 Jul 2 ± 182 days - Unknown || 1909 Aug 16 ± 15 days - Unknown || 1901 Jul 7 - 1901 Jul 13 || 1894 Oct 16 ± 15 days - 1895 Feb 16 ± 15 days || 1881 Jul 2 ± 182 days - Unknown || 1878 Jul 2 ± 182 days - Unknown || 1855 May 28 - 1855 Sep 4 ± 4 days || 1854 Aug 13 - Unknown || 1853 Dec 21 - 1854 Mar 14 || 1851 Nov 26 - 1852 Feb 14 ± 4 days || 1837 Jul 2 ± 182 days - Unknown || 1828 Apr 17 - Unknown || 1827 Jun 27 - 1827 Jun 29 || 1789 - Unknown || 1779 Jun 15 - 1779 Jun 16 || 1772 - Unknown || 1737 Aug - 1737 Aug || 1550 (?) - Unknown || 1400 (?) - Unknown || 1200 (?) - Unknown || 1100 (?) - Unknown || 0900 (?) - Unknown || 0700 (?) - Unknown || 0400 (?) - Unknown || 0100 (?) - Unknown || 1350 BCE (?) - Unknown || 1500 BCE (?) - Unknown || 1700 BCE (?) - Unknown || 2100 BCE (?) - Unknown || 2300 BCE (?) - Unknown || 2500 BCE (?) - Unknown || 2530 BCE ± 300 years - Unknown || 2650 BCE (?) - Unknown || 2900 BCE (?) - Unknown || 2950 BCE (?) - Unknown || 3200 BCE ± 150 years - Unknown || 3400 BCE (?) - Unknown || 3500 BCE (?) - Unknown || 3700 BCE (?) - Unknown || 3790 BCE ± 100 years - Unknown || 4050 BCE (?) - Unknown || 4200 BCE (?) - Unknown || 4250 BCE (?) - Unknown || 4340 BCE ± 75 years - Unknown || 4400 BCE (?) - Unknown || 4460 BCE ± 100 years - Unknown || 4550 BCE ± 200 years - Unknown || 5450 BCE (?) - Unknown || 5500 BCE (?) - Unknown || 5600 BCE (?) - Unknown || 5700 BCE (?) - Unknown || 5980 BCE ± 100 years - Unknown || 6100 BCE (?) - Unknown,,
300110,Dzenzursky,Composite,Compound | Pyroclastic cone(s) | Lava dome,Andesite / Basaltic Andesite | Dacite,,Subduction zone | Continental crust (> 25 km),0,0,110,250934,Unknown - Evidence Credible,,,
300120,Zhupanovsky,Composite,Compound | Caldera | Lava dome(s) | Pyroclastic cone(s),Andesite / Basaltic Andesite | Basalt / Picro-Basalt | Dacite,,Subduction zone | Continental crust (> 25 km),0,0,153,267080,2016 CE,2016 Nov 20 - 2016 Nov 20 || 2015 Nov 28 - 2016 Mar 25 || 2014 Jun 6 - 2015 Aug 6 || 2013 Oct 23 - 2013 Oct 26 || 1959 Jul 2 ± 182 days - Unknown || 1956 Dec 27 - 1957 Jun 16 ± 15 days || 1940 Jan 16 ± 15 days - 1940 Feb 16 ± 15 days || 1929 Jul 2 ± 182 days - Unknown || 1925 Jul 2 ± 182 days - Unknown || 1882 Jul 2 ± 182 days - Unknown || 1776 Oct - Unknown || 1000 ± 500 years - Unknown || 0050 BCE (?) - Unknown || 0220 BCE ± 50 years - Unknown || 3050 BCE (?) - Unknown || 5050 BCE (?) - Unknown,,
300121,Veer,Minor (Basaltic),Pyroclastic cone(s),Basalt / Picro-Basalt | Andesite / Basaltic Andesite,,Subduction zone | Continental crust (> 25 km),0,1,44,266763,390 CE,0390 ± 75 years - Unknown,,
300122,Kostakan,Minor (Basaltic),Pyroclastic cone(s) | Maar,Basalt / Picro-Basalt | Andesite / Basaltic Andesite,,Subduction zone | Continental crust (> 25 km),13,13,1352,232577,1350 CE,1350 (?) - Unknown || 1200 ± 50 years - Unknown || 1000 ± 50 years - Unknown || 0800 ± 50 years - Unknown || 6550 BCE ± 500 years - Unknown || 8050 BCE ± 1000 years - Unknown,,
300123,Bakening,Composite,Stratovolcano | Caldera | Lava dome(s),Andesite / Basaltic Andesite | Dacite | Basalt / Picro-Basalt | Rhyolite,,Subduction zone | Continental crust (> 25 km),0,10,1583,87139,550 BCE,0550 BCE - Unknown || 1550 BCE (?) - Unknown || 6300 BCE ± 300 years - Unknown || 6550 BCE ± 500 years - Unknown || 7550 BCE ± 500 years - Unknown,,
300124,Zavaritsky,Composite,Pyroclastic cone(s),Basalt / Picro-Basalt,,Subduction zone | Continental crust (> 25 km),0,0,37,223868,800 BCE,0800 BCE ± 500 years - Unknown || 0850 BCE (?) - Unknown,,
300125,Akademia Nauk,Composite,Stratovolcano(es) | Caldera(s) | Maar(s) | Lava dome(s),Andesite / Basaltic Andesite | Dacite,Basalt / Picro-Basalt | Rhyolite,Subduction zone | Continental crust (> 25 km),3,3,615,12484,1996 CE,1996 Jan 2 - 1996 Jan 3 || 0950 BCE (?) - Unknown || 3850 BCE (?) - Unknown || 5500 BCE ± 500 years - Unknown,,
300130,Karymsky,Composite,Stratovolcano | Caldera(s) | Lava dome,Andesite / Basaltic Andesite | Dacite,,Subduction zone | Continental crust (> 25 km),0,0,291,10848,2025 CE,2025 Apr 30 - 2025 Sep 19 || 2024 Jun 20 - 2024 Nov 12 || 2020 Apr 1 - 2020 Jul 30 || 2020 Sep 26 - 2021 Feb 5 || 2021 Apr 2 - 2022 Aug 7 || 2017 Jun 4 - 2017 Oct 4 || 2017 Dec 4 - 2018 Feb 11 || 2018 Apr 28 - 2018 May 15 || 2018 Jul 9 - 2018 Sep 30 || 2018 Dec 1 - 2019 Sep 24 || 2016 Oct 5 - 2016 Oct 8 || 2001 Nov 15 - 2016 Apr 1 || 1996 Jan 2 - 2000 Dec 20 (?) || 1970 May 11 - 1982 Oct 11 || 1967 Nov 16 ± 15 days - 1967 Nov 16 ± 15 days || 1965 May 15 ± 5 days - 1967 Feb 16 ± 15 days || 1960 Apr 16 ± 15 days - 1964 Dec 16 ± 15 days || 1956 Mar 16 ± 15 days - 1957 Feb 16 ± 15 days || 1955 Jul 2 ± 182 days - Unknown || 1953 Jul 2 ± 182 days - Unknown || 1952 Nov 16 ± 15 days - Unknown || 1947 Apr 16 ± 15 days - Unknown || 1946 Sep 16 ± 15 days - 1946 Oct 16 ± 15 days || 1946 Apr 16 ± 15 days - Unknown || 1945 Sep 16 ± 15 days - Unknown || 1943 Feb 1 ± 30 days - Unknown || 1940 Jul 2 ± 182 days - Unknown || 1938 Oct 16 ± 15 days - Unknown || 1934 Nov 16 ± 15 days - 1935 Feb 16 ± 15 days || 1933 Sep 16 ± 15 days - 1933 Oct 16 ± 15 days || 1932 Jun 16 ± 15 days - Unknown || 1929 Jul 2 ± 182 days - Unknown || 1925 Jul 16 ± 15 days - Unknown || 1923 Feb 16 ± 15 days - Unknown || 1921 Sep 16 ± 15 days - Unknown || 1915 Jul 2 ± 182 days - Unknown || 1912 Jan 16 ± 15 days - Unknown || 1911 Jul 2 ± 182 days - Unknown || 1908 Jul 2 ± 182 days - Unknown || 1854 Sep 16 ± 15 days - Unknown || 1852 Jul 2 ± 182 days - Unknown || 1830 Jul 2 ± 182 days - Unknown || 1771 - Unknown || 1730 ± 25 years - Unknown || 1550 (?) - Unknown || 1450 (?) - Unknown || 1150 (?) - Unknown || 1050 (?) - Unknown || 0950 (?) - Unknown || 0850 BCE (?) - Unknown || 1100 BCE (?) - Unknown || 1400 BCE (?) - Unknown || 2050 BCE (?) - Unknown || 2250 BCE (?) - Unknown || 2350 BCE (?) - Unknown || 3200 BCE (?) - Unknown || 3450 BCE (?) - Unknown || 4150 BCE (?) - Unknown || 6600 BCE (?) - Unknown,,
300140,Maly Semyachik,Composite,Caldera | Stratovolcano(es),Basalt / Picro-Basalt | Andesite / Basaltic Andesite,Dacite,Subduction zone | Continental crust (> 25 km),98,98,497,10182,1952 CE,1952 Dec 5 ± 4 days - Unknown || 1945 Sep 16 (?) ± 15 days - 1946 Apr 15 ± 45 days || 1852 Apr 15 ± 45 days - 1852 Jul 16 ± 15 days || 1851 Sep 16 ± 15 days - Unknown || 1804 Jul 2 ± 182 days - Unknown || 1550 (?) - Unknown || 1400 ± 50 years - Unknown || 0550 BCE (?) - Unknown || 0650 BCE (?) - Unknown || 0850 BCE (?) - Unknown || 1800 BCE ± 50 years - Unknown || 2250 BCE (?) - Unknown || 2450 BCE (?) - Unknown || 3500 BCE ± 50 years - Unknown || 4500 BCE ± 50 years - Unknown || 4650 BCE (?) - Unknown || 5050 BCE (?) - Unknown || 5450 BCE (?) - Unknown || 5750 BCE (?) - Unknown || 5850 BCE (?) - Unknown || 6150 BCE (?) - Unknown || 6950 BCE (?) - Unknown || 7550 BCE (?) - Unknown,,
300150,Bolshoi Semiachik,Composite,Stratovolcano(es) | Caldera | Lava dome(s),Basalt / Picro-Basalt | Andesite / Basaltic Andesite | Dacite | Rhyolite,,Subduction zone | Continental crust (> 25 km),0,0,554,7373,4450 BCE,4450 BCE (?) - Unknown || 6800 BCE ± 300 years - Unknown,,
300160,Taunshits,Composite,Stratovolcano | Pyroclastic cone(s) | Lava dome(s),Andesite / Basaltic Andesite,,Subduction zone | Continental crust (> 25 km),0,0,186,11110,550 BCE,0550 BCE (?) - Unknown || 5800 BCE ± 50 years - Unknown,,
300170,Uzon,Caldera,Caldera(s) | Lava dome(s) | Maar,Andesite / Basaltic Andesite | Basalt / Picro-Basalt | Dacite | Rhyolite,,Subduction zone | Continental crust (> 25 km),0,0,294,9144,200 CE,0200 ± 300 years - Unknown || 1550 BCE (?) - Unknown || 5700 BCE ± 50 years - Unknown || 5750 BCE (?) - Unknown,,
300180,Kikhpinych,Composite,Stratovolcano(es) | Lava dome,Basalt / Picro-Basalt | Andesite / Basaltic Andesite,,Subduction zone | Continental crust (> 25 km),0,29,687,4322,1550 CE,1550 (?) - Unknown || 1350 (?) - Unknown || 0900 ± 50 years - Unknown || 0830 ± 25 years - Unknown || 0650 (?) - Unknown || 0550 (?) - Unknown || 2780 BCE ± 25 years - Unknown || 2850 BCE (?) - Unknown,,
300190,Krasheninnikov,Composite,Caldera | Stratovolcano(es) | Pyroclastic cone(s),Basalt / Picro-Basalt | Andesite / Basaltic Andesite | Dacite,,Subduction zone | Continental crust (> 25 km),308,308,814,4674,2026 CE,2025 Aug 2 - 2026 Mar 25 (continuing) || 1550 (?) - Unknown || 1350 (?) - Unknown || 0850 (?) - Unknown || 0750 (?) - Unknown || 0650 (?) - Unknown || 0150 BCE (?) - Unknown || 0250 BCE (?) - Unknown || 0350 BCE (?) - Unknown || 0650 BCE (?) - Unknown || 0850 BCE (?) - Unknown || 1000 BCE ± 50 years - Unknown || 1050 BCE (?) - Unknown || 1150 BCE (?) - Unknown || 1350 BCE (?) - Unknown || 1650 BCE (?) - Unknown || 2250 BCE (?) - Unknown || 2950 BCE (?) - Unknown || 3250 BCE (?) - Unknown || 3550 BCE (?) - Unknown || 4450 BCE (?) - Unknown || 4850 BCE (?) - Unknown || 5050 BCE (?) - Unknown || 5250 BCE (?) - Unknown || 5450 BCE (?) - Unknown || 5800 BCE ± 50 years - Unknown || 6000 BCE ± 50 years - Unknown || 6250 BCE (?) - Unknown || 6350 BCE (?) - Unknown || 6550 BCE (?) - Unknown || 7250 BCE (?) - Unknown || 8050 BCE (?) - Unknown,,
300200,Kronotsky,Composite,Stratovolcano | Pyroclastic cone(s),Basalt / Picro-Basalt | Andesite / Basaltic Andesite,,Subduction zone | Continental crust (> 25 km),0,12,1323,3531,3350 BCE,3350 BCE ± 100 years - Unknown || 4050 BCE - Unknown,,
300210,Gamchen,Composite,Complex,Basalt / Picro-Basalt | Andesite / Basaltic Andesite,,Subduction zone | Continental crust (> 25 km),0,0,382,3829,188 BCE,0188 BCE ± 80 years - Unknown || 0550 BCE (?) - Unknown || 1650 BCE (?) - Unknown,,
300220,Komarov,Composite,Stratovolcano | Caldera | Lava dome(s),Basalt / Picro-Basalt | Andesite / Basaltic Andesite,,Subduction zone | Continental crust (> 25 km),0,0,238,3756,950 CE,0950 (in or after) - Unknown || 0450 (?) - Unknown,,
300221,Vysoky,Composite,Stratovolcano,Andesite / Basaltic Andesite | Basalt / Picro-Basalt | Dacite,,Subduction zone | Continental crust (> 25 km),0,0,123,3657,550 BCE,0550 BCE (?) - Unknown,,
300230,Kizimen,Composite,Stratovolcano | Lava dome,Andesite / Basaltic Andesite | Basalt / Picro-Basalt,Dacite,Subduction zone | Continental crust (> 25 km),0,26,197,5564,2013 CE,2009 Jul 11 - 2010 Apr 6 || 2010 Nov 11 - 2013 Sep 13 (?) || 1927 Dec 16 ± 15 days - 1928 Jan 16 ± 15 days || 0850 (?) - Unknown || 0700 ± 50 years - Unknown || 0350 ± 75 years - Unknown || 1010 BCE (?) - Unknown || 4050 BCE (?) - Unknown || 4450 BCE (?) - Unknown || 5800 BCE ± 50 years - Unknown || 6400 BCE ± 50 years - Unknown || 8050 BCE (?) - Unknown,,
300240,Tolbachik,Shield,Shield | Caldera | Pyroclastic cone(s),Basalt / Picro-Basalt | Andesite / Basaltic Andesite,,Subduction zone | Continental crust (> 25 km),0,0,225,10487,2013 CE,2012 Nov 27 - 2013 Sep 5 ± 10 days || 1975 Jun 28 - 1976 Dec 10 || 1973 Oct 16 ± 15 days - 1974 Dec 16 ± 15 days || 1970 Sep 16 ± 15 days - 1970 Dec 1 ± 30 days || 1970 Jan 16 ± 15 days - 1970 Apr 16 ± 15 days || 1968 Jul 2 ± 182 days - 1969 Jul 2 ± 182 days || 1967 Oct 16 ± 15 days - 1967 Nov 16 ± 15 days || 1967 Mar 16 ± 15 days - 1967 May 16 ± 15 days || 1966 Apr 15 ± 45 days - Unknown || 1965 Jul 2 ± 182 days - Unknown || 1964 Mar 16 ± 15 days - 1964 Apr 24 (on or after) || 1962 Aug 16 ± 15 days - 1963 Jul 2 ± 182 days || 1961 Mar 24 - 1962 Feb 16 (on or after) || 1959 Jul 2 ± 182 days - 1960 Jul 2 ± 182 days || 1958 Jul 13 (on or before) - Unknown || 1956 Sep 28 - 1957 Nov 28 || 1955 Oct 6 - 1955 Dec 8 || 1955 Jan 7 - 1955 Feb 9 || 1954 Feb 21 - 1954 Jun 13 || 1947 Jan 16 ± 15 days - Unknown || 1940 Nov 16 ± 15 days - 1941 Jul 15 ± 45 days || 1940 Feb 16 ± 15 days - 1940 Apr 16 ± 15 days || 1939 Sep 25 - 1939 Sep 27 || 1936 Aug 13 (on or before) - 1937 Mar 2 || 1931 Mar 4 - 1932 Jul 2 ± 182 days || 1904 Jul 2 ± 182 days - Unknown || 1793 - Unknown || 1790 - Unknown || 1789 - Unknown || 1788 - Unknown || 1769 Feb 15 ± 45 days - 1769 Oct 15 ± 45 days || 1740 Dec - Unknown || 1739 Feb 1 ± 30 days - Unknown || 1699 ± 1 years - Unknown || 1550 (?) - Unknown || 1050 (?) - Unknown || 1000 (?) - Unknown || 0950 (?) - Unknown || 0900 (?) - Unknown || 0550 (?) - Unknown || 0450 (?) - Unknown || 0400 (?) - Unknown || 0350 (?) - Unknown || 0250 (?) - Unknown || 0150 (?) - Unknown || 0050 (?) - Unknown || 0100 BCE (?) - Unknown || 0200 BCE (?) - Unknown || 0700 BCE (?) - Unknown || 0750 BCE (?) - Unknown || 0800 BCE (?) - Unknown || 1650 BCE (?) - Unknown || 1750 BCE (?) - Unknown || 2050 BCE (?) - Unknown || 4550 BCE (?) - Unknown || 5450 BCE (?) - Unknown || 5600 BCE (?) - Unknown || 5650 BCE (?) - Unknown || 6050 BCE (?) - Unknown || 7600 BCE (?) - Unknown,,
300241,Udina,Composite,Stratovolcano(es) | Lava dome(s),Andesite / Basaltic Andesite | Basalt / Picro-Basalt,,Subduction zone | Continental crust (> 25 km),0,2,63,10334,Unknown - Evidence Credible,,,
300242,Zimina,Composite,Stratovolcano(es) | Caldera | Lava dome(s),Andesite / Basaltic Andesite | Dacite,,Subduction zone | Continental crust (> 25 km),0,0,77,11184,Unknown - Evidence Uncertain,,,
300250,Bezymianny,Composite,Stratovolcano | Caldera | Lava dome,Andesite / Basaltic Andesite | Dacite,,Subduction zone | Continental crust (> 25 km),0,0,47,11728,2025 CE,2024 Dec 24 - 2025 Dec 4 || 2022 Mar 15 - 2024 Aug 14 ± 2 days || 2016 Dec 5 - 2017 Apr 21 || 2017 Jun 9 - 2017 Oct 5 || 2017 Dec 18 - 2018 Nov 15 ± 15 days || 2019 Jan 15 - 2019 Nov 15 ± 15 days || 2019 Dec 5 - 2020 Jul 1 ± 15 days || 2020 Aug 26 - 2021 Feb 1 ± 15 days || 2014 Jun 12 - 2014 Aug 29 || 2012 Feb 12 - 2012 Jun 7 (on or before) || 2012 Jul 29 ± 3 days - 2013 Jun 20 || 2011 Sep 6 - 2011 Oct 26 || 2010 May 21 - 2010 Jun 28 || 2010 Aug 29 - 2010 Sep 1 || 2010 Nov 21 (on or before) - 2011 Feb 4 || 2011 Apr 1 - 2011 Apr 29 || 2009 Dec 17 - 2010 Feb 16 (?) || 2008 Jul 11 - 2008 Aug 23 (?) || 2007 May 10 (?) - 2007 Dec 24 (?) || 2006 Apr 16 (on or before) ± 15 days - 2006 Dec 29 (?) || 2005 Nov 29 (?) - 2005 Dec 1 (on or after) || 2004 Jan 14 - 2005 Feb 16 (?) ± 15 days || 2003 Jul 26 - 2003 Aug 1 (?) || 2002 Dec 25 - 2002 Dec 28 (?) || 2001 Dec 10 - 2002 Jan 6 (?) || 2001 Jul 23 (?) - 2001 Aug 10 (?) || 2000 Jul 18 - 2000 Nov 4 (on or after) || 2000 Mar 14 - 2000 Mar 26 ± 1 days || 1999 Feb 25 - 1999 Feb 25 || 1998 Jun 20 (?) - 1998 Jun 22 (?) || 1997 Dec 5 - 1997 Dec 6 || 1997 May 8 - 1997 May 16 (?) || 1996 Jul 23 (?) - 1996 Sep 1 || 1995 Sep 16 (on or before) ± 15 days - 1995 Oct 8 (?) || 1994 Jul 7 - 1994 Oct 5 ± 4 days || 1993 Oct 21 - 1994 Feb 4 ± 4 days || 1992 Mar 12 - 1992 Jun 12 || 1990 Jan 29 - 1991 Nov 29 || 1989 Aug 1 - 1989 Aug 4 || 1986 Dec 5 ± 4 days - 1988 Jul 26 ± 5 days || 1986 Mar 26 ± 5 days - 1986 Jun 29 || 1985 Jun 12 - 1985 Dec 14 || 1984 Feb 5 - 1984 Dec 16 ± 15 days || 1981 Jun 12 - 1983 May 22 || 1980 Aug 21 - 1980 Aug 27 ± 4 days || 1980 Apr 18 - 1980 Apr 19 || 1979 Sep 18 - Unknown || 1979 Feb 11 - Unknown || 1978 Sep 8 ± 30 days - Unknown || 1977 Mar 25 - Unknown || 1976 Mar 25 - Unknown || 1971 Mar 16 ± 15 days - 1974 Dec 16 (on or after) ± 15 days || 1965 Mar 9 - 1970 Mar 16 ± 15 days || 1964 Dec 25 - 1964 Dec 26 || 1964 Jun 25 - 1964 Sep 20 || 1963 May 16 ± 15 days - 1963 Sep 16 (?) ± 15 days || 1962 Oct 21 - 1962 Nov 6 || 1961 Oct 18 - 1961 Dec 15 || 1961 May 21 - 1961 Jun 6 || 1961 Mar 25 - 1961 Mar 26 || 1960 Apr 13 - 1960 Apr 14 || 1959 Oct 15 - 1959 Nov 4 (?) || 1958 Dec 28 - 1959 Mar 30 || 1958 May 21 - Unknown || 1958 Jan 16 ± 15 days - 1958 Feb 14 || 1957 Jul 31 - 1957 Jul 31 || 1955 Oct 22 - 1957 Mar 1 || 0950 (?) - Unknown || 0850 (?) - Unknown || 0700 ± 50 years - Unknown || 0600 (?) - Unknown || 0250 (?) - Unknown || 0150 (?) - Unknown || 0050 (?) - Unknown || 0450 BCE (?) - Unknown || 1350 BCE (?) - Unknown || 1550 BCE ± 500 years - Unknown || 2750 BCE ± 500 years - Unknown || 5050 BCE (?) - Unknown || 7050 BCE ± 2000 years - Unknown,,
300251,Kamen,Composite,Stratovolcano,Basalt / Picro-Basalt | Andesite / Basaltic Andesite,,Subduction zone | Continental crust (> 25 km),0,0,63,11138,Unknown - Evidence Credible,,,
300260,Klyuchevskoy,Composite,Stratovolcano | Pyroclastic cone(s),Basalt / Picro-Basalt | Andesite / Basaltic Andesite,,Subduction zone | Continental crust (> 25 km),0,0,292,12406,2025 CE,2025 Apr 8 - 2025 Aug 16 || 2023 Jun 22 - 2023 Dec 31 || 2022 Nov 17 - 2022 Nov 25 (?) || 2019 Apr 9 - 2019 Aug 2 || 2019 Oct 24 - 2020 Jul 3 || 2020 Oct 2 - 2021 Mar 20 || 2015 Aug 28 - 2015 Dec 31 || 2016 Apr 3 - 2017 Sep 18 || 2017 Dec 5 - 2018 Jul 14 || 2015 Jan 1 - 2015 May 10 || 2013 Aug 15 - 2013 Dec 20 || 2012 Sep 1 (?) - 2013 Jan 28 ± 3 days || 2011 Nov 2 - 2011 Nov 2 || 2011 Mar 30 - 2011 Jul 3 || 2009 Aug 1 (?) - 2010 Dec 20 (?) || 2008 Oct 8 - 2009 Apr 16 (?) || 2007 Feb 15 - 2007 Jul 15 || 2005 Jan 20 (on or before) - 2005 Apr 7 || 2004 Sep 15 - 2004 Sep 15 || 2002 Nov 24 - 2004 Apr 8 || 2002 Apr 9 - 2002 Jun 9 (on or before) || 2000 Jul 28 - 2000 Sep 22 || 2000 Feb 3 - 2000 Feb 8 (?) || 1999 Feb 5 - 1999 Jul 12 || 1998 Jul 23 - 1998 Sep 2 (?) || 1997 Sep 7 - 1997 Sep 26 || 1996 Nov 14 - 1997 Mar 20 ± 12 days || 1994 Sep 8 - 1995 Jan 14 (on or after) || 1992 Sep 12 - 1993 Sep 12 ± 1 days || 1992 Jan 25 - 1992 May 25 (?) || 1991 Apr 8 - 1991 Jun 24 (?) || 1986 Nov 27 - 1990 Sep 16 ± 15 days || 1986 Jun 8 - 1986 Jul 11 || 1985 Aug 16 - 1986 Jan 21 || 1984 Mar 10 - 1985 Jan 28 || 1982 Oct 7 - 1983 Jun 27 || 1982 Mar 24 - 1982 May 2 || 1981 Dec 21 - Unknown || 1981 Jan 25 - 1981 Aug 4 (?) || 1977 Aug 2 - 1980 Mar 12 || 1974 Apr 8 - 1974 Dec 16 (?) ± 15 days || 1971 Nov 16 ± 15 days - 1973 Dec 16 ± 15 days || 1971 Jun 16 ± 15 days - 1971 Jul 16 ± 15 days || 1970 May 26 - 1970 Dec 27 || 1969 Sep 16 ± 15 days - 1969 Dec 16 ± 15 days || 1968 Jul 3 - 1968 Jul 3 || 1967 Jul 2 ± 182 days - Unknown || 1965 Aug 16 ± 15 days - 1966 Dec 26 || 1963 Nov 13 - 1964 Dec 16 (?) ± 15 days || 1960 Dec 16 ± 15 days - 1963 Mar 22 (on or after) || 1959 Jan 3 - Unknown || 1958 May 18 - 1958 Aug 18 (on or after) || 1957 Jul 2 ± 182 days - Unknown || 1956 Jan 16 ± 15 days - 1956 Aug 2 || 1954 May 28 - 1954 Sep 16 ± 15 days || 1953 Jun 7 - 1953 Jun 25 || 1951 Nov 19 - 1951 Nov 30 || 1949 May 16 ± 15 days - Unknown || 1948 Aug 16 ± 15 days - Unknown || 1946 Oct 23 - 1946 Nov 22 (?) || 1945 Jun 19 - 1945 Jul 7 || 1944 Dec 9 - 1945 Jan 20 (on or after) || 1937 Apr 3 - 1939 Mar 16 ± 15 days || 1935 Apr 21 - 1936 Nov 4 (on or after) || 1932 Jan 25 - 1932 Dec 26 ± 5 days || 1931 Aug 16 ± 15 days - 1931 Sep 16 ± 15 days || 1931 Mar 25 - 1931 Mar 27 || 1929 Jun 16 ± 15 days - 1929 Sep 16 ± 15 days || 1926 Mar 23 - 1926 Apr 7 || 1925 Apr 4 - 1925 Oct 10 || 1923 Aug 16 ± 15 days - 1923 Sep 16 ± 15 days || 1922 May 16 ± 15 days - Unknown || 1915 Jan 16 ± 15 days - Unknown || 1913 Jan 16 ± 15 days - Unknown || 1911 Nov 16 ± 15 days - Unknown || 1910 Aug 16 ± 15 days - Unknown || 1909 Jun 16 ± 15 days - Unknown || 1907 Aug 16 ± 15 days - Unknown || 1904 Jan 31 ± 30 days - 1904 Jun 14 (on or after) || 1898 Feb 20 - Unknown || 1896 Dec 16 ± 15 days - 1897 Nov 16 ± 15 days || 1890 Apr 16 ± 15 days - Unknown || 1883 Jul 16 ± 15 days - 1883 Aug 16 ± 15 days || 1882 Sep 16 ± 15 days - Unknown || 1879 Jul 2 ± 182 days - Unknown || 1878 Sep 16 ± 15 days - Unknown || 1877 Jul 2 ± 182 days - Unknown || 1865 Sep 16 ± 15 days - Unknown || 1853 Oct 16 ± 15 days - 1854 Feb 17 || 1852 Aug 16 ± 15 days - Unknown || 1852 Feb 16 ± 15 days - 1852 Mar 16 ± 15 days || 1848 Jul 2 ± 182 days - Unknown || 1840 Jul 2 ± 182 days - Unknown || 1829 Sep 9 - Unknown || 1819 Jul 2 ± 182 days - 1822 Jul 2 (?) ± 182 days || 1813 Feb 16 ± 15 days - Unknown || 1812 Sep 16 ± 15 days - Unknown || 1807 Feb 1 ± 30 days - Unknown || 1791 Aug - Unknown || 1791 Apr - Unknown || 1789 Dec 1 - 1790 Feb || 1788 Aug - Unknown || 1788 Feb - Unknown || 1787 Sep - Unknown || 1785 Nov - Unknown || 1772 - Unknown || 1770 May - Unknown || 1767 - Unknown || 1762 - Unknown || 1740 - Unknown || 1737 Sep 25 (?) - 1737 Nov 4 (?) || 1727 - 1731 || 1720 - 1721 || 1697 - 1698 || 0550 (?) - Unknown || 1050 BCE (?) - Unknown || 3950 BCE (?) - Unknown,,
300261,Ushkovsky,Composite,Compound | Caldera | Pyroclastic cone(s),Basalt / Picro-Basalt | Andesite / Basaltic Andesite,,Subduction zone | Continental crust (> 25 km),0,0,292,12461,1890 CE,1890 Apr 16 ± 15 days - Unknown || 6670 BCE ± 150 years - Unknown || 7550 BCE (?) - Unknown,,
300270,Sheveluch,Composite,Stratovolcano | Caldera | Lava dome(s),Andesite / Basaltic Andesite | Basalt / Picro-Basalt,,Subduction zone | Continental crust (> 25 km),0,0,1718,11613,2026 CE,1999 Aug 15 - 2026 Mar 25 (continuing) || 1999 Apr 3 - 1999 Apr 12 || 1998 May 30 - 1998 Sep 3 || 1997 Mar 8 - 1997 Apr 4 || 1990 Jan 10 - 1995 Feb 16 ± 15 days || 1989 Apr 7 - 1989 Jun 26 || 1988 Dec 7 - 1988 Dec 7 || 1986 Mar 28 - 1988 Feb 28 || 1985 May 26 - 1985 Oct 25 || 1984 Mar 17 - 1984 Sep 6 || 1980 Aug 23 - 1981 Dec 1 ± 30 days || 1964 Nov 12 - 1964 Nov 12 || 1944 Nov 5 - 1950 Apr 6 || 1930 Feb 1 ± 30 days - Unknown || 1928 Jan 27 - 1929 Apr 15 ± 45 days || 1905 Jul 2 ± 182 days - Unknown || 1897 Jul 2 ± 182 days - 1898 Jul 2 ± 182 days || 1879 Jul 2 ± 182 days - 1883 Jul 2 ± 182 days || 1854 Feb 18 - Unknown || 1800 Jul 2 ± 10 years ± 182 days - Unknown || 1739 - Unknown || 1700 (?) - Unknown || 1652 ± 11 years - Unknown || 1550 (?) - Unknown || 1430 (?) - Unknown || 1150 (?) - Unknown || 1034 ± 23 years - Unknown || 1020 (?) ± 40 years - Unknown || 0970 (?) ± 80 years - Unknown || 0750 (?) - Unknown || 0700 (?) - Unknown || 0650 ± 40 years - Unknown || 0630 (?) - Unknown || 0600 (?) - Unknown || 0580 (?) - Unknown || 0530 (?) - Unknown || 0500 (?) - Unknown || 0380 (?) - Unknown || 0250 (?) - Unknown || 0230 (?) - Unknown || 0170 ± 20 years - Unknown || 0120 (?) - Unknown || 0100 (?) - Unknown || 0010 BCE (?) - Unknown || 0150 BCE (?) - Unknown || 0300 BCE (?) - Unknown || 0400 BCE (?) - Unknown || 0500 BCE (?) - Unknown || 0650 BCE (?) - Unknown || 0780 BCE ± 300 years - Unknown || 0900 BCE (?) - Unknown || 0950 BCE (?) - Unknown || 1010 BCE (?) - Unknown || 1330 BCE ± 200 years - Unknown || 1500 BCE (?) - Unknown || 1650 BCE (?) - Unknown || 1700 BCE (?) - Unknown || 2000 BCE (?) - Unknown || 2100 BCE (?) - Unknown || 2150 BCE (?) - Unknown || 2200 BCE (?) - Unknown || 2490 BCE (?) - Unknown || 2530 BCE (?) - Unknown || 2620 BCE ± 300 years - Unknown || 2750 BCE (?) - Unknown || 2900 BCE (?) - Unknown || 3050 BCE (?) - Unknown || 3200 BCE (?) - Unknown || 3500 BCE (?) - Unknown || 3650 BCE (?) - Unknown || 4250 BCE (?) - Unknown || 4350 BCE (?) - Unknown || 4400 BCE (?) - Unknown || 4530 BCE (?) - Unknown || 4900 BCE (?) - Unknown || 5400 BCE (?) - Unknown || 5500 BCE (?) - Unknown || 6000 BCE (?) - Unknown || 6100 BCE (?) - Unknown || 6200 BCE (?) - Unknown || 6350 BCE (?) - Unknown || 6380 BCE (?) - Unknown || 6400 BCE ± 150 years - Unknown || 6500 BCE (?) - Unknown || 6600 BCE (?) - Unknown || 6800 BCE (?) - Unknown || 7000 BCE (?) - Unknown || 7150 BCE (?) - Unknown || 7300 BCE (?) - Unknown || 7400 BCE ± 150 years - Unknown || 7500 BCE (?) - Unknown || 7550 BCE (?) - Unknown || 7600 BCE (?) - Unknown || 7630 BCE (?) - Unknown || 7700 BCE (?) - Unknown || 7750 BCE (?) - Unknown || 7850 BCE (?) - Unknown || 7950 BCE (?) - Unknown || 8100 BCE (?) - Unknown || 8200 BCE (?) - Unknown || 8350 BCE (?) - Unknown || 8450 BCE (?) - Unknown || 8500 BCE (?) - Unknown,,
300271,Piip,Composite,Stratovolcano | Submarine,Dacite | Andesite / Basaltic Andesite,,Subduction zone | Intermediate crust (15-25 km),0,0,0,574,5050 BCE,5050 BCE (?) - Unknown,,
300272,Khangar,Composite,Stratovolcano | Lava dome(s),Dacite | Andesite / Basaltic Andesite | Rhyolite | Basalt / Picro-Basalt,,Subduction zone | Continental crust (> 25 km),0,0,38,11805,1500 CE,1500 ± 40 years - Unknown || 1000 ± 16 years - Unknown || 0350 BCE ± 30 years - Unknown || 2700 BCE ± 25 years - Unknown || 5500 BCE ± 25 years - Unknown || 5700 BCE ± 16 years - Unknown || 6400 BCE ± 75 years - Unknown || 7100 BCE ± 100 years - Unknown || 8250 BCE ± 100 years - Unknown || 9500 BCE ± 300 years - Unknown,,
300273,Cherpuk Group,Minor,Pyroclastic cone(s),Andesite / Basaltic Andesite,,Subduction zone | Continental crust (> 25 km),0,0,32,3323,4550 BCE,4550 BCE (?) - Unknown,,
300280,Ichinsky,Composite,Stratovolcano | Caldera | Lava dome(s) | Pyroclastic cone(s),Basalt / Picro-Basalt | Andesite / Basaltic Andesite,Dacite | Rhyolite,Subduction zone | Continental crust (> 25 km),0,0,34,2670,1740 CE,1740 - Unknown || 1300 ± 200 years - Unknown || 0800 ± 300 years - Unknown || 0550 (?) - Unknown || 0050 ± 300 years - Unknown || 0600 BCE (?) - Unknown || 1200 BCE (?) - Unknown || 1950 BCE ± 300 years - Unknown || 2850 BCE ± 300 years - Unknown || 5400 BCE (?) - Unknown || 5650 BCE (?) - Unknown || 5850 BCE (?) - Unknown || 6150 BCE ± 50 years - Unknown || 6950 BCE (?) - Unknown,,
300310,Plosky,Shield,Shield | Stratovolcano,Basalt / Picro-Basalt | Andesite / Basaltic Andesite,,Subduction zone | Continental crust (> 25 km),0,40,173,9676,Pleistocene,,,
300360,Bolshoi-Kekuknaysky,Shield,Shield(s) | Caldera(s) | Pyroclastic cone(s),Basalt / Picro-Basalt | Andesite / Basaltic Andesite | Dacite,,Subduction zone | Continental crust (> 25 km),0,0,158,2779,5310 BCE,5310 BCE ± 100 years - Unknown,,
300450,Alney-Chashakondzha,Composite,Stratovolcano | Caldera | Lava dome(s),Basalt / Picro-Basalt | Andesite / Basaltic Andesite,Rhyolite | Dacite,Subduction zone | Continental crust (> 25 km),0,0,3,10679,1600 CE,1600 (?) - Unknown || 0650 BCE ± 75 years - Unknown || 0660 BCE ± 75 years - Unknown,,
300511,Shisheika,Minor (Basaltic),Lava dome,Andesite / Basaltic Andesite | Dacite,,Subduction zone | Continental crust (> 25 km),0,8,363,7530,2240 BCE,2240 BCE (?) - Unknown,,
300512,Terpuk,Shield,Shield | Pyroclastic cone(s),Basalt / Picro-Basalt,,Subduction zone | Continental crust (> 25 km),0,2,33,4551,800 BCE,0800 BCE ± 300 years - Unknown,,
300520,Sedanka Lava Field,Cluster,Volcanic field | Shield(s) | Pyroclastic cone(s),Basalt / Picro-Basalt | Andesite / Basaltic Andesite,,Subduction zone | Continental crust (> 25 km),0,0,77,3603,7050 BCE,7050 BCE ± 1000 years - Unknown,,
300550,Gorny Institute,Composite,Stratovolcano | Pyroclastic cone(s),Andesite / Basaltic Andesite | Dacite | Basalt / Picro-Basalt,,Subduction zone | Continental crust (> 25 km),0,0,17,3454,1250 CE,1250 (?) - Unknown || 1000 (?) - Unknown || 4250 BCE (?) - Unknown,,
300551,Kinenin,Minor,Maar,Basalt / Picro-Basalt | Andesite / Basaltic Andesite,,Subduction zone | Continental crust (> 25 km),0,0,94,3650,850 CE,0850 ± 50 years - Unknown,,
300552,Bliznetsy,Minor,Lava cone,Andesite / Basaltic Andesite,,Subduction zone | Continental crust (> 25 km),0,4,155,3822,1060 BCE,1060 BCE ± 40 years - Unknown,,
300560,Titila,Shield,Shield(s),Basalt / Picro-Basalt,,Subduction zone | Continental crust (> 25 km),0,0,72,2877,550 BCE,0550 BCE (?) - Unknown,,
300590,Elovsky,Shield,Shield(s),Basalt / Picro-Basalt,,Subduction zone | Continental crust (> 25 km),0,0,44,2704,7550 BCE,7550 BCE ± 500 years - Unknown,,
300650,Nylgimelkin,Shield,Shield(s) | Pyroclastic cone(s),Basalt / Picro-Basalt,,Subduction zone | Continental crust (> 25 km),0,0,26,1792,3550 BCE,3550 BCE (?) - Unknown,,
300671,Spokoiny,Composite,Stratovolcano | Pyroclastic cone(s),Dacite | Rhyolite,,Subduction zone | Continental crust (> 25 km),0,0,16,2522,3450 BCE,3450 BCE (?) - Unknown,,
300680,Ostry,Composite,Stratovolcano | Pyroclastic cone,Basalt / Picro-Basalt | Andesite / Basaltic Andesite,,Subduction zone | Continental crust (> 25 km),0,0,8,2547,2050 BCE,2050 BCE (?) - Unknown,,
300700,Severny,Shield,Shield | Stratovolcano,Basalt / Picro-Basalt | Andesite / Basaltic Andesite,,Subduction zone | Continental crust (> 25 km),0,0,4,3152,1550 BCE,1550 BCE (?) - Unknown,,
300720,Voyampolsky,Shield,Shield(s),Basalt / Picro-Basalt | Andesite / Basaltic Andesite,,Subduction zone | Continental crust (> 25 km),0,0,74,2758,Pleistocene,,,
302030,Udokan Plateau,Cluster,Volcanic field | Pyroclastic cone(s) | Lava dome(s) | Maar(s),Trachybasalt / Tephrite Basanite | Basalt / Picro-Basalt | Trachyte / Trachydacite | Foidite | Trachyandesite / Basaltic Trachyandesite,,Rift zone | Continental crust (> 25 km),12,12,62,4688,220 BCE,0220 BCE ± 50 years - Unknown || 2670 BCE ± 100 years - Unknown || 5990 BCE ± 100 years - Unknown || 6210 BCE ± 100 years - Unknown || 7290 BCE ± 100 years - Unknown,,
302040,Vitim Volcanic Field,Cluster,Volcanic field | Pyroclastic cone(s),Basalt / Picro-Basalt | Trachybasalt / Tephrite Basanite,Andesite / Basaltic Andesite,Unknown,669,669,669,10035,Pleistocene,,,
302050,Tunkin Depression,Cluster,Volcanic field,Trachybasalt / Tephrite Basanite | Basalt / Picro-Basalt,,Rift zone | Continental crust (> 25 km),431,431,6533,63490,Pleistocene,,,
302060,Jombolok,Minor (Basaltic),Volcanic field,Basalt / Picro-Basalt,,Rift zone | Continental crust (> 25 km),0,0,6,3578,737 CE,0737 ± 55 years - Unknown || 5180 BCE ± 140 years - Unknown,,
302070,East Tuva Volcanic Field,Cluster,Volcanic field,Trachybasalt / Tephrite Basanite | Phono-tephrite /  Tephri-phonolite,Basalt / Picro-Basalt,Rift zone | Continental crust (> 25 km),142,142,142,4532,Pleistocene,,,
303010,Taryatu-Chulutu,Cluster,Volcanic field,Trachybasalt / Tephrite Basanite | Phono-tephrite /  Tephri-phonolite | Basalt / Picro-Basalt | Trachyandesite / Basaltic Trachyandesite | Andesite / Basaltic Andesite,,Intraplate | Continental crust (> 25 km),5602,5602,5602,29050,2980 BCE,2980 BCE ± 150 years - Unknown,,
303020,Khanuy Gol Volcanic Field,Cluster,Volcanic field,Trachyandesite / Basaltic Trachyandesite | Trachybasalt / Tephrite Basanite,,Intraplate | Continental crust (> 25 km),6120,6120,6120,66243,Pleistocene,,,
303040,Dariganga Volcanic Field,Cluster,Volcanic field | Pyroclastic cone(s),Basalt / Picro-Basalt | Trachybasalt / Tephrite Basanite | Foidite,,Intraplate | Continental crust (> 25 km),18247,18247,18247,25280,Pleistocene,,,
304030,Ashikule Volcanic Field,Cluster,Volcanic field | Pyroclastic cone(s),Trachyte / Trachydacite,,Intraplate | Continental crust (> 25 km),1253,1253,3212,22621,1951 CE,1951 May 27 - Unknown || 1850 Jul 2 ± 50 years ± 182 days - Unknown,,
305010,Honggeertu,Cluster,Volcanic field | Pyroclastic cone(s),Basalt / Picro-Basalt,,Intraplate | Continental crust (> 25 km),46721,46721,112975,1830539,Unknown - Evidence Uncertain,,,
305011,Arxan-Chaihe,Cluster,Volcanic field | Pyroclastic cone(s),Basalt / Picro-Basalt,,Intraplate | Continental crust (> 25 km),6435,6435,6435,188163,0 CE,0000 ± 150 years - Unknown,,
305020,Keluo Group,Cluster,Volcanic field | Pyroclastic cone(s),Trachybasalt / Tephrite Basanite | Foidite,,Intraplate | Continental crust (> 25 km),20323,20323,72863,994984,Unknown - Evidence Credible,,,
305030,Wudalianchi,Cluster,Volcanic field,Trachybasalt / Tephrite Basanite,,Intraplate | Continental crust (> 25 km),57885,57885,136201,2164526,1776 CE,1776 - Unknown || 1720 Jan 14 - 1721 Jun,,
305040,Jingpohu,Cluster,Volcanic field,Trachybasalt / Tephrite Basanite | Phono-tephrite /  Tephri-phonolite,Basalt / Picro-Basalt | Foidite,Intraplate | Continental crust (> 25 km),35038,35038,149132,2372857,520 BCE,0520 BCE ± 100 years - Unknown || 1540 BCE ± 150 years - Unknown || 3550 BCE (?) - Unknown,,
305050,Longgang Group,Cluster,Volcanic field | Pyroclastic cone(s) | Tuff ring(s),Basalt / Picro-Basalt | Trachybasalt / Tephrite Basanite,,Intraplate | Continental crust (> 25 km),34708,34708,197016,4407575,350 CE,0350 (?) - Unknown,,
305060,Changbaishan,Composite,Stratovolcano | Caldera | Pyroclastic cone(s),Trachyte / Trachydacite | Rhyolite | Basalt / Picro-Basalt,Trachyandesite / Basaltic Trachyandesite | Trachybasalt / Tephrite Basanite,Intraplate | Continental crust (> 25 km),268,1833,29476,1660355,1903 CE,1903 Apr 15 ± 45 days - Unknown || 1898 Jul 2 ± 182 days - Unknown || 1702 Jun 9 - Unknown || 1668 Jun - Unknown || 1597 Oct 6 - Unknown || 1413 - Unknown || 0946 Nov 15 ± 45 days - Unknown || 0180 BCE ± 80 years - Unknown || 1000 BCE (?) - Unknown || 2155 BCE ± 90 years - Unknown,,
306020,Ch'uga-ryong,Shield,Shield,Basalt / Picro-Basalt,,Intraplate | Continental crust (> 25 km),1668,23030,262911,15245593,Pleistocene,,,
306030,Ulleungdo,Composite,Stratovolcano | Caldera | Pyroclastic cone,Trachyandesite / Basaltic Trachyandesite | Phonolite,,Intraplate | Continental crust (> 25 km),7399,9210,9210,9210,2990 BCE,2990 BCE ± 40 years - Unknown || 6450 BCE (?) - Unknown || 8750 BCE (?) - Unknown,,
306040,Halla,Shield,Shield | Pyroclastic cone(s) | Lava dome(s),Basalt / Picro-Basalt | Trachybasalt / Tephrite Basanite | Trachyandesite / Basaltic Trachyandesite,Trachyte / Trachydacite,Intraplate | Continental crust (> 25 km),134,2653,482766,543082,1007 CE,1007 - Unknown || 1002 - Unknown || 2050 BCE ± 200 years - Unknown || 2830 BCE ± 50 years - Unknown,,
311010,Buldir,Composite,Stratovolcano | Lava dome(s) | Maar,Basalt / Picro-Basalt | Andesite / Basaltic Andesite,,Subduction zone | Intermediate crust (15-25 km),0,0,0,0,Unknown - Evidence Uncertain,,,
311020,Kiska,Composite,Stratovolcano | Pyroclastic cone(s),Andesite / Basaltic Andesite | Basalt / Picro-Basalt | Dacite,,Subduction zone | Intermediate crust (15-25 km),0,0,0,0,1990 CE,1990 Jun 1 - 1990 Jun 1 (?) || 1987 Apr 15 - Unknown || 1969 Sep 11 - 1969 Sep 16 || 1964 Mar 18 - Unknown || 1962 Jan 24 - Unknown || 1927 Jul 2 ± 182 days - Unknown || 1907 Jul 2 ± 182 days - Unknown,,
311030,Segula,Composite,Stratovolcano | Caldera | Fissure vent,Andesite / Basaltic Andesite | Basalt / Picro-Basalt,,Subduction zone | Intermediate crust (15-25 km),0,0,0,0,Unknown - Evidence Credible,,,
311040,Davidof,Composite,Stratovolcano | Caldera | Maar,No Data (checked),,Subduction zone | Intermediate crust (15-25 km),0,0,0,0,Unknown - Evidence Uncertain,,,
311050,Little Sitkin,Composite,Stratovolcano | Caldera(s),Andesite / Basaltic Andesite | Dacite,,Subduction zone | Intermediate crust (15-25 km),0,0,0,0,1830 CE,1828 Jul 2 ± 182 days - 1830 Jul 2 ± 182 days || 1776 - Unknown,,
311060,Semisopochnoi,Composite,Stratovolcano | Caldera | Cone(s),Basalt / Picro-Basalt | Andesite / Basaltic Andesite | Dacite | Trachyandesite / Basaltic Trachyandesite,,Subduction zone | Intermediate crust (15-25 km),0,0,0,0,2023 CE,2021 Feb 2 ± 2 days - 2022 Nov 7 || 2022 Dec 27 - 2023 May 5 || 2019 Dec 7 - 2020 Mar 15 (?) || 2020 Jun 12 - 2020 Jun 19 || 2019 Jul 16 - 2019 Aug 24 || 2018 Sep 8 - 2018 Oct 31 || 1987 Apr 13 - 1987 Apr 18 ± 5 days || 1873 Jul 2 ± 182 days - Unknown || 1830 Jul 2 ± 182 days - Unknown || 1792 - Unknown || 1790 - Unknown || 1772 - Unknown,,
311070,Gareloi,Composite,Stratovolcano | Fissure vent(s),Basalt / Picro-Basalt | Andesite / Basaltic Andesite,,Subduction zone | Intermediate crust (15-25 km),0,0,0,0,1989 CE,1996 Sep 27 - Unknown || 1989 Aug 17 - 1989 Aug 17 || 1987 Aug 30 ± 5 days - 1987 Sep 4 (on or before) || 1982 Jan 15 - 1982 Jan 15 || 1980 Aug 7 - 1980 Sep 17 || 1952 Jan 17 - Unknown || 1950 Jul 2 ± 182 days - 1951 Jul 2 ± 182 days || 1929 Apr 16 ± 15 days - 1930 Jul 2 ± 182 days || 1927 Jul 2 ± 182 days - Unknown || 1922 Jul 2 ± 182 days - Unknown || 1873 Jul 2 ± 182 days - Unknown || 1828 Jul 2 ± 182 days - 1829 Jul 2 ± 182 days || 1792 - Unknown || 1791 - Unknown || 1790 - Unknown || 1760 - Unknown,,
311080,Tanaga,Composite,Stratovolcano(es) | Caldera,Basalt / Picro-Basalt | Andesite / Basaltic Andesite,Dacite,Subduction zone | Intermediate crust (15-25 km),0,0,0,0,1914 CE,1914 Jul 2 ± 182 days - Unknown || 1829 Jul 2 ± 182 days - Unknown || 1791 Jun 7 - Unknown || 1763 - 1770 || 1550 (?) - Unknown || 1050 (?) - Unknown || 0550 BCE ± 2500 years - Unknown || 1050 BCE (?) - Unknown,,
311090,Takawangha,Composite,Stratovolcano | Caldera | Pyroclastic cone(s),Basalt / Picro-Basalt | Andesite / Basaltic Andesite,Dacite,Subduction zone | Intermediate crust (15-25 km),0,0,0,0,1550 CE,1550 (?) - Unknown,,
311100,Bobrof,Composite,Stratovolcano,Basalt / Picro-Basalt | Andesite / Basaltic Andesite,,Subduction zone | Intermediate crust (15-25 km),0,0,0,0,Unknown - Evidence Uncertain,,,
311110,Kanaga,Composite,Stratovolcano | Caldera | Lava dome(s),Andesite / Basaltic Andesite | Trachyandesite / Basaltic Trachyandesite | Dacite | Basalt / Picro-Basalt,,Subduction zone | Intermediate crust (15-25 km),0,0,0,0,2023 CE,2023 Dec 18 - 2023 Dec 18 || 2012 Feb 18 - 2012 Feb 18 || 1996 Jun 11 - Unknown || 1995 Jun 19 (?) - 1995 Jun 23 (?) || 1994 Jan 5 ± 4 days - 1994 Nov 26 ± 4 days || 1942 Jul 2 ± 182 days - Unknown || 1906 May 16 ± 15 days - Unknown || 1904 Jul 2 ± 182 days - Unknown || 1829 Jul 2 ± 182 days - Unknown || 1827 Jul 2 ± 182 days - Unknown || 1783 (?) - 1787 (?) || 1763 - Unknown || 1400 ± 50 years - Unknown || 1150 ± 100 years - Unknown || 0850 ± 200 years - Unknown || 0200 ± 150 years - Unknown || 1550 BCE ± 100 years - Unknown || 1900 BCE ± 300 years - Unknown || 2150 BCE ± 200 years - Unknown || 2300 BCE ± 150 years - Unknown || 4700 BCE ± 150 years - Unknown || 7300 BCE ± 500 years - Unknown,,
311111,Moffett,Composite,Stratovolcano | Shield | Lava dome(s),Andesite / Basaltic Andesite | Basalt / Picro-Basalt,,Subduction zone | Intermediate crust (15-25 km),0,0,0,0,1600 BCE,1600 BCE (?) - Unknown || 3750 BCE (?) - Unknown || 7850 BCE (?) - Unknown,,
311120,Great Sitkin,Composite,Stratovolcano | Caldera | Lava dome,Andesite / Basaltic Andesite | Basalt / Picro-Basalt,Trachyte / Trachydacite,Subduction zone | Intermediate crust (15-25 km),0,0,0,0,2026 CE,2021 May 25 - 2026 Mar 25 (continuing) || 2019 Jun 1 - 2019 Jun 7 || 2018 Jun 10 - 2018 Aug 11 || 1987 Mar 18 - Unknown || 1974 Feb 19 - 1974 Sep 16 ± 15 days || 1950 Nov 5 - 1950 Nov 29 || 1949 Dec 30 - 1950 Jan 7 || 1946 Aug 14 - Unknown || 1945 Mar 16 ± 15 days - Unknown || 1933 Nov 16 ± 15 days - Unknown || 1904 Jul 2 ± 182 days - Unknown || 1829 Jul 2 ± 182 days - Unknown || 1828 Jul 2 ± 182 days - Unknown || 1792 May 26 ± 5 days - Unknown || 1784 - Unknown || 1760 - Unknown,,
311130,Kasatochi,Composite,Stratovolcano | Lava dome,Basalt / Picro-Basalt | Andesite / Basaltic Andesite | Dacite,,Subduction zone | Intermediate crust (15-25 km),0,0,0,276,2008 CE,2008 Aug 7 - 2008 Aug 9 (?) || 1899 Jul 2 (?) ± 182 days - Unknown || 1828 Jul 2 ± 182 days - Unknown || 1827 Jul 2 ± 182 days - Unknown || 1760 - Unknown,,
311140,Koniuji,Composite,Stratovolcano | Lava dome(s),Andesite / Basaltic Andesite | Basalt / Picro-Basalt,,Subduction zone | Intermediate crust (15-25 km),0,0,0,173,1150 BCE,1150 BCE ± 1900 years - Unknown || 2650 BCE ± 2000 years - Unknown || 3850 BCE ± 3100 years - Unknown,,
311160,Atka Volcanic Complex,Composite,Stratovolcano(es) | Caldera | Lava dome | Pyroclastic cone(s),Basalt / Picro-Basalt | Dacite | Andesite / Basaltic Andesite,,Subduction zone | Intermediate crust (15-25 km),0,0,207,207,2025 CE,2025 Feb 20 - 2025 May 2 || 2024 Mar 27 - 2024 Mar 27 || 2006 Nov 25 ± 5 days - 2007 Mar 3 (on or before) || 2005 Feb 23 - 2005 May 5 ± 4 days || 2004 Jun 23 ± 10 days - 2004 Jul 4 (on or before) || 2002 Jun 24 ± 10 days - 2002 Jul 5 (on or before) || 1998 May 8 ± 1 days - 1998 Jul 8 (?) || 1995 May 1 - Unknown || 1987 Mar 4 (?) - 1987 Mar 19 (?) || 1986 May 23 - Unknown || 1976 Jul 2 ± 182 days - Unknown || 1973 Aug 25 ± 2 days - Unknown || 1953 Jul 2 ± 182 days - 1954 Jul 2 ± 182 days || 1951 Jul 2 ± 182 days - Unknown || 1907 Jul 2 ± 182 days - Unknown || 1844 Jul 2 ± 182 days - Unknown || 1829 Jul 2 ± 182 days - 1830 Jul 2 ± 182 days || 1812 Jul 2 ± 182 days - Unknown,,
311180,Seguam,Composite,Stratovolcano(es) | Caldera(s),Andesite / Basaltic Andesite | Dacite | Basalt / Picro-Basalt,Rhyolite,Subduction zone | Intermediate crust (15-25 km),0,0,0,0,1993 CE,1993 May 28 - 1993 Aug 31 (on or after) || 1992 Dec 27 - 1992 Dec 30 || 1977 Mar 6 - 1977 Mar 8 (?) || 1927 Jul 2 ± 182 days - Unknown || 1902 Jul 2 ± 182 days - Unknown || 1892 Apr 15 ± 45 days - Unknown || 1891 Dec 16 ± 15 days - Unknown || 1827 Jul 2 ± 182 days - Unknown || 1786 - 1790 || 0250 ± 500 years - Unknown || 4050 BCE ± 4000 years - Unknown || 5100 BCE ± 2000 years - Unknown || 7300 BCE ± 2250 years - Unknown,,
311190,Amukta,Composite,Stratovolcano | Caldera | Pyroclastic cone,Andesite / Basaltic Andesite,,Subduction zone | Intermediate crust (15-25 km),0,0,0,0,1996 CE,1997 Mar 3 - Unknown || 1996 Sep 17 - 1996 Sep 18 || 1987 Sep 4 (?) - 1987 Sep 4 (?) || 1963 Feb 13 - Unknown || 1878 Jul 2 ± 182 days - Unknown || 1876 Jul 2 ± 182 days - Unknown || 1786 Jun - 1791 || 1770 - Unknown,,
311200,Chagulak,Composite,Stratovolcano,Andesite / Basaltic Andesite,,Subduction zone | Intermediate crust (15-25 km),0,0,0,0,Unknown - Evidence Uncertain,,,
311210,Yunaska,Shield,Shield | Caldera(s) | Pyroclastic cone(s),Andesite / Basaltic Andesite | Basalt / Picro-Basalt | Dacite,,Subduction zone | Intermediate crust (15-25 km),0,0,0,0,1937 CE,1937 Nov 3 - 1937 Nov 4 || 1929 Jul 2 ± 182 days - Unknown || 1873 Jul 2 ± 182 days - Unknown || 1830 Jul 2 ± 182 days - Unknown || 1824 Jul 2 ± 182 days - Unknown || 1817 Jul 2 ± 182 days - Unknown,,
311220,Herbert,Composite,Stratovolcano | Caldera,Andesite / Basaltic Andesite,,Subduction zone | Intermediate crust (15-25 km),0,0,0,30,Unknown - Evidence Credible,,,
311230,Carlisle,Composite,Stratovolcano,Andesite / Basaltic Andesite,,Subduction zone | Intermediate crust (15-25 km),0,0,0,30,1828 CE,1987 Nov 16 - Unknown || 1838 Jul 2 ± 182 days - Unknown || 1828 Jul 2 ± 182 days - Unknown || 1774 Jul 2 ± 182 days - Unknown,,
311240,Cleveland,Composite,Stratovolcano,Andesite / Basaltic Andesite | Dacite,,Subduction zone | Intermediate crust (15-25 km),0,0,0,9,2020 CE,2020 Jun 1 - 2020 Jun 1 || 2019 Nov 7 - 2019 Dec 7 (?) || 2016 Apr 16 - 2016 Sep 15 ± 5 days || 2016 Oct 24 - 2018 Sep 28 (on or before) || 2018 Dec 8 - 2019 Jan 20 ± 4 days || 2011 Jul 19 ± 7 days - 2012 Aug 19 || 2012 Nov 10 - 2013 Feb 9 (on or after) || 2013 May 4 - 2013 Jul 26 ± 5 days || 2013 Oct 2 - 2014 Mar 6 || 2014 Jun 5 - 2015 Mar 27 (on or before) || 2015 Jun 14 - 2015 Aug 18 || 2010 Sep 11 - 2010 Sep 12 || 2010 May 30 - 2010 Jun 2 (?) || 2009 Oct 2 - 2009 Dec 12 (?) || 2009 Jun 25 - 2009 Jun 25 || 2009 Jan 2 - 2009 Jan 21 || 2007 Jun 17 (?) - 2008 Aug 12 (?) || 2006 Feb 6 - 2006 Oct 28 || 2005 Mar 13 (?) - 2005 Nov 27 ± 1 days || 2001 Feb 2 (on or before) - 2001 Apr 15 (?) || 1997 May 5 - 1997 May 5 || 1994 Oct 20 - 1994 Oct 20 || 1994 May 25 - 1994 May 25 || 1989 Oct 25 ± 3 days - Unknown || 1987 Jun 19 - 1987 Aug 28 || 1986 Apr 28 - 1986 May 27 (on or after) || 1985 Dec 10 - Unknown || 1984 Jul 12 - 1984 Jul 12 || 1975 Sep 16 ± 15 days - Unknown || 1953 Jun 25 - Unknown || 1951 Nov 1 - 1951 Dec 16 ± 15 days || 1944 Jun 10 - 1944 Jun 12 || 1938 Jul 2 ± 182 days - Unknown || 1932 Jan 1 - Unknown || 1929 Mar 16 ± 15 days - Unknown || 1897 Jul 2 ± 182 days - Unknown || 1893 Jul 2 ± 182 days - Unknown,,
311241,Tana,Composite,Stratovolcano(es) | Pyroclastic cone(s),Rhyolite,,Subduction zone | Intermediate crust (15-25 km),0,0,0,8,Unknown - Evidence Credible,,,
311250,Uliaga,Composite,Stratovolcano,No Data (checked),,Subduction zone | Intermediate crust (15-25 km),0,0,0,19,Unknown - Evidence Credible,,,
311260,Kagamil,Composite,Stratovolcano,No Data (checked),,Subduction zone | Intermediate crust (15-25 km),0,0,0,7,1929 CE,1929 Dec 16 ± 15 days - Unknown,,
311270,Vsevidof,Composite,Stratovolcano | Fissure vent(s) | Pyroclastic cone(s),Andesite / Basaltic Andesite | Dacite,,Subduction zone | Intermediate crust (15-25 km),0,0,6,6,1878 CE,1957 Mar 11 - 1957 Mar 12 || 1880 Jul 2 ± 182 days - Unknown || 1878 Jul 2 ± 182 days - Unknown || 1830 Jul 2 ± 182 days - Unknown || 1817 Jul 2 ± 182 days - Unknown || 1790 May 30 - Unknown || 1784 - Unknown,,
311280,Recheschnoi,Composite,Stratovolcano | Pyroclastic cone(s) | Lava dome(s),Andesite / Basaltic Andesite | Basalt / Picro-Basalt | Rhyolite,,Subduction zone | Intermediate crust (15-25 km),0,0,0,17,Unknown - Evidence Credible,,,
311290,Okmok,Shield,Shield | Caldera | Pyroclastic cone(s),Basalt / Picro-Basalt | Andesite / Basaltic Andesite,Dacite | Trachyte / Trachydacite | Rhyolite,Subduction zone | Intermediate crust (15-25 km),0,0,0,4,2008 CE,2008 Jul 12 - 2008 Aug 19 || 1997 Feb 11 - 1997 May 19 ± 4 days || 1986 Nov 18 - 1988 Feb 26 || 1983 Jul 8 - 1983 Jul 8 || 1981 Mar 24 - 1981 Mar 24 || 1960 Oct 15 ± 45 days - 1961 Apr 15 ± 45 days || 1958 Aug 14 - 1958 Aug 25 ± 10 days || 1945 Jun 4 - 1945 Dec 16 ± 15 days || 1943 Jun 16 ± 15 days - Unknown || 1938 Jul 2 ± 182 days - Unknown || 1936 Jul 2 ± 182 days - Unknown || 1931 Mar 21 - 1931 May 13 (on or after) || 1899 Jul 2 ± 182 days - Unknown || 1878 Jul 2 ± 182 days - Unknown || 1824 Jul 2 ± 182 days - 1830 Jul 2 ± 182 days || 1817 Mar 1 - 1820 Jul 2 ± 182 days || 1805 Jul 2 ± 182 days - Unknown || 0100 BCE ± 50 years - Unknown || 6310 BCE ± 500 years - Unknown,,
311300,Bogoslof,Composite,Stratovolcano | Lava dome(s) | Submarine,Trachyandesite / Basaltic Trachyandesite | Basalt / Picro-Basalt | Andesite / Basaltic Andesite,,Subduction zone | Intermediate crust (15-25 km),0,0,0,4216,2017 CE,2016 Dec 20 - 2017 Aug 30 || 1992 Jul 6 - 1992 Jul 24 || 1951 Sep 21 - Unknown || 1931 Oct 31 - Unknown || 1926 Jul 16 ± 15 days - 1928 Jul 2 ± 182 days || 1913 Jul 16 ± 15 days - Unknown || 1909 Sep 16 ± 15 days - 1910 Sep 19 || 1908 Jan 15 ± 45 days - Unknown || 1906 Mar 1 ± 30 days - 1907 Sep 1 || 1883 Sep 27 (on or before) - 1895 Jul 2 ± 2 years ± 182 days || 1806 Jul 2 ± 182 days - 1823 Jul 2 ± 182 days || 1796 May - 1804 Jul 2 ± 182 days,,
311310,Makushin,Composite,Stratovolcano | Caldera | Pyroclastic cone(s),Andesite / Basaltic Andesite | Basalt / Picro-Basalt | Trachyandesite / Basaltic Trachyandesite | Dacite,Trachyte / Trachydacite,Subduction zone | Intermediate crust (15-25 km),0,0,3437,3850,1995 CE,1995 Jan 30 - 1995 Jan 30 || 1993 Aug 16 ± 15 days - 1994 Jan 19 (?) || 1987 Mar 2 - 1987 Mar 2 || 1980 May 1 ± 60 days - 1980 Jul 4 ± 3 days || 1952 Jul 2 ± 182 days - Unknown || 1951 Dec 20 - Unknown || 1938 Oct 16 ± 15 days - Unknown || 1926 Dec 30 - Unknown || 1912 Jul 2 ± 182 days - Unknown || 1907 Jul 2 ± 182 days - Unknown || 1883 Jul 2 ± 182 days - Unknown || 1867 Jul 2 ± 182 days - Unknown || 1865 Jul 2 ± 182 days - Unknown || 1844 Jul 2 ± 1 years ± 182 days - Unknown || 1827 Jul 2 ± 182 days - 1838 Jul 2 ± 182 days || 1826 Jun 16 ± 15 days - Unknown || 1818 Jul 2 ± 182 days - Unknown || 1802 Jul 2 ± 182 days - Unknown || 1792 Feb 14 - Unknown || 1790 Jun 7 - Unknown || 1768 - 1769 || 1150 ± 500 years - Unknown || 0550 BCE ± 900 years - Unknown || 1750 BCE (?) - Unknown || 3650 BCE ± 1850 years - Unknown || 6100 BCE ± 50 years - Unknown || 6650 BCE ± 200 years - Unknown,,
311320,Akutan,Composite,Stratovolcano | Caldera | Pyroclastic cone(s),Basalt / Picro-Basalt | Andesite / Basaltic Andesite | Trachyandesite / Basaltic Trachyandesite,Trachyte / Trachydacite | Dacite,Subduction zone | Intermediate crust (15-25 km),0,24,233,4361,1992 CE,1992 Dec 18 - 1992 Dec 18 || 1992 Mar 8 - 1992 May 21 || 1991 Sep 15 - 1991 Oct 29 ± 1 days || 1990 Sep 6 - 1990 Oct 1 || 1990 Jan 26 ± 5 days - 1990 Jan 26 ± 5 days || 1989 Feb 27 - 1989 Mar 28 (on or before) || 1988 Mar 26 - 1988 Jul 20 || 1987 Jan 31 - 1987 Jun 24 || 1986 Mar 18 - 1986 Jun 30 || 1982 Oct 5 ± 4 days - 1983 May 16 ± 15 days || 1980 Jul 3 (on or before) - 1980 Jul 8 (?) || 1978 Sep 25 ± 5 days - 1978 Oct 16 ± 15 days || 1976 Oct 15 ± 45 days - 1977 May 9 (on or after) || 1974 Feb 11 (on or before) - Unknown || 1973 Mar 16 (?) ± 15 days - 1973 May 16 ± 15 days || 1972 Sep 16 (?) ± 15 days - Unknown || 1962 Nov 5 ± 4 days - Unknown || 1953 Jul 2 ± 182 days - Unknown || 1951 Oct 16 ± 15 days - Unknown || 1948 Apr 29 - 1948 Aug 7 (on or after) || 1946 Dec 16 ± 15 days - 1947 Jan 16 ± 15 days || 1931 May 16 ± 15 days - 1931 Aug 16 ± 15 days || 1929 May 16 (?) ± 15 days - Unknown || 1927 Jul 2 ± 182 days - 1928 Jul 2 ± 182 days || 1912 Jul 2 ± 182 days - Unknown || 1911 Jul 2 ± 182 days - Unknown || 1908 Feb 22 - Unknown || 1907 Jul 2 ± 182 days - Unknown || 1896 Jul 2 ± 182 days - Unknown || 1895 Aug 1 - 1895 Aug 14 || 1892 Sep 23 - Unknown || 1887 Jul 2 ± 182 days - Unknown || 1883 Jul 2 ± 182 days - Unknown || 1867 Jul 2 ± 182 days - Unknown || 1865 Jul 2 ± 182 days - Unknown || 1862 Jul 2 ± 182 days - Unknown || 1852 Jul 2 ± 182 days - Unknown || 1848 Mar 5 ± 4 days - Unknown || 1845 Jul 2 ± 182 days - Unknown || 1838 Jul 2 ± 182 days - Unknown || 1828 Jul 2 ± 182 days - Unknown || 1790 - Unknown || 1420 ± 100 years - Unknown || 0550 (?) - Unknown || 0340 (?) - Unknown || 4150 BCE (?) - Unknown || 7620 BCE ± 300 years - Unknown,,
311340,Westdahl,Composite,Stratovolcano? | Pyroclastic cone(s),Basalt / Picro-Basalt | Trachyandesite / Basaltic Trachyandesite | Andesite / Basaltic Andesite,Trachyte / Trachydacite | Dacite,Subduction zone | Continental crust (> 25 km),0,0,0,305,1992 CE,1991 Nov 29 - 1992 Jan 14 || 1979 Feb 8 - 1979 Feb 9 || 1978 Feb 4 - 1978 Feb 9 || 1964 Mar 10 - 1964 Apr 16 || 1827 Jul 2 ± 182 days - 1830 Jul 2 ± 182 days || 1820 Jul 2 ± 182 days - Unknown || 1796 - Unknown || 1795 - Unknown,,
311350,Fisher,Composite,Stratovolcano | Caldera | Lava dome(s),Andesite / Basaltic Andesite | Dacite | Basalt / Picro-Basalt | Trachyte / Trachydacite,,Subduction zone | Continental crust (> 25 km),0,0,0,25,1830 CE,1830 Aug 16 ± 15 days - Unknown || 1826 Oct 11 - 1827 Jan 16 (?) ± 15 days || 1795 (in or before) - Unknown || 0400 ± 50 years - Unknown || 3170 BCE ± 75 years - Unknown || 7420 BCE ± 200 years - Unknown,,
311360,Shishaldin,Composite,Stratovolcano | Pyroclastic cone(s) | Maar(s) | Tuff cone(s),Basalt / Picro-Basalt | Andesite / Basaltic Andesite,Dacite | Trachyte / Trachydacite | Rhyolite,Subduction zone | Continental crust (> 25 km),0,0,10,197,2023 CE,2023 Jul 11 ± 1 days - 2023 Nov 3 || 2019 Jul 23 - 2020 May 4 || 2014 Jan 30 - 2015 Jul 3 || 2008 Feb 12 - 2008 Feb 12 || 2004 Feb 17 - 2004 Jul 16 (on or after) ± 15 days || 2000 Aug 11 - Unknown || 1999 Sep 25 ± 5 days - 2000 Feb 4 (?) || 1999 Mar 13 - 1999 May 27 || 1998 Nov 4 - 1998 Nov 4 || 1997 Jun 2 - 1997 Jun 2 || 1995 Dec 23 - 1996 May 16 (on or before) || 1993 Sep 4 - 1993 Oct 29 || 1986 Mar 19 - 1987 Feb 15 (?) || 1981 Sep 25 - Unknown || 1979 Feb 16 ± 15 days - Unknown || 1978 Feb 8 - 1978 Feb 9 (?) || 1976 Jan 16 ± 15 days - 1976 Sep 28 || 1975 Sep 13 - 1975 Oct 26 ± 5 days || 1967 Jan 28 - Unknown || 1963 Dec 28 - Unknown || 1955 Jul 16 ± 15 days - Unknown || 1953 Oct 4 ± 3 days - Unknown || 1951 Apr 16 ± 15 days - 1951 Oct 5 ± 4 days || 1948 Jul 2 ± 182 days - Unknown || 1946 Aug 16 ± 15 days - 1947 Jan 16 ± 15 days || 1932 Feb 1 - 1932 May 21 || 1929 May 28 - 1929 Jun 23 (on or after) || 1928 Aug 16 ± 15 days - Unknown || 1927 Jul 2 ± 182 days - Unknown || 1925 Jul 2 ± 182 days - Unknown || 1922 Oct 15 ± 45 days - Unknown || 1912 Jul 2 ± 182 days - Unknown || 1901 Jul 2 ± 182 days - Unknown || 1899 Jul 2 ± 182 days - Unknown || 1898 Jul 2 ± 182 days - Unknown || 1897 Jul 2 ± 182 days - Unknown || 1883 Jul 2 ± 182 days - Unknown || 1880 Jul 2 ± 182 days - 1881 Jul 2 ± 182 days || 1865 Jul 2 ± 182 days - Unknown || 1842 Jul 2 ± 182 days - Unknown || 1838 Jul 2 ± 182 days - Unknown || 1830 Nov 16 ± 15 days - 1830 Dec 16 ± 15 days || 1831 Mar 16 ± 15 days - 1831 Mar 16 ± 15 days || 1827 Jul 2 ± 182 days - 1829 Jul 2 ± 182 days || 1826 Jul 2 ± 182 days - Unknown || 1825 Jul 2 ± 182 days - Unknown || 1824 Jul 2 ± 182 days - Unknown || 1790 - Unknown || 1775 - 1778 || 0950 (?) - Unknown || 7050 BCE (?) - Unknown || 7550 BCE (?) - Unknown,,
311380,Roundtop,Composite,Stratovolcano | Caldera | Lava dome,Rhyolite,,Subduction zone | Continental crust (> 25 km),0,0,10,1079,7600 BCE,7600 BCE ± 500 years - Unknown,,
311390,Amak,Composite,Stratovolcano,Andesite / Basaltic Andesite,,Subduction zone | Continental crust (> 25 km),0,0,0,1345,1796 CE,1796 - Unknown || 1700 - 1710 || 2550 BCE ± 500 years - Unknown,,
312010,Frosty,Composite,Stratovolcano(es) | Caldera(s) | Lava dome(s),Andesite / Basaltic Andesite | Basalt / Picro-Basalt,,Subduction zone | Continental crust (> 25 km),0,0,67,1153,Unknown - Evidence Credible,,,
312011,Dutton,Composite,Stratovolcano | Lava dome(s),Andesite / Basaltic Andesite | Dacite,,Subduction zone | Continental crust (> 25 km),0,445,859,1090,Unknown - Evidence Credible,,,
312020,Emmons Lake Volcanic Center,Caldera,Caldera | Pyroclastic cone(s),Andesite / Basaltic Andesite | Basalt / Picro-Basalt | Rhyolite,,Subduction zone | Continental crust (> 25 km),0,0,686,1199,Unknown - Evidence Credible,,,
312030,Pavlof,Composite,Stratovolcano | Pyroclastic cone(s),Andesite / Basaltic Andesite | Basalt / Picro-Basalt,,Subduction zone | Continental crust (> 25 km),0,0,0,3002,2022 CE,2021 Aug 5 - 2022 Dec 7 || 2016 Mar 27 - 2016 Jul 30 || 2014 Nov 12 - 2014 Nov 15 || 2014 May 31 - 2014 Jun 6 || 2013 May 13 - 2013 Jun 26 || 2007 Aug 15 - 2007 Sep 13 || 2001 Jun 5 ± 4 days - Unknown || 1996 Sep 11 - 1997 Jan 3 (?) || 1990 Mar 5 - 1990 Mar 5 || 1986 Apr 16 - 1988 Aug 13 || 1983 Nov 11 - 1983 Dec 18 || 1983 Jul 11 - 1983 Jul 18 || 1982 Jul 15 ± 45 days - Unknown || 1981 Sep 25 - 1981 Sep 27 || 1981 Mar 30 (on or before) - 1981 May 28 || 1980 Nov 8 - 1980 Nov 13 || 1980 Jul 6 ± 1 days - Unknown || 1975 Sep 13 - 1977 Mar 16 (on or after) ± 15 days || 1974 Sep 1 (on or before) - 1975 Jan 13 || 1974 Mar 12 - 1974 Mar 24 (?) || 1973 Nov 12 - 1973 Nov 13 || 1966 Mar 15 - Unknown || 1960 Jul 2 (?) ± 182 days - 1963 Jun 16 (?) ± 15 days || 1958 May 17 - 1958 Aug 28 || 1953 Nov 25 - 1954 Aug 16 ± 15 days || 1951 Oct 16 ± 15 days - 1952 Feb 16 (?) ± 15 days || 1950 Jul 31 - 1951 May 16 ± 15 days || 1936 Jul 2 ± 182 days - 1948 May 16 (?) ± 15 days || 1929 Mar 16 ± 15 days - 1931 Aug 16 ± 15 days || 1924 Jan 17 - Unknown || 1922 Dec 24 - 1923 Feb 28 ± 60 days || 1917 Oct 16 ± 15 days - Unknown || 1914 Jul 6 - Unknown || 1906 Jul 2 ± 182 days - 1911 Dec 7 (?) || 1901 Jul 2 ± 182 days - Unknown || 1894 Jul 2 ± 182 days - Unknown || 1892 Jul 2 ± 182 days - Unknown || 1886 Jul 2 ± 182 days - Unknown || 1880 Jul 2 ± 182 days - Unknown || 1866 Mar 14 - Unknown || 1852 Jul 2 ± 182 days - Unknown || 1846 Aug 16 ± 15 days - 1846 Aug 16 ± 15 days || 1845 Aug 12 - Unknown || 1838 Jul 2 ± 182 days - Unknown || 1825 Jul 2 ± 182 days - Unknown || 1817 Jul 2 ± 182 days - Unknown || 1790 - Unknown || 1762 - 1786,,
312040,Pavlof Sister,Composite,Stratovolcano,Basalt / Picro-Basalt,,Subduction zone | Continental crust (> 25 km),0,0,0,1860,Unknown - Evidence Credible,,,
312050,Dana,Composite,Stratovolcano | Lava dome(s),Andesite / Basaltic Andesite | Dacite,,Subduction zone | Continental crust (> 25 km),0,0,0,1814,1890 BCE,1890 BCE (?) - Unknown,,
312055,Stepovak Bay Group,Cluster,Volcanic field,,,Subduction zone | Continental crust (> 25 km),,,,,Unknown - Evidence Credible,,,
312060,Kupreanof,Composite,Stratovolcano,Andesite / Basaltic Andesite | Basalt / Picro-Basalt,,Subduction zone | Continental crust (> 25 km),0,0,11,969,Unknown - Evidence Uncertain,1987 Mar 10 - 1987 Mar 10,,
312070,Veniaminof,Composite,Stratovolcano | Caldera | Pyroclastic cone(s),Andesite / Basaltic Andesite | Basalt / Picro-Basalt | Dacite,,Subduction zone | Continental crust (> 25 km),0,0,0,542,2021 CE,2021 Feb 28 - 2021 Apr 5 || 2018 Sep 4 - 2018 Dec 23 || 2013 Jun 13 - 2013 Oct 12 ± 1 days || 2008 Feb 22 - 2008 Mar 1 || 2006 Mar 3 - 2006 Sep 7 || 2005 Sep 7 - 2005 Nov 4 (?) || 2005 Jan 4 - 2005 Feb 14 ± 3 days || 2004 Feb 16 - 2004 Sep 5 ± 4 days || 2002 Sep 24 - 2003 Mar 23 || 1995 Nov 15 - 1995 Nov 30 (?) || 1995 Apr 17 - 1995 Apr 17 || 1993 Jul 30 - 1994 Sep 28 (?) || 1987 Mar 19 - 1987 Mar 19 || 1984 Nov 29 - 1984 Dec 6 (?) || 1983 Jun 2 - 1984 Apr 17 || 1956 Mar 16 ± 15 days - 1956 May 23 || 1944 Mar 28 - Unknown || 1939 Nov 16 ± 15 days - Unknown || 1939 May 23 - 1939 Jun 26 (?) || 1930 Jun 16 ± 15 days - Unknown || 1892 Aug 28 - 1892 Aug 30 || 1874 Jul 15 ± 45 days - Unknown || 1852 Jul 2 ± 182 days - Unknown || 1838 Aug 4 - 1839 Apr 16 ± 15 days || 1830 Jul 2 ± 182 days - 1838 Jul 2 ± 182 days || 1750 BCE (?) - Unknown,,
312080,Black Peak,Composite,Stratovolcano | Caldera | Lava dome(s),Andesite / Basaltic Andesite | Dacite,,Subduction zone | Continental crust (> 25 km),0,0,0,478,1900 BCE,1900 BCE ± 150 years - Unknown,,
312090,Aniakchak,Caldera,Caldera | Pyroclastic cone(s) | Lava dome(s) | Maar(s),Andesite / Basaltic Andesite | Dacite,Basalt / Picro-Basalt | Trachyte / Trachydacite | Trachyandesite / Basaltic Trachyandesite,Subduction zone | Continental crust (> 25 km),0,0,36,479,1931 CE,1942 Jul 2 ± 182 days - Unknown || 1931 May 1 - 1931 Jun 13 (on or after) || 1540 ± 100 years - Unknown || 1470 ± 20 years - Unknown || 1370 ± 55 years - Unknown || 1280 ± 145 years - Unknown || 1190 ± 30 years - Unknown || 1120 ± 80 years - Unknown || 1050 (?) - Unknown || 0700 ± 250 years - Unknown || 0460 (?) - Unknown || 0200 ± 255 years - Unknown || 0370 BCE ± 210 years - Unknown || 1645 BCE ± 10 years - Unknown || 2550 BCE ± 500 years - Unknown || 5930 BCE ± 240 years - Unknown || 6300 BCE ± 1250 years - Unknown,,
312100,Yantarni,Composite,Stratovolcano | Lava dome,Andesite / Basaltic Andesite | Dacite,,Subduction zone | Continental crust (> 25 km),0,0,0,190,800 BCE,0800 BCE ± 500 years - Unknown,,
312110,Chiginagak,Composite,Stratovolcano | Lava dome(s),Andesite / Basaltic Andesite | Dacite,Basalt / Picro-Basalt,Subduction zone | Continental crust (> 25 km),0,0,0,52,1998 CE,1998 Aug 13 - 1998 Aug 13 (?) || 1971 Jul 16 ± 15 days - 1971 Jul 16 ± 15 days || 1929 Dec 16 ± 15 days - Unknown,,
312120,Kialagvik,Composite,Stratovolcano | Lava dome,Andesite / Basaltic Andesite | Dacite,,Subduction zone | Continental crust (> 25 km),0,0,0,71,Unknown - Evidence Credible,,,
312130,Ugashik-Peulik,Composite,Stratovolcano | Caldera | Lava dome(s),Andesite / Basaltic Andesite | Basalt / Picro-Basalt | Dacite | Rhyolite,,Subduction zone | Continental crust (> 25 km),0,0,0,102,1814 CE,1852 Jul 2 ± 182 days - Unknown || 1814 Jul 2 ± 182 days - Unknown || 1050 ± 100 years - Unknown || 5850 BCE (?) - Unknown || 6550 BCE (?) - Unknown,,
312131,Ukinrek Maars,Minor (Basaltic),Maar(s) | Lava dome(s),Basalt / Picro-Basalt | Dacite,,Subduction zone | Continental crust (> 25 km),0,0,0,739,1977 CE,1977 Mar 30 - 1977 Apr 9 || 0350 BCE (?) - Unknown,,
312132,Alaska Peninsula Arc at 155.4°W,Minor (Silicic),Lava dome,No Data (checked),,Subduction zone | Continental crust (> 25 km),0,0,0,88,Unknown - Evidence Credible,,,
312140,Martin,Composite,Stratovolcano,Dacite | Andesite / Basaltic Andesite,,Subduction zone | Continental crust (> 25 km),0,0,0,914,1953 CE,1953 Feb 17 - Unknown || 1951 Jul 22 - Unknown || 0800 BCE ± 50 years - Unknown || 1750 BCE (?) - Unknown,,
312150,Mageik,Composite,Stratovolcano | Lava dome(s) | Pyroclastic cone(s),Andesite / Basaltic Andesite | Dacite,,Subduction zone | Continental crust (> 25 km),0,0,0,376,500 BCE,1946 Jul 2 ± 182 days - Unknown || 1936 Jul 4 - 1936 Jul 5 || 1929 Aug 19 - 1929 Dec 16 ± 15 days || 1927 Aug 26 ± 5 days - Unknown || 0500 BCE ± 50 years - Unknown || 0550 BCE (?) - Unknown || 0650 BCE (?) - Unknown || 1650 BCE (?) - Unknown || 1950 BCE ± 100 years - Unknown || 4400 BCE ± 300 years - Unknown || 7380 BCE ± 150 years - Unknown || 8670 BCE ± 300 years - Unknown,,
312160,Trident,Composite,Stratovolcano | Pyroclastic cone(s) | Lava dome(s),Andesite / Basaltic Andesite | Dacite,,Subduction zone | Continental crust (> 25 km),0,0,0,117,1974 CE,1974 Jul 15 ± 45 days - Unknown || 1968 Nov 13 - 1968 Nov 13 || 1967 Sep 5 - 1968 Feb 25 || 1966 Jul 2 (?) ± 182 days - Unknown || 1964 May 31 - Unknown || 1963 Oct 17 - 1963 Nov 17 (?) || 1963 Apr 1 - 1963 Apr 3 || 1962 Jun 9 - 1962 Jun 9 || 1961 Jun 30 (?) - Unknown || 1957 Jul 2 ± 182 days - 1960 Aug 10 (?) || 1956 Sep 8 - 1956 Sep 9 || 1953 Feb 15 - 1954 Oct 5 (?) || 1950 Jul 2 - 1950 Aug 18 || 1949 Jun 16 ± 15 days - Unknown || 1913 Sep 16 ± 15 days - Unknown,,
312170,Katmai,Composite,Stratovolcano | Caldera | Lava dome,Andesite / Basaltic Andesite | Dacite,Basalt / Picro-Basalt | Rhyolite,Subduction zone | Continental crust (> 25 km),0,0,0,128,1912 CE,1912 Jun 6 - 1912 Jul 21 (on or after),,
312180,Novarupta,Caldera,Caldera | Lava dome,Rhyolite | Dacite,Andesite / Basaltic Andesite,Subduction zone | Continental crust (> 25 km),0,0,0,667,1912 CE,1912 Jun 6 - 1912 Oct 16 (?) ± 15 days,,
312190,Griggs,Composite,Stratovolcano | Pyroclastic cone(s),Andesite / Basaltic Andesite,Dacite,Subduction zone | Continental crust (> 25 km),0,0,0,654,1790 BCE,1790 BCE ± 40 years - Unknown,,
312200,Snowy Mountain,Composite,Stratovolcano(es) | Lava dome(s),Andesite / Basaltic Andesite | Dacite,,Subduction zone | Continental crust (> 25 km),0,0,0,248,1710 CE,1710 ± 200 years - Unknown,,
312210,Denison,Composite,Stratovolcano,Andesite / Basaltic Andesite | Dacite,,Subduction zone | Continental crust (> 25 km),0,0,0,119,Unknown - Evidence Uncertain,,,
312220,Steller,Composite,Stratovolcano,Andesite / Basaltic Andesite | Dacite,,Subduction zone | Continental crust (> 25 km),0,0,0,118,Unknown - Evidence Credible,,,
312230,Kukak,Composite,Stratovolcano,Andesite / Basaltic Andesite | Dacite,,Subduction zone | Continental crust (> 25 km),0,0,0,125,Unknown - Unrest / Holocene,,,
312250,Kaguyak,Caldera,Lava dome(s) | Caldera,Dacite | Andesite / Basaltic Andesite,Rhyolite | Basalt / Picro-Basalt,Subduction zone | Continental crust (> 25 km),0,0,0,60,3850 BCE,3850 BCE (?) - Unknown || 4060 BCE ± 150 years - Unknown,,
312260,Fourpeaked,Composite,Stratovolcano,Andesite / Basaltic Andesite,,Subduction zone | Continental crust (> 25 km),0,0,0,165,2006 CE,2006 Sep 17 - 2006 Sep 17,,
312270,Douglas,Composite,Stratovolcano,Andesite / Basaltic Andesite,,Subduction zone | Continental crust (> 25 km),0,0,0,134,Unknown - Evidence Credible,,,
313010,Augustine,Composite,Lava dome(s),Andesite / Basaltic Andesite | Dacite,Rhyolite | Basalt / Picro-Basalt | Trachyandesite / Basaltic Trachyandesite,Subduction zone | Continental crust (> 25 km),0,0,0,759,2006 CE,2005 Dec 9 (?) - 2006 Apr 27 (?) || 1986 Mar 27 - 1986 Aug 31 || 1976 Jan 22 (?) - 1977 May 14 (?) || 1971 Oct 7 - 1971 Oct 8 || 1963 Oct 11 - 1964 Aug 19 || 1935 Mar 13 - 1935 Aug 18 || 1908 Jul 2 ± 182 days - Unknown || 1883 Oct 6 - 1884 Jul 2 (?) ± 182 days || 1812 Jul 2 ± 182 days - Unknown || 1650 ± 100 years - Unknown || 1540 ± 100 years - Unknown || 1230 ± 50 years - Unknown || 0930 ± 150 years - Unknown || 0570 ± 150 years - Unknown || 0340 ± 40 years - Unknown || 0120 BCE ± 40 years - Unknown || 0310 BCE ± 100 years - Unknown || 0350 BCE ± 200 years - Unknown || 1820 BCE ± 300 years - Unknown || 2040 BCE ± 300 years - Unknown || 4150 BCE ± 100 years - Unknown || 5420 BCE ± 50 years - Unknown,,
313020,Iliamna,Composite,Stratovolcano | Lava dome(s),Andesite / Basaltic Andesite,Basalt / Picro-Basalt,Subduction zone | Continental crust (> 25 km),0,0,1,7564,1876 CE,1953 Mar 1 - Unknown || 1952 Jul 2 ± 182 days - Unknown || 1947 Jun 16 ± 15 days - Unknown || 1933 May 5 - Unknown || 1876 Jul 2 ± 182 days - Unknown || 1867 Jul 2 ± 182 days - Unknown || 1843 Jul 2 ± 182 days - Unknown || 1793 - Unknown || 1786 - Unknown || 1778 - 1779 || 1768 - Unknown || 1650 (?) - Unknown || 0450 BCE (?) - Unknown || 2050 BCE (?) - Unknown || 5050 BCE (?) - Unknown,,
313030,Redoubt,Composite,Stratovolcano,Andesite / Basaltic Andesite | Basalt / Picro-Basalt,Dacite | Trachyandesite / Basaltic Trachyandesite | Rhyolite,Subduction zone | Continental crust (> 25 km),0,0,1,32410,2009 CE,2009 Mar 15 - 2009 Jul 1 ± 30 days || 1989 Dec 14 - 1990 Jun 20 (?) || 1967 Dec 6 - 1968 Apr 28 (on or after) || 1966 Oct 7 - 1967 Jan 15 || 1966 Jan 24 - 1966 Feb 20 || 1933 May 25 - Unknown || 1902 Jan 18 - Unknown || 1819 Jul 2 ± 182 days - Unknown || 1650 ± 75 years - Unknown || 1530 ± 75 years - Unknown || 1510 ± 75 years - Unknown || 1400 ± 75 years - Unknown || 1360 ± 75 years - Unknown || 1200 ± 75 years - Unknown || 1160 ± 75 years - Unknown || 1120 ± 75 years - Unknown || 1030 ± 75 years - Unknown || 0720 ± 75 years - Unknown || 0640 ± 75 years - Unknown || 0580 ± 75 years - Unknown || 0520 ± 75 years - Unknown || 0440 ± 75 years - Unknown || 0290 ± 75 years - Unknown || 0190 ± 75 years - Unknown || 0110 ± 50 years - Unknown || 0070 ± 75 years - Unknown || 0090 BCE ± 75 years - Unknown || 0100 BCE ± 75 years - Unknown || 0160 BCE ± 75 years - Unknown || 0210 BCE ± 200 years - Unknown || 0220 BCE ± 75 years - Unknown || 0270 BCE ± 75 years - Unknown || 0350 BCE ± 75 years - Unknown || 0380 BCE ± 75 years - Unknown || 0390 BCE ± 75 years - Unknown || 0400 BCE ± 75 years - Unknown || 0420 BCE ± 75 years - Unknown || 0450 BCE ± 75 years - Unknown || 0470 BCE ± 75 years - Unknown || 0600 BCE ± 75 years - Unknown || 0610 BCE ± 100 years - Unknown || 0620 BCE ± 100 years - Unknown || 0670 BCE ± 100 years - Unknown || 0770 BCE ± 100 years - Unknown || 0790 BCE ± 100 years - Unknown || 0830 BCE ± 100 years - Unknown || 0870 BCE ± 100 years - Unknown || 1040 BCE ± 100 years - Unknown || 1050 BCE (?) - Unknown || 1080 BCE ± 150 years - Unknown || 1100 BCE ± 100 years - Unknown || 1150 BCE ± 100 years - Unknown || 1210 BCE ± 100 years - Unknown || 1310 BCE ± 100 years - Unknown || 1350 BCE ± 100 years - Unknown || 1510 BCE ± 100 years - Unknown || 1540 BCE ± 100 years - Unknown || 1550 BCE ± 150 years - Unknown || 1560 BCE ± 100 years - Unknown || 1690 BCE ± 100 years - Unknown || 1700 BCE ± 100 years - Unknown || 1810 BCE ± 150 years - Unknown || 1870 BCE ± 150 years - Unknown || 2040 BCE ± 150 years - Unknown || 2230 BCE ± 150 years - Unknown || 2350 BCE ± 150 years - Unknown || 2830 BCE ± 200 years - Unknown || 2860 BCE ± 200 years - Unknown || 2920 BCE ± 200 years - Unknown || 3030 BCE ± 200 years - Unknown || 3150 BCE ± 200 years - Unknown || 3180 BCE ± 200 years - Unknown || 3600 BCE ± 150 years - Unknown || 3650 BCE ± 150 years - Unknown || 3690 BCE ± 150 years - Unknown || 3730 BCE ± 150 years - Unknown || 3890 BCE ± 150 years - Unknown || 4010 BCE ± 150 years - Unknown || 4360 BCE ± 150 years - Unknown || 4510 BCE ± 150 years - Unknown || 4810 BCE ± 150 years - Unknown || 4900 BCE ± 150 years - Unknown || 4960 BCE ± 150 years - Unknown || 5240 BCE ± 150 years - Unknown || 5580 BCE ± 150 years - Unknown || 5820 BCE ± 150 years - Unknown || 5910 BCE ± 150 years - Unknown || 5940 BCE ± 150 years - Unknown || 5950 BCE ± 150 years - Unknown || 6050 BCE ± 150 years - Unknown || 6150 BCE ± 150 years - Unknown || 6190 BCE ± 150 years - Unknown || 6280 BCE ± 150 years - Unknown || 7210 BCE ± 200 years - Unknown || 7270 BCE ± 200 years - Unknown || 7380 BCE ± 200 years - Unknown || 7430 BCE ± 200 years - Unknown || 7800 BCE ± 200 years - Unknown || 9310 BCE ± 300 years - Unknown,,
313040,Spurr,Composite,Stratovolcano | Caldera | Lava dome,Andesite / Basaltic Andesite,Dacite | Basalt / Picro-Basalt | Rhyolite,Subduction zone | Continental crust (> 25 km),0,0,0,11097,1992 CE,1992 Jun 27 - 1992 Sep 17 || 1953 Jul 9 - 1953 Jul 16 || 1650 ± 50 years - Unknown || 3250 BCE (?) - Unknown || 4050 BCE (?) - Unknown || 5110 BCE ± 100 years - Unknown || 6050 BCE (?) - Unknown,,
313050,Hayes,Composite,Stratovolcano,Dacite,,Subduction zone | Continental crust (> 25 km),0,0,0,151,1200 CE,1200 ± 300 years - Unknown || 1550 BCE (?) - Unknown || 1850 BCE (?) - Unknown,,
314010,St. Paul Island,Shield,Shield | Pyroclastic cone(s) | Tuff cone | Fissure vent,Trachybasalt / Tephrite Basanite | Basalt / Picro-Basalt,Rhyolite,Intraplate | Continental crust (> 25 km),582,582,582,783,1280 BCE,1943 Jul 2 ± 182 days - Unknown || 1280 BCE ± 40 years - Unknown,,
314030,Ingakslugwat Hills,Cluster,Volcanic field | Pyroclastic cone(s),Basalt / Picro-Basalt | Trachybasalt / Tephrite Basanite | Foidite,,Intraplate | Continental crust (> 25 km),0,0,0,4271,Unknown - Evidence Credible,,,
314040,St. Michael,Cluster,Volcanic field | Shield(s) | Pyroclastic cone(s) | Maar(s),Basalt / Picro-Basalt | Trachybasalt / Tephrite Basanite,,Intraplate | Continental crust (> 25 km),662,662,662,2625,Unknown - Evidence Credible,,,
314060,Imuruk Lake,Cluster,Volcanic field | Shield(s) | Pyroclastic cone(s) | Lava dome(s),Basalt / Picro-Basalt,,Intraplate | Continental crust (> 25 km),0,0,0,0,300 CE,0300 (?) - Unknown,,
315001,Buzzard Creek,Minor (Basaltic),Tuff ring(s),Basalt / Picro-Basalt,,Subduction zone | Continental crust (> 25 km),0,0,12,79489,1050 BCE,1050 BCE (?) - Unknown,,
315020,Wrangell,Shield,Shield | Caldera(s) | Pyroclastic cone(s),Andesite / Basaltic Andesite | Dacite,,Intraplate | Continental crust (> 25 km),0,0,0,1844,1912 CE,2002 Aug 1 - 2002 Aug 2 || 1999 May 14 - 1999 May 14 || 1969 Aug 16 ± 15 days - Unknown || 1930 Jun 30 - Unknown || 1921 Jul 3 - 1921 Jul 3 || 1911 Apr 14 - 1912 Sep 14 (?) || 1907 Apr 1 (on or before) - Unknown || 1902 Jul 15 ± 45 days - Unknown || 1900 Jun 16 (on or before) ± 15 days - Unknown || 1899 Sep 3 - Unknown || 1884 Oct 26 - 1885 Feb 4 || 1819 Jul 2 ± 182 days - Unknown || 1784 Jul - Unknown || 0190 ± 200 years - Unknown,,
315030,Churchill,Composite,Stratovolcano | Caldera,Dacite,,Intraplate | Continental crust (> 25 km),0,0,0,95,847 CE,0847 ± 1 years - Unknown || 0063 ± 200 years - Unknown,,
315040,Edgecumbe,Cluster,Volcanic field | Stratovolcano(es) | Caldera | Pyroclastic cone(s) | Lava dome(s),Andesite / Basaltic Andesite | Basalt / Picro-Basalt | Rhyolite | Dacite,,Intraplate | Continental crust (> 25 km),0,0,6613,7074,2080 BCE,2360 BCE ± 140 years - 2080 BCE ± 90 years || 3810 BCE ± 70 years - Unknown || 7215 BCE ± 165 years - Unknown || 9300 BCE ± 50 years - Unknown,,
315050,Duncan Canal,Cluster,Volcanic field,Basalt / Picro-Basalt,,Subduction zone | Continental crust (> 25 km),0,0,60,7558,Unknown - Evidence Credible,,,
315060,Tlevak Strait-Suemez Island,Cluster,Volcanic field,Basalt / Picro-Basalt,,Subduction zone | Continental crust (> 25 km),0,0,1596,6552,Unknown - Evidence Credible,,,
315070,Behm Canal-Rudyerd Bay,Cluster,Volcanic field | Pyroclastic cone(s),Basalt / Picro-Basalt | Andesite / Basaltic Andesite | Trachyandesite / Basaltic Trachyandesite,,Intraplate | Continental crust (> 25 km),0,0,6,15569,Unknown - Evidence Uncertain,,,
320010,Fort Selkirk,Cluster,Volcanic field,Trachybasalt / Tephrite Basanite | Basalt / Picro-Basalt | Foidite,,Intraplate | Continental crust (> 25 km),6,6,6,491,Unknown - Evidence Uncertain,,,
320020,Alligator Lake,Cluster,Volcanic field,Basalt / Picro-Basalt | Trachybasalt / Tephrite Basanite,,Intraplate | Continental crust (> 25 km),0,0,47,20636,Unknown - Evidence Credible,,,
320030,Atlin Volcanic Field,Cluster,Pyroclastic cone(s),Trachybasalt / Tephrite Basanite | Basalt / Picro-Basalt,Foidite,Intraplate | Continental crust (> 25 km),0,0,94,956,Unknown - Evidence Credible,1898 Nov 8 - Unknown,,
320031,Tuya Volcanic Field,Cluster,Volcanic field,Basalt / Picro-Basalt | Foidite,,Intraplate | Continental crust (> 25 km),0,0,0,665,Unknown - Evidence Credible,,,
320040,Heart Peaks,Shield,Shield | Lava dome(s),Basalt / Picro-Basalt | Trachybasalt / Tephrite Basanite | Rhyolite,Trachyte / Trachydacite,Intraplate | Continental crust (> 25 km),0,0,0,261,Unknown - Evidence Uncertain,,,
320050,Level Mountain,Shield,Shield | Stratovolcano | Lava dome(s),Trachyte / Trachydacite | Rhyolite | Basalt / Picro-Basalt | Trachybasalt / Tephrite Basanite | Phonolite,,Intraplate | Continental crust (> 25 km),0,0,0,636,Unknown - Evidence Uncertain,,,
320060,Edziza,Composite,Stratovolcano | Lava dome(s) | Pyroclastic cone(s),Trachyte / Trachydacite | Basalt / Picro-Basalt | Trachybasalt / Tephrite Basanite | Rhyolite,Trachyandesite / Basaltic Trachyandesite,Intraplate | Continental crust (> 25 km),0,0,0,898,950 CE,0950 ± 6000 years - Unknown || 0630 ± 150 years - Unknown || 0750 BCE ± 100 years - Unknown || 6520 BCE ± 200 years - Unknown,,
320070,Spectrum Range,Shield,Shield | Lava dome(s) | Pyroclastic cone(s),Rhyolite | Trachyte / Trachydacite | Trachybasalt / Tephrite Basanite | Basalt / Picro-Basalt,,Intraplate | Continental crust (> 25 km),0,0,0,386,Unknown - Evidence Credible,,,
320080,Hoodoo Mountain,Minor,Pyroclastic cone(s) | Subglacial,Phonolite | Trachyte / Trachydacite,Basalt / Picro-Basalt,Intraplate | Continental crust (> 25 km),0,0,0,2330,7050 BCE,7050 BCE (?) - Unknown,,
320090,Iskut-Unuk River Cones,Cluster,Pyroclastic cone(s),Basalt / Picro-Basalt,,Intraplate | Continental crust (> 25 km),0,0,0,663,1800 CE,1904 Jul 2 ± 182 days - Unknown || 1800 Jul 2 (?) ± 182 days - Unknown || 1590 ± 50 years - Unknown || 0620 BCE ± 150 years - Unknown || 1830 BCE ± 300 years - Unknown || 3450 BCE ± 150 years - Unknown || 4700 BCE ± 300 years - Unknown || 6830 BCE ± 150 years - Unknown,,
320100,Tseax River Cone,Minor (Basaltic),Pyroclastic cone,Basalt / Picro-Basalt,,Intraplate | Continental crust (> 25 km),0,0,928,23623,1690 CE,1690 ± 150 years - Unknown || 1330 ± 75 years - Unknown,,
320110,Crow Lagoon,Minor,Pyroclastic cone,Basalt / Picro-Basalt,,Intraplate | Continental crust (> 25 km),0,0,456,13541,Unknown - Evidence Credible,,,
320120,Milbanke Sound Group,Minor (Basaltic),Pyroclastic cone(s),Basalt / Picro-Basalt,,Intraplate | Continental crust (> 25 km),574,574,574,2792,Unknown - Evidence Credible,,,
320140,Nazko,Minor (Basaltic),Pyroclastic cone(s),Trachybasalt / Tephrite Basanite | Basalt / Picro-Basalt,,Intraplate | Continental crust (> 25 km),4,8,674,25892,5220 BCE,5220 BCE ± 100 years - Unknown,,
320150,Wells Gray-Clearwater,Cluster,Volcanic field | Pyroclastic cone(s),Basalt / Picro-Basalt | Trachybasalt / Tephrite Basanite,,Intraplate | Continental crust (> 25 km),716,716,716,18280,1550 CE,1550 (?) - Unknown || 5650 BCE (?) - Unknown,,
320160,Silverthrone,Composite,Caldera | Lava dome(s) | Pyroclastic cone(s),Andesite / Basaltic Andesite | Rhyolite | Dacite,,Subduction zone | Continental crust (> 25 km),7,7,67,1278,Unknown - Evidence Credible,,,
320170,Bridge River Cones,Cluster,Volcanic field,Basalt / Picro-Basalt | Trachybasalt / Tephrite Basanite,,Subduction zone | Continental crust (> 25 km),55,55,219,15871,Unknown - Evidence Credible,,,
320180,Meager,Composite,Complex,Dacite | Andesite / Basaltic Andesite,Basalt / Picro-Basalt,Subduction zone | Continental crust (> 25 km),1,111,307,17662,410 BCE,0410 BCE ± 200 years - Unknown,,
320190,Garibaldi Lake,Cluster,Volcanic field,Andesite / Basaltic Andesite | Basalt / Picro-Basalt,Dacite | Trachyandesite / Basaltic Trachyandesite,Subduction zone | Continental crust (> 25 km),6635,6635,28109,2218089,Unknown - Evidence Credible,,,
320200,Garibaldi,Composite,Stratovolcano | Lava dome(s) | Pyroclastic cone(s),Dacite | Andesite / Basaltic Andesite,,Subduction zone | Continental crust (> 25 km),0,22,16058,2264818,8060 BCE,8060 BCE ± 500 years - Unknown,,
320811,Cayley Volcanic Field,Cluster,Volcanic field | Stratovolcano | Lava dome(s) | Tuya(s),Andesite / Basaltic Andesite | Dacite,,Subduction zone | Continental crust (> 25 km),,,,,Unknown - Evidence Credible,,,
321010,Baker,Composite,Stratovolcano(es) | Caldera | Pyroclastic cone,Andesite / Basaltic Andesite | Dacite,Basalt / Picro-Basalt,Subduction zone | Continental crust (> 25 km),0,46,8568,1990504,1880 CE,1884 Jul 2 ± 182 days - Unknown || 1880 Sep 7 - 1880 Nov 27 || 1870 Jul 2 ± 182 days - Unknown || 1869 Jun 16 ± 15 days - Unknown || 1867 Mar 16 ± 15 days - Unknown || 1865 Jul 2 ± 182 days - Unknown || 1863 Jul 16 ± 15 days - Unknown || 1860 Dec 16 ± 15 days - Unknown || 1859 Nov 16 ± 15 days - 1860 Apr 26 (?) || 1858 Jul 2 ± 182 days - Unknown || 1856 Jul 2 ± 182 days - Unknown || 1854 Jul 2 ± 182 days - Unknown || 1852 Dec 1 ± 30 days - 1853 Jan 16 (?) ± 15 days || 1850 Mar 16 ± 15 days - Unknown || 1846 Jul 2 ± 182 days - Unknown || 1843 Jul 2 ± 182 days - Unknown || 1820 Jul 2 (?) ± 182 days - Unknown || 1792 Jun - Unknown || 4550 BCE (?) - Unknown || 7850 BCE (?) - Unknown,,
321020,Glacier Peak,Composite,Stratovolcano | Lava dome(s) | Pyroclastic cone(s),Dacite | Andesite / Basaltic Andesite,Basalt / Picro-Basalt,Subduction zone | Continental crust (> 25 km),0,0,23,1340896,1700 CE,1700 ± 100 years - Unknown || 1300 ± 300 years - Unknown || 0900 ± 50 years - Unknown || 0200 ± 50 years - Unknown || 0850 BCE (?) - Unknown || 3150 BCE (?) - Unknown || 3550 BCE (?) - Unknown,,
321030,Rainier,Composite,Stratovolcano | Pyroclastic cone(s),Andesite / Basaltic Andesite,Dacite,Subduction zone | Continental crust (> 25 km),0,128,3187,2667609,1450 CE,1894 Nov 21 (?) - 1894 Dec 24 (?) || 1882 Jul 2 ± 182 days - Unknown || 1879 Jul 2 ± 182 days - Unknown || 1870 Jul 2 ± 182 days - Unknown || 1858 Jul 2 ± 182 days - Unknown || 1854 Jul 2 ± 182 days - Unknown || 1843 Jul 2 ± 182 days - Unknown || 1450 ± 100 years - Unknown || 0910 ± 500 years - Unknown || 0440 ± 100 years - Unknown || 0150 BCE (?) - Unknown || 0250 BCE ± 200 years - Unknown || 0400 BCE ± 50 years - Unknown || 0500 BCE ± 50 years - Unknown || 0610 BCE ± 100 years - Unknown || 0650 BCE ± 50 years - Unknown || 0700 BCE ± 50 years - Unknown || 2550 BCE (?) - Unknown || 2750 BCE (?) - Unknown || 3650 BCE (?) - Unknown || 3850 BCE ± 200 years - Unknown || 4850 BCE (?) - Unknown || 5050 BCE (?) - Unknown || 5350 BCE (?) - Unknown || 5550 BCE (?) - Unknown || 7800 BCE ± 300 years - Unknown || 8050 BCE (?) - Unknown,,
321040,Adams,Composite,Stratovolcano | Pyroclastic cone(s) | Complex,Andesite / Basaltic Andesite | Basalt / Picro-Basalt,Dacite,Subduction zone | Continental crust (> 25 km),0,70,4019,393303,950 CE,0950 (?) - Unknown || 0200 (?) - Unknown || 0300 BCE (?) - Unknown || 0400 BCE (?) - Unknown || 0550 BCE ± 1000 years - Unknown || 1850 BCE (in or after) - Unknown || 2650 BCE ± 300 years - Unknown || 2950 BCE ± 100 years - Unknown || 3250 BCE ± 300 years - Unknown || 3550 BCE (?) - Unknown || 3800 BCE ± 1950 years - Unknown || 4050 BCE ± 500 years - Unknown || 4550 BCE (?) - Unknown || 5150 BCE ± 500 years - Unknown || 7050 BCE ± 1000 years - Unknown,,
321050,St. Helens,Composite,Stratovolcano | Lava dome(s),Dacite | Andesite / Basaltic Andesite | Basalt / Picro-Basalt | Trachybasalt / Tephrite Basanite | Trachyandesite / Basaltic Trachyandesite,,Subduction zone | Continental crust (> 25 km),78,427,2221,2173101,2008 CE,2004 Oct 1 - 2008 Jan 27 ± 10 days || 1990 Nov 5 - 1991 Feb 14 || 1989 Dec 7 - 1990 Jan 6 || 1980 Mar 27 - 1986 Oct 28 ± 3 days || 1921 Mar 18 - Unknown || 1903 Sep 15 - Unknown || 1898 Apr 5 - Unknown || 1857 Apr 16 ± 15 days - Unknown || 1854 Feb 16 ± 15 days - 1854 Apr 16 ± 15 days || 1853 Mar 15 ± 5 days - 1853 Aug 16 (?) ± 15 days || 1850 Mar 16 ± 15 days - 1850 May 16 (?) ± 15 days || 1849 Jul 2 ± 182 days - Unknown || 1848 Apr 1 (on or before) - Unknown || 1847 Mar 26 - 1847 Mar 30 || 1842 Nov 22 - 1845 Sep 18 (?) || 1835 Mar 16 (?) ± 15 days - Unknown || 1831 Aug 16 ± 15 days - Unknown || 1800 Jan 15 ± 120 days - Unknown || 1610 ± 40 years - Unknown || 1525 ± 25 years - Unknown || 1482 Jan 15 ± 120 days - Unknown || 1480 Jan 15 ± 120 days - Unknown || 0780 ± 300 years - Unknown || 0420 (?) - Unknown || 0270 (?) - Unknown || 0230 (?) - Unknown || 0190 (?) - Unknown || 0100 (?) - Unknown || 0100 BCE (?) - Unknown || 0220 BCE (?) - Unknown || 0250 BCE (?) - Unknown || 0280 BCE (?) - Unknown || 0530 BCE (?) - Unknown || 0800 BCE (?) - Unknown || 0830 BCE ± 75 years - Unknown || 1010 BCE (?) - Unknown || 1100 BCE (?) - Unknown || 1180 BCE (?) - Unknown || 1610 BCE (?) - Unknown || 1680 BCE (?) - Unknown || 1770 BCE ± 100 years - Unknown || 1860 BCE (?) - Unknown || 2100 BCE ± 300 years - Unknown || 2340 BCE (?) - Unknown,,
321060,West Crater,Cluster,Volcanic field,Andesite / Basaltic Andesite | Basalt / Picro-Basalt,,Subduction zone | Continental crust (> 25 km),505,505,14359,2225092,5750 BCE,5750 BCE (?) - Unknown || 6110 BCE (?) - Unknown,,
321070,Indian Heaven,Cluster,Volcanic field | Shield(s) | Pyroclastic cone(s),Basalt / Picro-Basalt | Andesite / Basaltic Andesite,,Subduction zone | Continental crust (> 25 km),687,687,6911,2019828,6250 BCE,6250 BCE ± 100 years - Unknown,,
322010,Hood,Composite,Stratovolcano | Lava dome(s) | Pyroclastic cone,Andesite / Basaltic Andesite,Dacite,Subduction zone | Continental crust (> 25 km),0,850,9721,2067520,1866 CE,1869 Jul 2 ± 182 days - Unknown || 1865 Sep 21 - 1866 Jan 16 (?) ± 15 days || 1859 Aug 15 - 1859 Aug 17 || 1854 Aug 16 ± 15 days - Unknown || 1853 Jul 2 ± 182 days - Unknown || 1781 Oct 15 ± 45 days - 1801 Jul 2 (?) ± 182 days || 0480 ± 37 years - Unknown || 4940 BCE ± 150 years - Unknown,,
322020,Jefferson,Composite,Stratovolcano | Lava dome(s) | Pyroclastic cone(s),Andesite / Basaltic Andesite | Dacite,Basalt / Picro-Basalt,Subduction zone | Continental crust (> 25 km),0,0,823,556054,950 CE,0950 (?) - Unknown || 4500 BCE ± 50 years - Unknown,,
322030,Blue Lake Crater,Minor (Basaltic),Maar | Fissure vent,Basalt / Picro-Basalt,,Subduction zone | Continental crust (> 25 km),19,308,6914,286219,680 CE,0680 ± 200 years - Unknown,,
322040,Sand Mountain Field,Cluster,Volcanic field | Pyroclastic cone(s),Basalt / Picro-Basalt | Andesite / Basaltic Andesite,,Subduction zone | Continental crust (> 25 km),89,89,1574,519291,950 BCE,0950 BCE ± 200 years - Unknown || 5050 BCE (?) - Unknown,,
322060,Belknap,Shield,Shield(s) | Pyroclastic cone(s),Andesite / Basaltic Andesite | Basalt / Picro-Basalt,,Subduction zone | Continental crust (> 25 km),0,0,6518,362091,475 CE,0475 ± 215 years - Unknown || 0685 BCE ± 50 years - Unknown || 1071 BCE ± 241 years - Unknown || 5050 BCE (?) - Unknown,,
322070,Three Sisters,Composite,Complex | Pyroclastic cone(s) | Shield | Fissure vent(s),Andesite / Basaltic Andesite | Basalt / Picro-Basalt | Dacite,Rhyolite,Subduction zone | Continental crust (> 25 km),0,0,5672,279885,439 CE,0439 ± 108 years - Unknown || 0040 ± 202 years - Unknown || 0050 BCE (?) - Unknown || 0350 BCE (?) - Unknown || 0800 BCE (?) - Unknown || 7350 BCE ± 2700 years - Unknown,,
322090,Bachelor,Composite,Stratovolcano | Shield(s) | Pyroclastic cone(s),Andesite / Basaltic Andesite | Basalt / Picro-Basalt,,Subduction zone | Continental crust (> 25 km),18,24,22514,231420,5800 BCE,5800 BCE ± 750 years - Unknown,,
322100,Davis Lake,Cluster,Volcanic field,Andesite / Basaltic Andesite,,Subduction zone | Continental crust (> 25 km),1440,1440,7483,164597,2790 BCE,2790 BCE (?) - Unknown,,
322110,Newberry,Shield,Shield | Caldera | Pyroclastic cone(s) | Lava dome(s),Andesite / Basaltic Andesite | Dacite | Basalt / Picro-Basalt | Rhyolite,,Subduction zone | Continental crust (> 25 km),0,0,16437,180091,690 CE,0690 ± 100 years - Unknown || 0490 ± 100 years - Unknown || 1450 BCE (?) - Unknown || 4450 BCE (?) - Unknown || 4690 BCE ± 150 years - Unknown || 4770 BCE ± 75 years - Unknown || 4860 BCE ± 150 years - Unknown || 4960 BCE ± 100 years - Unknown || 5070 BCE ± 150 years - Unknown || 5260 BCE ± 150 years - Unknown || 9210 BCE ± 1200 years - Unknown,,
322120,Devils Garden,Cluster,Volcanic field,Basalt / Picro-Basalt,,Rift zone | Continental crust (> 25 km),51,51,287,162601,Unknown - Evidence Uncertain,,,
322150,Cinnamon Butte,Minor (Basaltic),Pyroclastic cone(s) | Lava dome,Basalt / Picro-Basalt,,Subduction zone | Continental crust (> 25 km),113,113,913,69577,Unknown - Evidence Uncertain,,,
322160,Crater Lake,Caldera,Caldera | Stratovolcano(es) | Lava dome(s) | Pyroclastic cone(s),Dacite | Andesite / Basaltic Andesite,Basalt / Picro-Basalt,Subduction zone | Continental crust (> 25 km),52,52,366,272674,2850 BCE,2850 BCE (?) - Unknown || 5250 BCE (?) - Unknown || 5550 BCE (?) - Unknown || 5680 BCE ± 150 years - Unknown || 5900 BCE ± 50 years - Unknown,,
322170,Diamond Craters,Cluster,Volcanic field,Basalt / Picro-Basalt,,Rift zone | Continental crust (> 25 km),66,66,136,6969,5610 BCE,5610 BCE ± 470 years - Unknown,,
322190,Jordan Craters,Cluster,Volcanic field,Basalt / Picro-Basalt | Rhyolite,,Rift zone | Continental crust (> 25 km),0,0,28,232946,1250 BCE,1250 BCE (in or after) - Unknown,,
323010,Shasta,Composite,Stratovolcano | Lava dome(s) | Pyroclastic cone(s),Andesite / Basaltic Andesite | Dacite,Basalt / Picro-Basalt,Subduction zone | Continental crust (> 25 km),0,35,19785,265016,1250 CE,1250 (?) - Unknown || 1200 (?) - Unknown || 0850 (?) - Unknown || 0150 (?) - Unknown || 0050 (?) - Unknown || 0150 BCE (?) - Unknown || 0550 BCE ± 500 years - Unknown || 0650 BCE ± 800 years - Unknown || 0850 BCE (?) - Unknown || 1150 BCE (?) - Unknown || 2050 BCE (?) - Unknown || 2550 BCE (?) - Unknown || 3050 BCE ± 1000 years - Unknown || 4050 BCE (?) - Unknown || 6050 BCE (?) - Unknown || 6650 BCE (?) - Unknown || 7250 BCE (?) - Unknown || 7350 BCE (?) - Unknown || 7420 BCE ± 300 years - Unknown || 7650 BCE ± 100 years - Unknown || 7750 BCE (?) - Unknown || 8050 BCE (?) - Unknown,,
323020,Medicine Lake,Shield,Shield | Caldera | Pyroclastic cone(s) | Lava dome(s),Basalt / Picro-Basalt | Andesite / Basaltic Andesite | Rhyolite,Dacite,Subduction zone | Continental crust (> 25 km),0,0,254,120685,1060 CE,1910 Jan 16 ± 15 days - Unknown || 1060 (?) - Unknown || 1010 (?) - Unknown || 0840 (?) - Unknown || 0830 (?) - Unknown || 0780 (?) - Unknown || 1000 BCE (?) - Unknown || 1130 BCE (?) - Unknown || 3090 BCE - Unknown || 3190 BCE (?) - Unknown,,
323080,Lassen Volcanic Center,Composite,Stratovolcano | Caldera | Lava dome(s),Andesite / Basaltic Andesite | Dacite | Rhyolite,Basalt / Picro-Basalt,Subduction zone | Continental crust (> 25 km),0,9,2340,439135,1917 CE,1914 May 30 - 1917 Jun 29 || 1666 (?) - Unknown || 1650 (?) - Unknown || 0980 ± 300 years - Unknown || 0880 ± 300 years - Unknown || 0800 ± 300 years - Unknown,,
323100,Clear Lake Volcanic Field,Cluster,Volcanic field,Dacite | Andesite / Basaltic Andesite | Rhyolite | Basalt / Picro-Basalt,,Subduction zone | Continental crust (> 25 km),52801,52801,71791,1059280,Unknown - Evidence Credible,,,
323110,Mono Lake Volcanic Field,Cluster,Volcanic field | Pyroclastic cone(s) | Lava dome(s),Dacite | Rhyolite | Basalt / Picro-Basalt,,Rift zone | Continental crust (> 25 km),1066,1066,1491,65028,1790 CE,1890 Aug 23 (?) - 1890 Aug 23 (?) || 1790 ± 75 years - Unknown || 1550 ± 300 years - Unknown || 1150 ± 200 years - Unknown || 0350 ± 100 years - Unknown,,
323120,Mono-Inyo Craters,Cluster,Lava dome(s) | Tuff ring(s) | Explosion crater(s),Rhyolite,Dacite | Trachybasalt / Tephrite Basanite | Trachyandesite / Basaltic Trachyandesite,Rift zone | Continental crust (> 25 km),558,7393,9048,82160,1380 CE,1380 ± 50 years - Unknown || 1350 ± 20 years - Unknown || 1000 ± 200 years - Unknown || 0620 ± 27 years - Unknown || 0490 ± 100 years - Unknown || 0440 ± 100 years - Unknown || 0320 ± 200 years - Unknown || 0290 ± 50 years - Unknown || 0010 ± 200 years - Unknown || 0700 BCE ± 800 years - Unknown || 3850 BCE ± 1160 years - Unknown || 4050 BCE (?) - Unknown || 6750 BCE ± 1740 years - Unknown,,
323150,Mammoth Mountain,Minor,Lava dome(s) | Pyroclastic cone(s),Trachyte / Trachydacite | Trachybasalt / Tephrite Basanite | Trachyandesite / Basaltic Trachyandesite,Basalt / Picro-Basalt | Rhyolite,Rift zone | Continental crust (> 25 km),2220,6242,7745,77851,1260 CE,1260 ± 40 years - Unknown || 6540 BCE ± 90 years - Unknown,,
323160,Ubehebe Craters,Minor,Maar(s) | Tuff ring(s),Basalt / Picro-Basalt,,Rift zone | Continental crust (> 25 km),18,94,262,15354,150 BCE,0150 BCE (?) - Unknown,,
323200,Salton Buttes,Minor (Silicic),Lava dome(s),Rhyolite,,Rift zone | Continental crust (> 25 km),227,408,38579,1214088,210 CE,0210 ± 100 years - Unknown || 0010 ± 100 years - Unknown || 0290 BCE ± 100 years - Unknown,,
324010,Black Butte Crater Lava Field,Shield,Shield,Basalt / Picro-Basalt,,Rift zone | Continental crust (> 25 km),119,158,4440,171376,8180 BCE,8180 BCE ± 350 years - Unknown,,
324020,Craters of the Moon,Cluster,Volcanic field | Pyroclastic cone(s) | Fissure vent(s),Basalt / Picro-Basalt | Trachybasalt / Tephrite Basanite | Trachyandesite / Basaltic Trachyandesite,,Rift zone | Continental crust (> 25 km),15,15,1459,93300,130 BCE,0130 BCE ± 50 years - Unknown || 0260 BCE ± 25 years - Unknown || 0350 BCE (?) - Unknown || 1680 BCE ± 150 years - Unknown || 2560 BCE ± 100 years - Unknown || 4070 BCE ± 50 years - Unknown || 4250 BCE (?) - Unknown || 4600 BCE ± 100 years - Unknown || 5470 BCE ± 150 years - Unknown || 5890 BCE ± 150 years - Unknown || 8290 BCE - Unknown || 8720 BCE - Unknown || 9050 BCE - Unknown || 10060 BCE - Unknown,,
324030,Wapi Lava Field,Shield,Shield | Fissure vent(s),Basalt / Picro-Basalt,,Rift zone | Continental crust (> 25 km),6,6,1394,172539,300 BCE,0300 BCE (?) - Unknown,,
324040,Hell's Half Acre,Shield,Shield | Fissure vent(s),Basalt / Picro-Basalt,,Rift zone | Continental crust (> 25 km),0,305,12646,295506,3250 BCE,3250 BCE ± 150 years - Unknown,,
326010,Soda Lakes,Minor (Basaltic),Maar(s) | Pyroclastic cone(s),Basalt / Picro-Basalt,,Rift zone | Continental crust (> 25 km),1616,11149,25655,557259,Unknown - Evidence Credible,,,
327040,Markagunt Plateau,Cluster,Volcanic field,Basalt / Picro-Basalt | Andesite / Basaltic Andesite | Trachyte / Trachydacite,Rhyolite,Rift zone | Continental crust (> 25 km),970,970,1887,186184,1050 CE,1050 (in or before) - Unknown,,
327050,Black Rock Desert,Cluster,Volcanic field,Basalt / Picro-Basalt | Andesite / Basaltic Andesite,Rhyolite,Rift zone | Continental crust (> 25 km),3292,3292,3679,54291,1290 CE,1290 ± 150 years - Unknown,,
327110,Carrizozo,Minor,Pyroclastic cone(s),Basalt / Picro-Basalt,,Rift zone | Continental crust (> 25 km),2,11,2596,89711,3250 BCE,3250 BCE ± 500 years - Unknown,,
327120,Zuni-Bandera,Cluster,Volcanic field,Basalt / Picro-Basalt,,Rift zone | Continental crust (> 25 km),18,18,246,54738,1170 BCE,1170 BCE ± 300 years - Unknown || 8710 BCE ± 300 years - Unknown,,
327812,Red Hill-Quemado,Cluster,Volcanic field,Basalt / Picro-Basalt,,Rift zone | Continental crust (> 25 km),,,,,9450 BCE,9450 BCE ± 400 years - Unknown || 9700 BCE ± 450 years - Unknown || 9850 BCE ± 500 years - Unknown,,
328010,Dotsero,Minor (Basaltic),Maar | Pyroclastic cone(s),Basalt / Picro-Basalt,,Rift zone | Continental crust (> 25 km),725,4821,30534,182405,2200 BCE,2200 BCE ± 300 years - Unknown,,
329010,Uinkaret Field,Cluster,Volcanic field,Trachybasalt / Tephrite Basanite,Basalt / Picro-Basalt,Rift zone | Continental crust (> 25 km),92,92,170,149617,1100 CE,1100 ± 75 years - Unknown,,
329020,San Francisco Volcanic Field,Cluster,Volcanic field | Pyroclastic cone | Fissure vent,Basalt / Picro-Basalt | Trachyandesite / Basaltic Trachyandesite | Trachyte / Trachydacite | Dacite | Rhyolite,,Rift zone | Continental crust (> 25 km),23157,23157,70472,190983,1075 CE,1075 ± 25 years - Unknown,,
331005,West Valley Segment,Cluster,Fissure vent | Submarine,,,Rift zone | Intermediate crust (15-25 km),,,,,Unknown - Unrest / Holocene,,,
331010,Endeavour Segment,Cluster,Fissure vent(s) | Submarine,Basalt / Picro-Basalt,,Rift zone | Oceanic crust (< 15 km),0,0,0,0,3490 BCE,3490 BCE (?) - Unknown || 6930 BCE (?) - Unknown,,
331011,Cobb Segment,Cluster,Fissure vent(s) | Submarine,Basalt / Picro-Basalt,,Rift zone | Oceanic crust (< 15 km),0,0,0,0,1180 BCE,1180 BCE (?) - Unknown,,
331020,CoAxial Segment,Cluster,Fissure vent(s) | Submarine,Basalt / Picro-Basalt,,Rift zone | Oceanic crust (< 15 km),0,0,0,0,1993 CE,1993 Jun 26 - 1993 Jul 4 (?) || 1986 Jul 2 ± 5 years ± 182 days - Unknown,,
331021,Axial Seamount,Cluster,Fissure vent(s) | Caldera | Submarine,Basalt / Picro-Basalt,,Rift zone | Oceanic crust (< 15 km),0,0,0,0,2015 CE,2015 Apr 23 - 2015 May 24 ± 1 days || 2011 Apr 6 - 2011 Apr 12 || 1998 Jan 25 - 1998 Feb 5 (?) || 1976 Jan 1 ± 6 years - 1982 Jan 1 (in or before) || 1650 ± 117 years - Unknown || 1400 ± 71 years - Unknown || 1300 ± 91 years - Unknown || 1260 ± 72 years - Unknown || 1230 ± 76 years - Unknown || 1000 ± 98 years - Unknown || 0800 ± 107 years - Unknown || 0410 ± 123 years - Unknown,,
331030,Cleft Segment,Cluster,Fissure vent(s) | Submarine,Basalt / Picro-Basalt,,Rift zone | Oceanic crust (< 15 km),0,0,0,0,1986 CE,1986 Aug 16 (?) ± 15 days - Unknown || 1982 Jul 2 (in or before) ± 182 days - Unknown || 0270 BCE (?) - Unknown,,
331031,North Gorda Ridge Segment,Cluster,Fissure vent(s) | Submarine,Basalt / Picro-Basalt,,Rift zone | Oceanic crust (< 15 km),0,0,0,0,1996 CE,1996 Feb 28 (?) - 1996 Mar 15 (?) || 3020 BCE (?) - Unknown || 4840 BCE (?) - Unknown,,
331032,Jackson Segment,Cluster,Fissure vent(s) | Submarine,,,Rift zone | Oceanic crust (< 15 km),,,,,Unknown - Unrest / Holocene,,,
331040,Escanaba Segment,Cluster,Fissure vent(s) | Submarine,Basalt / Picro-Basalt,,Rift zone | Oceanic crust (< 15 km),0,0,0,0,2260 BCE,2260 BCE (?) - Unknown,,
331060,East Blanco Depression,Cluster,Fissure vent | Submarine,,,Rift zone | Intermediate crust (15-25 km),,,,,Unknown - Unrest / Holocene,,,
332000,Kama'ehuakanaloa,Shield,Shield | Caldera | Lava cone(s) | Submarine,Basalt / Picro-Basalt,Trachybasalt / Tephrite Basanite,Intraplate | Oceanic crust (< 15 km),0,0,0,105623,1996 CE,1996 Feb 25 ± 30 days - 1996 Aug 9 (?) || 1986 Sep 20 - 1986 Sep 20 || 1984 Nov 11 - 1985 Jan 21 || 1975 Aug 24 (?) - 1975 Nov 16 ± 15 days || 1971 Sep 17 - 1972 Sep 16 ± 15 days || 0050 BCE ± 3000 years - Unknown || 5050 BCE ± 5000 years - Unknown || 7050 BCE ± 7000 years - Unknown,,
332010,K&imacr;lauea,Shield,Shield | Caldera | Pyroclastic cone(s),Basalt / Picro-Basalt,,Intraplate | Oceanic crust (< 15 km),3122,3122,8495,169550,2026 CE,2024 Dec 23 - 2026 Mar 25 (continuing) || 2024 Sep 15 - 2024 Sep 20 || 2024 Jun 3 - 2024 Jun 3 || 2021 Sep 29 - 2022 Dec 9 || 2023 Jan 5 - 2023 Mar 7 || 2023 Jun 7 - 2023 Jun 19 || 2023 Sep 10 - 2023 Sep 16 || 2020 Dec 20 - 2021 May 23 || 1983 Jan 3 - 2018 Sep 5 || 1982 Sep 25 - 1982 Sep 26 || 1982 Apr 30 - 1982 May 1 || 1980 Mar 11 - 1980 Mar 11 || 1979 Nov 16 - 1979 Nov 17 || 1977 Sep 13 - 1977 Oct 1 || 1975 Nov 29 - 1975 Nov 29 || 1974 Dec 31 - 1974 Dec 31 || 1969 Feb 22 - 1969 Feb 28 || 1969 May 24 - 1974 Jul 22 || 1971 Aug 14 - 1971 Aug 14 || 1971 Sep 24 - 1971 Sep 29 || 1973 May 5 - 1973 May 5 || 1973 Nov 10 - 1973 Dec 9 || 1974 Jul 19 - 1974 Jul 22 || 1974 Sep 19 - 1974 Sep 19 || 1967 Nov 5 - 1968 Jul 13 || 1968 Aug 22 - 1968 Aug 26 || 1968 Oct 7 - 1968 Oct 22 || 1965 Dec 24 - 1965 Dec 25 || 1965 Mar 5 - 1965 Mar 15 || 1963 Aug 21 - 1963 Aug 23 || 1963 Oct 5 - 1963 Oct 6 || 1962 Dec 7 - 1962 Dec 9 || 1961 Jul 10 - 1961 Jul 17 || 1961 Sep 22 - 1961 Sep 24 || 1961 Feb 24 - 1961 Feb 24 || 1961 Mar 3 - 1961 Mar 25 || 1959 Nov 14 - 1959 Dec 19 || 1960 Jan 13 - 1960 Feb 19 || 1955 Feb 28 - 1955 May 26 || 1954 May 31 - 1954 Jun 3 || 1952 Jun 27 - 1952 Nov 10 || 1934 Sep 6 - 1934 Oct 8 || 1931 Dec 23 - 1932 Jan 5 || 1930 Nov 19 - 1930 Dec 7 || 1929 Jul 25 - 1929 Jul 28 || 1929 Feb 20 - 1929 Feb 21 || 1927 Jul 7 - 1927 Jul 20 || 1924 May 10 - 1924 May 27 || 1924 Jul 19 - 1924 Jul 29 || 1906 Dec 2 - 1924 Feb 16 ± 15 days || 1918 Feb 23 - 1918 Mar 9 || 1919 Feb 7 - 1919 Nov 28 || 1919 Dec 21 - 1920 Jul 30 || 1921 Mar 18 - 1921 Mar 25 || 1922 May 28 - 1922 May 30 || 1923 Aug 25 - 1923 Aug 25 || 1905 Feb 22 - 1906 Apr 16 ± 15 days || 1903 Nov 25 - 1904 Jan 10 || 1902 Jun 3 - 1903 Mar 5 ± 5 days || 1902 Feb 14 (on or before) - 1902 Feb 16 ± 15 days || 1897 Jun 24 - 1897 Jun 27 || 1896 Jul 11 - 1896 Sep 25 ± 5 days || 1896 Jan 3 - 1896 Jan 28 || 1823 Feb 16 ± 15 days - 1823 Jul 16 ± 15 days || 1823 Aug 16 (on or before) ± 15 days - 1894 Dec 6 || 1832 Jan 9 - 1832 Jan 10 || 1840 May 30 - 1840 Jun 25 || 1868 Apr 2 (?) - Unknown || 1877 May 4 - 1877 May 4 || 1884 Jan 22 - 1884 Jan 22 || 1820 Jul 2 (?) ± 182 days - Unknown || 1790 Nov (?) - Unknown || 1790 (?) - Unknown || 1750 (?) - Unknown || 1700 ± 25 years - Unknown || 1650 ± 50 years - Unknown || 1610 ± 50 years - Unknown || 1510 ± 50 years - Unknown || 1500 (?) - Unknown || 1490 ± 16 years - Unknown || 1460 ± 50 years - Unknown || 1410 (?) - 1470 (?) || 1340 ± 40 years - Unknown || 1140 ± 75 years - Unknown || 1050 ± 75 years - Unknown || 0900 ± 50 years - Unknown || 0850 ± 150 years - Unknown || 0680 ± 75 years - Unknown || 0540 ± 200 years - Unknown || 0450 (in or before) - Unknown || 0420 ± 20 years - Unknown || 0150 ± 300 years - Unknown || 0050 BCE ± 150 years - Unknown || 0200 BCE ± 150 years - Unknown || 0270 BCE ± 75 years - Unknown || 0410 BCE ± 100 years - Unknown || 0800 BCE (?) - Unknown || 1550 BCE (?) - Unknown || 1650 BCE (?) - Unknown || 2080 BCE (?) - Unknown || 2200 BCE ± 500 years - Unknown || 2850 BCE (?) - Unknown || 3300 BCE (?) - Unknown || 4650 BCE (?) - Unknown,,
332020,Mauna Loa,Shield,Shield | Caldera | Pyroclastic cone(s),Basalt / Picro-Basalt,,Intraplate | Oceanic crust (< 15 km),45,45,1906,175315,2022 CE,2022 Nov 27 - 2022 Dec 10 || 1984 Mar 25 - 1984 Apr 15 || 1975 Jul 5 - 1975 Jul 6 || 1950 Jun 1 - 1950 Jun 23 || 1949 Jan 6 - 1949 May 31 || 1942 Apr 26 - 1942 May 10 || 1940 Apr 7 - 1940 Aug 18 || 1935 Nov 21 - 1936 Jan 2 || 1933 Dec 2 - 1933 Dec 18 || 1926 Apr 10 - 1926 Apr 28 (?) || 1919 Sep 26 - 1919 Nov 5 (?) || 1916 May 19 - 1916 May 30 || 1914 Nov 25 - 1915 Jan 11 || 1907 Jan 9 - 1907 Jan 24 (on or after) || 1903 Sep 1 - 1903 Dec 7 (?) || 1899 Jul 1 - 1899 Jul 23 || 1896 Apr 21 - 1896 May 6 || 1892 Nov 30 - 1892 Dec 3 || 1887 Jan 16 - 1887 Jan 28 (?) || 1880 Nov 5 - 1881 Aug 10 || 1880 May 1 - 1880 May 6 || 1879 Mar 9 - 1879 Mar 9 (?) || 1877 Feb 14 - 1877 Feb 24 || 1876 Feb 13 - 1876 Feb 14 (?) || 1875 Aug 11 - 1875 Aug 18 (?) || 1875 Jan 10 - 1875 Feb 9 (?) || 1873 Apr 20 - 1874 Oct 19 (?) || 1873 Jan 6 - 1873 Jan 7 (?) || 1872 Aug 9 - 1872 Sep 16 ± 15 days || 1871 Aug 10 - 1871 Aug 30 (?) || 1870 Jan 1 (?) - 1870 Jan 15 (?) || 1868 Mar 27 - 1868 Apr 22 || 1865 Dec 30 - 1866 Apr 29 (?) || 1859 Jan 23 - 1859 Nov 25 || 1855 Aug 11 - 1856 Nov 16 ± 15 days || 1852 Feb 17 - 1852 Mar 11 (?) || 1851 Aug 8 - 1851 Aug 11 ± 1 days || 1849 May 16 ± 15 days - Unknown || 1843 Jan 9 - 1843 Apr 10 (?) || 1832 Jun 20 - 1832 Jul 15 ± 7 days || 1750 (?) - Unknown || 1730 (?) - Unknown || 1685 (?) - Unknown || 1680 (?) - Unknown || 1650 (?) - Unknown || 1640 (?) - Unknown || 1540 (?) - Unknown || 1510 (?) - Unknown || 1500 (?) - Unknown || 1470 (?) - Unknown || 1440 (?) - Unknown || 1390 (?) - Unknown || 1370 (?) - Unknown || 1360 (?) - Unknown || 1310 (?) - Unknown || 1190 (?) - Unknown || 1170 (?) - Unknown || 1130 (?) - Unknown || 1070 (?) - Unknown || 1040 (?) - Unknown || 0940 (?) - Unknown || 0830 (?) - Unknown || 0810 (?) - Unknown || 0680 (?) - Unknown || 0630 (?) - Unknown || 0600 (?) - Unknown || 0550 (?) - Unknown || 0480 (?) - Unknown || 0450 (?) - Unknown || 0350 (?) - Unknown || 0300 (?) - Unknown || 0200 (?) - Unknown || 0150 (?) - Unknown || 0100 (?) - Unknown || 0050 (?) - Unknown || 0030 BCE (?) - Unknown || 0060 BCE (?) - Unknown || 0080 BCE (?) - Unknown || 0200 BCE (?) - Unknown || 0300 BCE (?) - Unknown || 0400 BCE (?) - Unknown || 0500 BCE (?) - Unknown || 0600 BCE (?) - Unknown || 0950 BCE (?) - Unknown || 1300 BCE (?) - Unknown || 1650 BCE (?) - Unknown || 1700 BCE (?) - Unknown || 1750 BCE (?) - Unknown || 1800 BCE (?) - Unknown || 1900 BCE (?) - Unknown || 2000 BCE (?) - Unknown || 2050 BCE (?) - Unknown || 2150 BCE (?) - Unknown || 2250 BCE (?) - Unknown || 2350 BCE (?) - Unknown || 2750 BCE (?) - Unknown || 3250 BCE (?) - Unknown || 3350 BCE (?) - Unknown || 3750 BCE (?) - Unknown || 4250 BCE (?) - Unknown || 5350 BCE (?) - Unknown || 5650 BCE (?) - Unknown || 5850 BCE (?) - Unknown || 6250 BCE (?) - Unknown || 6550 BCE (?) - Unknown || 6650 BCE (?) - Unknown || 7150 BCE (?) - Unknown || 7350 BCE (?) - Unknown || 7550 BCE (?) - Unknown || 7850 BCE (?) - Unknown || 8050 BCE (?) - Unknown,,
332030,Mauna Kea,Shield,Shield | Pyroclastic cone(s),Basalt / Picro-Basalt | Trachyandesite / Basaltic Trachyandesite | Trachybasalt / Tephrite Basanite,,Intraplate | Oceanic crust (< 15 km),126,126,9950,166888,2460 BCE,2460 BCE ± 100 years - Unknown || 2540 BCE ± 200 years - Unknown || 2750 BCE ± 200 years - Unknown || 3370 BCE ± 150 years - Unknown || 3680 BCE ± 200 years - Unknown || 5150 BCE ± 150 years - Unknown,,
332040,Hualalai,Shield,Shield | Pyroclastic cone(s),Basalt / Picro-Basalt,Trachybasalt / Tephrite Basanite | Trachyte / Trachydacite,Intraplate | Oceanic crust (< 15 km),35906,35906,46959,166240,1801 CE,1800 Jul 2 ± 182 days - 1801 Jul 2 ± 182 days || 1784 ± 7 years - Unknown || 1650 ± 50 years - Unknown || 1240 ± 150 years - Unknown || 1150 (?) - Unknown || 1050 ± 100 years - Unknown || 0920 ± 50 years - Unknown || 0770 ± 200 years - Unknown || 0080 BCE ± 75 years - Unknown || 0350 BCE ± 75 years - Unknown || 0400 BCE ± 75 years - Unknown || 0440 BCE ± 50 years - Unknown || 0720 BCE ± 75 years - Unknown || 1080 BCE ± 200 years - Unknown || 1150 BCE ± 75 years - Unknown || 1650 BCE ± 200 years - Unknown || 2040 BCE ± 75 years - Unknown || 2440 BCE ± 75 years - Unknown || 2770 BCE ± 75 years - Unknown || 4410 BCE ± 100 years - Unknown || 6820 BCE ± 200 years - Unknown || 7540 BCE ± 200 years - Unknown,,
332060,Haleakala,Shield,Shield | Pyroclastic cone(s),Basalt / Picro-Basalt | Trachybasalt / Tephrite Basanite,,Intraplate | Oceanic crust (< 15 km),26074,26074,65398,157582,1750 CE,1750 (?) - Unknown || 1460 ± 75 years - Unknown || 1420 ± 100 years - Unknown || 1360 ± 100 years - Unknown || 1350 ± 150 years - Unknown || 1200 ± 75 years - Unknown || 1080 ± 40 years - Unknown || 1020 ± 50 years - Unknown || 1010 ± 40 years - Unknown || 0990 ± 50 years - Unknown || 0980 ± 50 years - Unknown || 0910 ± 40 years - Unknown || 0790 ± 50 years - Unknown || 0080 ± 40 years - Unknown || 0290 BCE (?) - Unknown || 0390 BCE ± 40 years - Unknown || 0580 BCE ± 50 years - Unknown || 1140 BCE ± 30 years - Unknown || 1240 BCE (?) - Unknown || 1310 BCE (?) - Unknown || 1800 BCE ± 50 years - Unknown || 1850 BCE (?) - Unknown || 1900 BCE ± 50 years - Unknown || 1940 BCE ± 40 years - Unknown || 2120 BCE ± 50 years - Unknown || 2210 BCE ± 40 years - Unknown || 2260 BCE ± 40 years - Unknown || 2470 BCE ± 50 years - Unknown || 2580 BCE ± 40 years - Unknown || 3070 BCE ± 40 years - Unknown || 4760 BCE ± 40 years - Unknown || 5860 BCE ± 40 years - Unknown || 6030 BCE ± 40 years - Unknown || 6220 BCE ± 50 years - Unknown || 6700 BCE ± 100 years - Unknown || 6760 BCE ± 40 years - Unknown || 7210 BCE (?) - Unknown || 7450 BCE ± 300 years - Unknown || 7570 BCE ± 75 years - Unknown || 7950 BCE ± 200 years - Unknown,,
333010,Teahitia,Composite,Compound | Submarine,Trachybasalt / Tephrite Basanite | Basalt / Picro-Basalt,,Intraplate | Oceanic crust (< 15 km),0,0,0,203248,1985 CE,1985 Jan 10 - 1985 Jan 25 || 1983 Dec 18 - 1984 Jul 14 || 1983 Jul 12 - 1983 Jul 26 || 1982 Mar 16 - 1982 May 19,,
333020,Rocard,Composite,Cone | Submarine,Trachyte / Trachydacite | Basalt / Picro-Basalt,,Intraplate | Oceanic crust (< 15 km),0,0,0,64007,1972 CE,1972 Jul 4 - 1972 Jul 19 || 1971 Sep 6 - Unknown || 1966 Mar 9 - 1966 Mar 20,,
333030,Moua Pihaa,Composite,Stratovolcano | Submarine,Trachybasalt / Tephrite Basanite,,Intraplate | Oceanic crust (< 15 km),0,0,0,17065,1970 CE,1970 Jun 21 - 1970 Jun 23 || 1969 Apr 22 - 1969 Apr 29,,
333040,Mehetia,Composite,Stratovolcano | Pyroclastic cone(s),Trachybasalt / Tephrite Basanite | Basalt / Picro-Basalt,Phono-tephrite /  Tephri-phonolite,Intraplate | Oceanic crust (< 15 km),114,114,114,114,Unknown - Evidence Credible,1981 Mar 5 - 1981 Dec 16 ± 15 days,,
333050,Adams Seamount,Minor,Lava dome | Submarine,Basalt / Picro-Basalt | Trachybasalt / Tephrite Basanite | Trachyte / Trachydacite,Trachyandesite / Basaltic Trachyandesite | Andesite / Basaltic Andesite,Intraplate | Oceanic crust (< 15 km),0,0,0,44,50 BCE,0050 BCE ± 1000 years - Unknown || 1050 BCE ± 1000 years - Unknown || 4050 BCE ± 2000 years - Unknown || 5050 BCE ± 1000 years - Unknown,,
333060,Macdonald,Shield,Shield | Submarine,Basalt / Picro-Basalt | Trachybasalt / Tephrite Basanite,Trachyandesite / Basaltic Trachyandesite,Intraplate | Oceanic crust (< 15 km),0,0,0,0,1989 CE,1987 Jun 4 - 1989 Jan 28 (on or after) || 1986 May 16 - 1986 Aug 2 || 1983 Oct 27 - 1984 Jan 3 || 1983 Mar 14 - 1983 May 21 || 1982 Mar 1 - 1982 Jun 6 || 1980 Nov 10 - 1981 Feb 15 || 1980 Feb 12 - 1980 Feb 13 || 1979 Sep 30 - 1979 Sep 30 || 1977 Dec 10 - 1977 Dec 15 || 1967 May 29 - 1967 May 29 || 1936 Jul 2 ± 182 days - Unknown || 1928 Jul 2 ± 182 days - Unknown,,
334020,Northern EPR at 17°N,Cluster,Fissure vent(s) | Submarine,Basalt / Picro-Basalt,,Rift zone | Oceanic crust (< 15 km),0,0,0,0,50 BCE,0050 BCE ± 1000 years - Unknown,,
334021,Northern EPR at 16°N,Cluster,Fissure vent(s) | Submarine,Basalt / Picro-Basalt,,Rift zone | Oceanic crust (< 15 km),0,0,0,0,50 BCE,0050 BCE ± 1000 years - Unknown,,
334040,Northern EPR at 10.7°N,Cluster,Fissure vent(s) | Submarine,Basalt / Picro-Basalt,,Intraplate | Oceanic crust (< 15 km),0,0,0,0,2003 CE,2003 May 31 (?) ± 30 days - 2003 Oct 15 ± 21 days,,
334050,Northern EPR at 9.8°N,Cluster,Fissure vent(s) | Submarine,Basalt / Picro-Basalt,,Rift zone | Oceanic crust (< 15 km),0,0,0,0,2025 CE,2025 Apr 28 - 2025 Apr 29 || 2005 Aug 16 (?) ± 15 days - 2006 Jan 16 (?) ± 15 days || 1991 Dec 1 ± 29 days - 1991 Dec 2 ± 29 days || 1992 Feb 4 ± 29 days - 1992 Feb 5 ± 29 days || 1991 Jan 27 ± 29 days - 1991 Mar 26 ± 29 days || 1988 Jul 2 ± 546 days - Unknown || 1950 Jul 2 (?) ± 182 days - Unknown || 1875 Jul 2 (in or before) ± 182 days - Unknown || 1650 ± 100 years - Unknown || 1600 ± 150 years - Unknown || 1200 ± 300 years - Unknown || 0950 ± 2000 years - Unknown || 0850 ± 200 years - Unknown || 0050 BCE ± 2000 years - Unknown || 1050 BCE ± 2000 years - Unknown || 2050 BCE ± 2000 years - Unknown || 3050 BCE ± 2000 years - Unknown || 4050 BCE ± 2000 years - Unknown || 5050 BCE ± 8000 years - Unknown,,
334070,Galápagos Rift at 86°W,Cluster,Fissure vent(s) | Submarine,Basalt / Picro-Basalt,,Rift zone | Oceanic crust (< 15 km),0,0,0,0,1996 CE,1996 Jul 2 ± 6 years ± 182 days - Unknown || 1972 Jun 29 ± 1 days - Unknown,,
334100,Southern EPR at 8°S,Cluster,Fissure vent(s) | Submarine,Basalt / Picro-Basalt,,Rift zone | Oceanic crust (< 15 km),0,0,0,0,1969 CE,1964 Jul 2 (?) ± 182 days - 1969 Jul 2 (?) ± 182 days,,
334120,Southern EPR at 17.5°S (Segment K),Cluster,Fissure vent(s) | Submarine,Basalt / Picro-Basalt,,Rift zone | Oceanic crust (< 15 km),0,0,0,0,1990 CE,1990 Jul 2 ± 2 years ± 182 days - Unknown || 1965 Jul 2 (?) ± 182 days - Unknown || 1930 Jul 2 (?) ± 182 days - Unknown || 1840 Jul 2 (?) ± 182 days - Unknown || 1625 (?) - Unknown,,
334130,Southern EPR at 18.2°S (Segment J),Cluster,Fissure vent(s) | Submarine,Basalt / Picro-Basalt,,Rift zone | Oceanic crust (< 15 km),0,0,0,0,1890 CE,1890 Jul 2 (?) ± 182 days - Unknown || 1820 Jul 2 (?) ± 182 days - Unknown,,
334140,Southern EPR at 18.5°S (Segment I),Cluster,Fissure vent(s) | Submarine,Basalt / Picro-Basalt,,Rift zone | Oceanic crust (< 15 km),0,0,0,0,1915 CE,1915 Jul 2 ± 40 years ± 182 days - Unknown || 1860 Jul 2 (?) ± 182 days - Unknown || 1620 (?) - Unknown,,
335020,Hollister Ridge,Cluster,Fissure vent | Submarine,No Data (checked),,Intraplate | Oceanic crust (< 15 km),0,0,0,0,Unknown - Evidence Uncertain,1991 Mar 11 - 1991 Mar 19,,
335030,Udintsev Transform,Cluster,Fissure vent | Submarine,No Data (checked),,Intraplate | Oceanic crust (< 15 km),0,0,0,0,Unknown - Evidence Uncertain,1990 Oct 29 - 1990 Nov 19,,
341000,Cerro Prieto,Minor,Lava dome,Dacite | Basalt / Picro-Basalt | Andesite / Basaltic Andesite | Rhyolite,,Rift zone | Continental crust (> 25 km),4506,15945,571710,1308761,Pleistocene,,,
341001,Pinacate,Cluster,Volcanic field | Pyroclastic cone(s) | Maar(s) | Tuff ring(s),Basalt / Picro-Basalt | Trachybasalt / Tephrite Basanite | Trachyandesite / Basaltic Trachyandesite | Trachyte / Trachydacite,Andesite / Basaltic Andesite,Subduction zone | Continental crust (> 25 km),92,92,408,62753,Unknown - Evidence Credible,1934 Dec 31 - 1935 Jan 2 (?) || 1928 Jun 9 - Unknown,,
341003,Isla San Luis,Minor (Silicic),Tuff cone | Lava dome(s) | Tuff ring(s),Rhyolite | Dacite | Andesite / Basaltic Andesite | Basalt / Picro-Basalt,Trachyandesite / Basaltic Trachyandesite,Rift zone | Continental crust (> 25 km),0,1,606,18532,1141 BCE,1141 BCE ± 203 years - Unknown || 1212 BCE ± 127 years - Unknown || 2647 BCE ± 128 years - Unknown,,
341004,Jaraguay Volcanic Field,Cluster,Volcanic field | Pyroclastic cone(s),Andesite / Basaltic Andesite | Trachyandesite / Basaltic Trachyandesite,,Rift zone | Continental crust (> 25 km),1933,1933,3141,21934,Unknown - Evidence Credible,,,
341005,Coronado,Composite,Stratovolcano,No Data (checked),,Rift zone | Continental crust (> 25 km),2,37,1096,17157,Pleistocene,,,
341006,,,,,,,,,,,,,missing:volcano_name; missing:volcano_types; missing:last_known_eruption,
341007,San Borja Volcanic Field,Cluster,Volcanic field | Pyroclastic cone(s),Andesite / Basaltic Andesite | Trachyandesite / Basaltic Trachyandesite,Basalt / Picro-Basalt,Rift zone | Continental crust (> 25 km),722,722,2558,45359,Unknown - Evidence Credible,,,
341011,Isla Tortuga,Shield,Shield | Caldera | Pyroclastic cone(s) | Tuff ring(s),Basalt / Picro-Basalt,Andesite / Basaltic Andesite,Rift zone | Continental crust (> 25 km),0,0,401,26978,Unknown - Evidence Credible,,,
341012,Comondú-La Purísima,Cluster,Volcanic field,Trachyandesite / Basaltic Trachyandesite | Andesite / Basaltic Andesite | Basalt / Picro-Basalt,,Rift zone | Continental crust (> 25 km),1033,1033,2365,43271,Unknown - Evidence Uncertain,,,
341020,Bárcena,Minor,Pyroclastic cone(s) | Lava dome(s),Trachyte / Trachydacite | Trachybasalt / Tephrite Basanite | Trachyandesite / Basaltic Trachyandesite | Rhyolite | Basalt / Picro-Basalt,,Rift zone | Oceanic crust (< 15 km),0,0,0,0,1953 CE,1952 Aug 1 - 1953 Feb 24 ± 4 days,,
341021,Socorro,Shield,Shield | Caldera | Lava dome(s) | Pyroclastic cone(s),Trachyte / Trachydacite | Rhyolite | Trachybasalt / Tephrite Basanite | Basalt / Picro-Basalt | Trachyandesite / Basaltic Trachyandesite,,Rift zone | Oceanic crust (< 15 km),0,0,0,0,1994 CE,1993 Jan 29 - 1994 Feb 24 ± 4 days || 1951 May 22 - 1951 May 22 || 1905 Jan 16 ± 15 days - Unknown || 1896 Jul 2 ± 182 days - Unknown || 1848 Jul 2 ± 182 days - Unknown || 3090 BCE ± 500 years - Unknown,,
341022,Durango Volcanic Field,Cluster,Volcanic field | Pyroclastic cone(s) | Maar(s),Trachybasalt / Tephrite Basanite | Basalt / Picro-Basalt,,Subduction zone | Continental crust (> 25 km),571282,571282,571282,797133,Unknown - Evidence Credible,,,
341023,Isla Isabel,Minor,Tuff cone(s) | Pyroclastic cone(s) | Maar,Basalt / Picro-Basalt | Trachybasalt / Tephrite Basanite,,Subduction zone | Continental crust (> 25 km),,,,,Pleistocene,,,
341024,Sangangüey,Composite,Stratovolcano | Pyroclastic cone(s),Andesite / Basaltic Andesite | Dacite | Basalt / Picro-Basalt | Trachybasalt / Tephrite Basanite | Trachyte / Trachydacite,,Subduction zone | Continental crust (> 25 km),101,7622,403964,993475,Unknown - Evidence Credible,1742 - Unknown,,
341030,Ceboruco,Composite,Stratovolcano | Caldera | Pyroclastic cone(s) | Lava dome(s),Andesite / Basaltic Andesite | Dacite,Rhyolite | Trachyandesite / Basaltic Trachyandesite | Trachyte / Trachydacite,Subduction zone | Continental crust (> 25 km),616,30319,93057,1282014,1875 CE,1870 Feb 21 - 1875 Jul 2 ± 182 days || 1567 - Unknown || 1542 - Unknown || 0930 ± 200 years - Unknown,,
341031,Mascota Volcanic Field,Cluster,Volcanic field | Pyroclastic cone(s),Andesite / Basaltic Andesite | Trachybasalt / Tephrite Basanite | Trachyandesite / Basaltic Trachyandesite,,Subduction zone | Continental crust (> 25 km),16293,16293,31760,1083467,Unknown - Evidence Credible,,,
341040,Colima,Composite,Stratovolcano(es) | Caldera(s) | Lava dome(s),Andesite / Basaltic Andesite,Dacite | Trachybasalt / Tephrite Basanite | Trachyandesite / Basaltic Trachyandesite | Basalt / Picro-Basalt,Subduction zone | Continental crust (> 25 km),76,746,303490,1494790,2019 CE,2019 May 11 - 2019 Jul 12 || 2013 Jan 6 - 2014 May 23 || 2014 Aug 26 - 2017 Mar 7 || 1997 Nov 22 - 2011 Jun 21 || 1994 Jul 21 - 1994 Jul 21 || 1991 Mar 1 - 1991 Oct 16 ± 15 days || 1988 Jun 15 ± 180 days - Unknown || 1987 Jul 2 - 1987 Jul 2 || 1985 Jul 2 ± 182 days - 1986 Jan 5 ± 4 days || 1983 Feb 11 - 1983 Feb 15 || 1977 Dec 16 ± 15 days - 1982 Jun 16 ± 15 days || 1975 Dec 11 (?) - 1976 Jun 20 || 1973 Jan 30 - Unknown || 1963 Jul 2 ± 182 days - 1970 Jul 2 ± 182 days || 1961 Jul 2 ± 182 days - 1962 Dec 1 ± 30 days || 1957 May 14 - 1960 Jul 2 ± 182 days || 1941 Apr 15 - Unknown || 1926 Jul 2 ± 4 years ± 182 days - 1931 Jul 2 (?) ± 182 days || 1913 Jan 17 - 1913 Jan 24 || 1908 Dec 18 - 1909 Jul 1 ± 30 days || 1904 Jul 2 ± 182 days - 1906 Jul 2 ± 182 days || 1903 Feb 15 - 1903 Aug 16 ± 15 days || 1903 Oct 30 - 1903 Oct 30 || 1893 Dec 4 - 1902 Jul 2 ± 182 days || 1891 Jul 16 ± 15 days - 1892 Jun 16 ± 15 days || 1890 Nov 18 - Unknown || 1889 Aug 9 - 1890 Feb 16 || 1887 Jul 2 ± 182 days - Unknown || 1885 Dec 26 - 1886 Oct 16 ± 15 days || 1882 Jul 2 ± 182 days - 1884 Jul 2 ± 182 days || 1880 Dec 1 ± 30 days - 1881 Apr 12 || 1879 Dec 23 - 1880 Apr 30 || 1875 Jul 2 ± 182 days - 1878 Jul 2 ± 182 days || 1874 Jun 12 - Unknown || 1872 Feb 26 - 1873 Mar 27 || 1870 Jul 2 ± 182 days - 1871 Jul 2 ± 182 days || 1869 Jun 12 - 1869 Aug 24 (on or after) || 1819 Jul 2 ± 182 days - Unknown || 1818 Feb 15 - 1818 Feb 16 (?) || 1806 Jul 2 ± 182 days - 1809 Jul 2 ± 182 days || 1804 Jul 2 ± 182 days - Unknown || 1795 Mar - 1795 Sep || 1794 Aug - Unknown || 1780 Nov 26 - Unknown || 1771 - Unknown || 1770 Mar 10 - 1770 Mar 12 || 1769 - Unknown || 1749 - Unknown || 1744 - Unknown || 1743 Oct 22 - Unknown || 1711 - Unknown || 1690 - Unknown || 1622 Jun 8 - 1622 Jun 9 || 1611 Apr 15 - 1613 || 1606 Nov 25 - 1606 Dec 13 (on or after) || 1602 - Unknown || 1590 Jan 14 - 1590 Jan 15 || 1585 Jan 10 - Unknown || 1576 - Unknown || 1560 - Unknown || 1519 - 1523 || 1110 ± 200 years - Unknown || 0730 ± 100 years - Unknown || 0540 ± 150 years - Unknown || 0650 BCE ± 200 years - Unknown || 1140 BCE (?) - Unknown || 1170 BCE ± 200 years - Unknown || 1320 BCE (?) - Unknown || 1450 BCE ± 100 years - Unknown || 1890 BCE ± 75 years - Unknown || 1940 BCE ± 300 years - Unknown || 2370 BCE ± 150 years - Unknown || 2800 BCE ± 100 years - Unknown || 3030 BCE ± 50 years - Unknown || 3180 BCE ± 100 years - Unknown || 3270 BCE (?) - Unknown || 3350 BCE ± 300 years - Unknown || 3510 BCE ± 200 years - Unknown || 3600 BCE ± 200 years - Unknown || 4110 BCE ± 100 years - Unknown || 4430 BCE ± 300 years - Unknown || 4500 BCE ± 200 years - Unknown || 4960 BCE ± 200 years - Unknown || 5880 BCE ± 200 years - Unknown || 6320 BCE ± 200 years - Unknown || 7420 BCE ± 500 years - Unknown || 7690 BCE ± 500 years - Unknown,,
341060,Michoacán-Guanajuato,Cluster,Volcanic field | Pyroclastic cone(s) | Shield(s) | Lava dome(s) | Maar(s),Andesite / Basaltic Andesite | Basalt / Picro-Basalt,Trachyandesite / Basaltic Trachyandesite | Trachybasalt / Tephrite Basanite | Dacite,Subduction zone | Continental crust (> 25 km),5783287,5783287,5783287,5783287,1952 CE,1943 Feb 20 - 1952 Feb 25 || 1759 Sep 29 - 1774 || 1050 ± 50 years - Unknown || 1140 BCE ± 865 years - Unknown || 1880 BCE ± 150 years - Unknown || 2050 BCE (?) - Unknown || 2750 BCE ± 200 years - Unknown || 4140 BCE ± 300 years - Unknown || 5940 BCE ± 335 years - Unknown || 6480 BCE ± 300 years - Unknown || 7350 BCE ± 300 years - Unknown,,
341061,Zitácuaro-Valle de Bravo,Cluster,Volcanic field | Caldera | Lava dome(s) | Pyroclastic cone(s) | Shield,Dacite | Andesite / Basaltic Andesite | Basalt / Picro-Basalt,Trachyandesite / Basaltic Trachyandesite | Trachybasalt / Tephrite Basanite,Subduction zone | Continental crust (> 25 km),231977,231977,490440,4838069,3050 BCE,3050 BCE ± 2000 years - Unknown,,
341062,Jocotitlán,Composite,Stratovolcano | Lava dome(s),Dacite | Andesite / Basaltic Andesite,,Subduction zone | Continental crust (> 25 km),7220,84108,630469,24986674,1270 CE,1270 ± 80 years - Unknown || 7740 BCE ± 85 years - Unknown,,
341070,Nevado de Toluca,Composite,Stratovolcano | Caldera | Lava dome(s),Andesite / Basaltic Andesite | Dacite,Trachyte / Trachydacite | Trachyandesite / Basaltic Trachyandesite,Subduction zone | Continental crust (> 25 km),126,1240,1626432,25247342,1350 BCE,1350 BCE (?) - Unknown,,
341080,Chichinautzin,Cluster,Volcanic field,Andesite / Basaltic Andesite | Trachyandesite / Basaltic Trachyandesite | Dacite | Basalt / Picro-Basalt,Trachybasalt / Tephrite Basanite,Subduction zone | Continental crust (> 25 km),584725,584725,4061942,28030794,399 CE,0399 ± 149 years - Unknown || 0203 ± 131 years - Unknown || 2238 BCE ± 1413 years - Unknown || 4250 BCE ± 75 years - Unknown || 5840 BCE ± 500 years - Unknown || 7340 BCE ± 1050 years - Unknown || 7370 BCE ± 300 years - Unknown || 7930 BCE ± 500 years - Unknown,,
341082,Iztaccíhuatl,Composite,Stratovolcano | Pyroclastic cone(s),Andesite / Basaltic Andesite | Dacite,Rhyolite | Basalt / Picro-Basalt | Trachyandesite / Basaltic Trachyandesite,Subduction zone | Continental crust (> 25 km),98,1343,1036172,27276280,Unknown - Evidence Credible,,,
341090,Popocatépetl,Composite,Stratovolcano(es) | Caldera | Pyroclastic cone(s) | Lava dome(s),Andesite / Basaltic Andesite | Dacite | Basalt / Picro-Basalt,Trachyandesite / Basaltic Trachyandesite,Subduction zone | Continental crust (> 25 km),325,2584,634054,26509510,2026 CE,2005 Jan 9 - 2026 Mar 18 (continuing) || 2004 May 26 - 2004 May 26 || 1996 Mar 5 - 2003 Nov 22 (?) || 1994 Dec 21 - 1995 Oct 5 || 1947 Jan 16 ± 15 days - 1947 Feb 16 ± 15 days || 1942 Jul 2 ± 182 days - 1943 Jul 2 ± 182 days || 1933 Jan 23 - Unknown || 1925 Jul 2 ± 182 days - 1927 Jul 2 (?) ± 182 days || 1923 Nov 27 - 1924 Mar 7 || 1919 Feb 19 (?) - 1922 Jul 2 ± 182 days || 1852 Jul 2 ± 182 days - Unknown || 1834 Jul 2 ± 182 days - Unknown || 1827 Jul 2 ± 182 days - Unknown || 1802 Jul 2 ± 182 days - 1804 Jul 2 ± 182 days || 1720 - Unknown || 1697 Oct 20 - Unknown || 1666 - 1667 || 1663 Oct 13 - 1665 Oct 19 || 1642 - Unknown || 1592 - 1594 Oct || 1590 - Unknown || 1580 - Unknown || 1571 - Unknown || 1548 - Unknown || 1542 - Unknown || 1539 - 1540 || 1530 - Unknown || 1528 - Unknown || 1519 Sep - 1523 (?) || 1518 - Unknown || 1512 - Unknown || 1509 - Unknown || 1504 - Unknown || 1488 - Unknown || 1363 - Unknown || 1354 - Unknown || 1345 - 1347 || 0823 Mar 1 ± 90 days - Unknown || 0250 (?) - Unknown || 0200 BCE ± 300 years - Unknown || 1890 BCE ± 75 years - Unknown || 2370 BCE ± 75 years - Unknown || 3700 BCE ± 300 years - Unknown || 5150 BCE (?) - Unknown || 6250 BCE ± 500 years - Unknown || 7150 BCE (?) - Unknown,,
341091,La Malinche,Composite,Stratovolcano | Lava dome(s) | Tuff cone(s),Andesite / Basaltic Andesite | Dacite,,Subduction zone | Continental crust (> 25 km),46,2769,2324232,8225539,1170 BCE,1170 BCE ± 50 years - Unknown || 5580 BCE ± 300 years - Unknown || 5870 BCE ± 100 years - Unknown || 6120 BCE ± 100 years - Unknown || 6310 BCE ± 75 years - Unknown || 6710 BCE ± 200 years - Unknown || 6890 BCE ± 500 years - Unknown,,
341092,Serdán-Oriental Volcanic Field,Cluster,Volcanic field | Tuff cone(s) | Lava dome(s),Rhyolite | Andesite / Basaltic Andesite | Dacite,Trachyandesite / Basaltic Trachyandesite | Basalt / Picro-Basalt,Subduction zone | Continental crust (> 25 km),93158,93158,211350,7672879,3920 BCE,3920 BCE ± 50 years - Unknown,,
341093,Los Humeros,Caldera,Caldera(s) | Lava dome(s) | Pyroclastic cone(s),Rhyolite | Andesite / Basaltic Andesite | Dacite | Basalt / Picro-Basalt,Trachyte / Trachydacite,Subduction zone | Continental crust (> 25 km),7461,27331,566898,5710131,4470 BCE,4470 BCE (?) - Unknown,,
341094,Los Atlixcos,Shield,Shield | Pyroclastic cone(s) | Lava dome(s),Basalt / Picro-Basalt | Andesite / Basaltic Andesite,Dacite,Subduction zone | Continental crust (> 25 km),5792,13732,115456,2971490,Pleistocene,,,
341095,Naolinco Volcanic Field,Cluster,Volcanic field | Pyroclastic cone(s),Basalt / Picro-Basalt | Andesite / Basaltic Andesite | Trachybasalt / Tephrite Basanite,Trachyandesite / Basaltic Trachyandesite | Trachyte / Trachydacite,Subduction zone | Continental crust (> 25 km),108824,108824,739767,4184323,1145 CE,1145 ± 95 years - Unknown || 1202 BCE ± 180 years - Unknown,,
341096,Cofre de Perote,Composite,Compound | Lava dome(s) | Pyroclastic cone(s),Andesite / Basaltic Andesite | Dacite,Basalt / Picro-Basalt | Trachybasalt / Tephrite Basanite | Trachyandesite / Basaltic Trachyandesite,Subduction zone | Continental crust (> 25 km),658,18638,885440,4907992,Pleistocene,,,
341097,La Gloria,Cluster,Volcanic field,Andesite / Basaltic Andesite | Trachyandesite / Basaltic Trachyandesite | Basalt / Picro-Basalt,Dacite,Subduction zone | Continental crust (> 25 km),108512,108512,290739,5697562,Pleistocene,,,
341098,Las Cumbres,Composite,Stratovolcano | Caldera | Lava dome(s),Andesite / Basaltic Andesite | Dacite | Rhyolite,,Subduction zone | Continental crust (> 25 km),113,1923,315004,6365085,Pleistocene,,,
341100,Pico de Orizaba,Composite,Stratovolcano | Caldera | Lava dome(s),Andesite / Basaltic Andesite | Dacite,Rhyolite | Trachyandesite / Basaltic Trachyandesite | Trachyte / Trachydacite,Subduction zone | Continental crust (> 25 km),413,4469,759747,5962920,1846 CE,1846 Jul 2 ± 182 days - Unknown || 1687 - Unknown || 1613 - Unknown || 1569 - 1589 || 1566 - Unknown || 1545 - 1555 (?) ± 10 years || 1533 - 1539 || 1351 - Unknown || 1260 ± 50 years - Unknown || 1187 - Unknown || 1175 - Unknown || 1157 - Unknown || 0220 ± 75 years - Unknown || 0140 ± 50 years - Unknown || 0090 ± 40 years - Unknown || 0040 ± 40 years - Unknown || 0780 BCE ± 60 years - Unknown || 1500 BCE ± 75 years - Unknown || 2110 BCE ± 100 years - Unknown || 2300 BCE ± 75 years - Unknown || 2500 BCE ± 75 years - Unknown || 2780 BCE ± 75 years - Unknown || 4690 BCE ± 300 years - Unknown || 6220 BCE ± 75 years - Unknown || 6710 BCE ± 150 years - Unknown || 7030 BCE ± 50 years - Unknown || 7530 BCE ± 40 years - Unknown,,
341110,San Martín,Composite,Volcanic field | Shield | Pyroclastic cone(s) | Maar(s),Trachybasalt / Tephrite Basanite | Basalt / Picro-Basalt,,Subduction zone | Continental crust (> 25 km),280,3581,259640,1645811,1796 CE,1932 Dec 31 ± 365 days - Unknown || 1838 Jul 2 ± 182 days - Unknown || 1797 - 1805 Jul 2 ± 182 days || 1794 May - 1796 || 1793 Mar 2 - 1793 Dec || 1664 Jan 15 (?) - Unknown || 1534 (?) - Unknown || 0890 ± 40 years - Unknown || 0480 ± 50 years - Unknown || 0380 ± 75 years - Unknown || 0120 ± 200 years - Unknown || 0150 BCE ± 300 years - Unknown || 0750 BCE ± 40 years - Unknown || 1320 BCE ± 300 years - Unknown || 2130 BCE ± 50 years - Unknown || 3440 BCE ± 50 years - Unknown,,
341120,El Chichón,Composite,Lava dome(s) | Tuff cone(s) | Explosion crater,Trachyandesite / Basaltic Trachyandesite,Trachybasalt / Tephrite Basanite | Andesite / Basaltic Andesite,Subduction zone | Continental crust (> 25 km),3759,11000,143015,3570632,1982 CE,1982 Mar 28 - 1982 Sep 11 || 1850 Jul 2 (?) ± 182 days - Unknown || 1360 ± 100 years - Unknown || 1190 ± 150 years - Unknown || 0780 ± 100 years - Unknown || 0590 ± 100 years - Unknown || 0480 ± 200 years - Unknown || 0190 ± 150 years - Unknown || 0020 BCE ± 50 years - Unknown || 0700 BCE ± 200 years - Unknown || 1340 BCE ± 150 years - Unknown || 2030 BCE ± 100 years - Unknown || 6510 BCE ± 75 years - Unknown,,
341130,Tacaná,Composite,Stratovolcano | Lava dome(s),Andesite / Basaltic Andesite | Trachyandesite / Basaltic Trachyandesite,Dacite | Basalt / Picro-Basalt,Subduction zone | Continental crust (> 25 km),3032,20932,598594,4523701,1986 CE,1986 Feb 16 ± 15 days - 1986 Jun 16 ± 15 days || 1949 Dec 22 - 1950 Jan 16 ± 15 days || 1878 Jul 2 ± 182 days - Unknown || 1855 Jan 12 - Unknown || 1030 ± 40 years - Unknown || 0070 ± 100 years - Unknown || 1080 BCE ± 150 years - Unknown || 4740 BCE ± 200 years - Unknown || 5720 BCE ± 200 years - Unknown || 5940 BCE ± 500 years - Unknown || 9450 BCE ± 150 years - Unknown,,
342020,Tajumulco,Composite,Stratovolcano | Compound,Dacite | Andesite / Basaltic Andesite,,Subduction zone | Continental crust (> 25 km),2398,71560,796805,5255535,Unknown - Evidence Credible,1863 Jul 2 ± 182 days - Unknown || 1821 Jul 2 ± 182 days - Unknown,,
342030,Santa María,Composite,Stratovolcano | Lava dome,Dacite | Andesite / Basaltic Andesite,Basalt / Picro-Basalt,Subduction zone | Continental crust (> 25 km),8675,119462,1259600,6197420,2026 CE,1922 Jun 22 - 2026 Mar 18 (continuing) || 1903 Jul 2 ± 182 days - 1913 Jul 2 ± 182 days || 1902 Oct 24 - 1902 Nov 12,,
342040,Almolonga,Composite,Stratovolcano | Caldera | Lava dome(s),Dacite | Andesite / Basaltic Andesite,Basalt / Picro-Basalt,Subduction zone | Continental crust (> 25 km),91323,287487,1126942,6828403,1818 CE,1818 Jan 16 - 1818 Jun 19 (on or after) || 1765 Oct 24 - 1765 Oct 25 || 0800 ± 50 years - Unknown,,
342060,Atitlán,Composite,Stratovolcano(es),Andesite / Basaltic Andesite | Rhyolite | Dacite,Basalt / Picro-Basalt,Subduction zone | Continental crust (> 25 km),2303,70431,664649,8029695,1853 CE,1856 Jul 2 ± 182 days - Unknown || 1853 May 3 - Unknown || 1852 Jul 2 ± 182 days - Unknown || 1843 Jul 16 ± 15 days - Unknown || 1837 Jun 16 ± 15 days - Unknown || 1833 Jul 2 ± 182 days - Unknown || 1827 Sep 1 - 1828 Jan 16 (?) ± 15 days || 1827 Mar 27 - Unknown || 1826 Nov 16 ± 15 days - Unknown || 1717 Aug 29 - 1721 || 1663 - Unknown || 1579 (?) - 1581 Dec 31 ± 30 days || 1505 (?) - Unknown || 1469 - Unknown || 1020 BCE ± 150 years - Unknown,,
342070,Tolimán,Composite,Stratovolcano(es) | Lava dome,Andesite / Basaltic Andesite,,Subduction zone | Continental crust (> 25 km),5641,67361,703786,8130714,Unknown - Evidence Credible,,,
342080,Acatenango,Composite,Stratovolcano(es),Andesite / Basaltic Andesite | Dacite,Basalt / Picro-Basalt,Subduction zone | Continental crust (> 25 km),4329,60730,1042836,7634778,1972 CE,1972 Nov 12 - 1972 Dec 16 ± 15 days || 1926 Aug 16 ± 15 days - 1927 May 19 || 1924 Dec 18 - 1925 Jun 7 || 1450 ± 50 years - Unknown || 0090 ± 100 years - Unknown || 0260 BCE ± 75 years - Unknown || 0370 BCE ± 200 years - Unknown || 2710 BCE ± 75 years - Unknown,,
342090,Fuego,Composite,Stratovolcano(es),Basalt / Picro-Basalt | Andesite / Basaltic Andesite,Trachyandesite / Basaltic Trachyandesite,Subduction zone | Continental crust (> 25 km),1373,54332,1016339,7677809,2026 CE,2002 Jan 4 - 2026 Mar 18 (continuing) || 1999 May 21 - 2000 Dec 9 (on or after) || 1987 Jan 5 ± 4 days - 1987 Feb 16 (?) ± 15 days || 1977 Sep 11 - 1979 Aug 8 || 1977 Mar 3 - 1977 Apr 19 || 1975 May 28 - 1975 Oct 21 || 1974 Oct 10 - 1974 Dec 4 || 1973 Feb 23 - 1973 Mar 23 || 1971 Sep 14 - 1971 Sep 15 || 1967 Apr 22 - 1967 Apr 24 || 1966 Aug 12 - 1966 Aug 13 || 1966 Feb 7 - 1966 May 1 || 1963 Sep 28 - 1963 Sep 30 || 1962 Aug 4 - 1962 Nov 9 || 1957 Feb 19 - 1957 Feb 21 (on or after) || 1955 Jul 26 ± 5 days - Unknown || 1953 Apr 9 - 1953 Apr 13 || 1949 Nov 16 ± 15 days - Unknown || 1947 Jul 2 ± 182 days - Unknown || 1944 Dec 1 ± 30 days - Unknown || 1932 Jan 21 - 1932 Jan 22 || 1896 Jan 10 - Unknown || 1880 Jun 28 - 1880 Aug 20 || 1867 Jul 2 ± 182 days - Unknown || 1861 Nov 21 - Unknown || 1860 Aug 18 - 1860 Sep 23 || 1857 Sep 17 - Unknown || 1857 Jan 15 - 1857 Feb 17 || 1856 Sep 29 - 1856 Sep 30 || 1856 Jan 9 - 1856 Mar 7 || 1855 Sep 29 - 1855 Sep 30 || 1852 Jul 2 ± 182 days - Unknown || 1850 Jul 2 ± 182 days - Unknown || 1829 Jul 2 ± 182 days - Unknown || 1826 Jul 2 ± 182 days - Unknown || 1799 - Unknown || 1773 - Unknown || 1765 - Unknown || 1751 - Unknown || 1737 Aug 27 - 1737 Sep 24 || 1732 May - Unknown || 1730 Sep - Unknown || 1717 Aug 27 - 1717 Dec 26 ± 5 days || 1710 Oct 14 - Unknown || 1709 Oct 14 - Unknown || 1706 Oct 4 - Unknown || 1705 Jan 31 - 1705 Feb 2 || 1702 Aug 4 - Unknown || 1699 - Unknown || 1689 - Unknown || 1686 - Unknown || 1685 Sep - Unknown || 1679 - Unknown || 1629 - 1632 || 1623 Jan - Unknown || 1620 - Unknown || 1617 - Unknown || 1614 - Unknown || 1587 Jul 24 - Unknown || 1586 Jun 3 ± 2 days - 1586 Dec || 1585 Jan 15 - 1585 Jul || 1581 Dec 5 - 1582 Jan 15 || 1577 - Unknown || 1576 - Unknown || 1575 - Unknown || 1571 Dec 25 - Unknown || 1565 - Unknown || 1559 Jan 16 - Unknown || 1557 Jan 15 - Unknown || 1551 - 1552 Mar 31 (on or after) || 1542 Jan 14 - Unknown || 1541 - Unknown || 1531 Dec 31 ± 30 days - Unknown || 1526 - Unknown || 1524 Apr 30 ± 30 days - 1524 Jul 15 ± 45 days || 0970 ± 50 years - Unknown || 0900 ± 75 years - Unknown || 0590 ± 75 years - Unknown || 1580 BCE ± 75 years - Unknown,,
342100,Agua,Composite,Stratovolcano,Andesite / Basaltic Andesite,Dacite,Subduction zone | Continental crust (> 25 km),9890,114404,2530449,7441660,Unknown - Evidence Credible,,,
342110,Pacaya,Composite,Complex,Basalt / Picro-Basalt | Dacite | Rhyolite | Andesite / Basaltic Andesite,Trachyandesite / Basaltic Trachyandesite,Subduction zone | Continental crust (> 25 km),4250,53579,2454482,7033094,2021 CE,2015 Jun 7 ± 1 days - 2016 Nov 1 ± 30 days || 2017 Jan 10 - 2017 Jun 30 (on or before) || 2017 Aug 11 - 2021 Aug 13 || 2014 Aug 25 - 2015 Feb 17 || 2013 Mar 5 - 2014 Apr 10 || 2006 Mar 9 - 2010 Oct 26 || 2004 Jul 19 (?) - 2005 Sep 11 || 2002 May 30 - 2002 Jun 17 (?) || 2001 Oct 31 - 2001 Oct 31 || 2000 Aug 16 ± 15 days - 2001 Jul 5 (?) || 1990 Jan 4 (?) - 2000 Mar 1 || 1965 Jul 4 - 1989 Mar 10 || 1961 Mar 11 - 1961 Apr 15 (?) || 1885 Dec 16 ± 15 days - Unknown || 1846 Feb 16 ± 15 days - Unknown || 1830 Jul 2 ± 182 days - Unknown || 1805 Jul 2 ± 182 days - Unknown || 1775 Jul 1 - 1775 Jul 23 (on or after) || 1760 - Unknown || 1717 - Unknown || 1699 Jun 29 - Unknown || 1693 - Unknown || 1690 - Unknown || 1687 Mar 26 - 1687 Mar 27 || 1678 Aug (?) - Unknown || 1677 Jul - Unknown || 1674 Jul - Unknown || 1671 Aug - Unknown || 1668 Aug - 1669 Jun 29 || 1664 - Unknown || 1655 Jul - Unknown || 1651 Feb 18 - 1651 Apr 13 || 1623 (?) - Unknown || 1565 Aug (?) - Unknown || 1360 ± 75 years - Unknown || 1160 ± 75 years - Unknown || 0880 ± 500 years - Unknown || 0400 ± 50 years - Unknown,,
342111,Cuilapa-Barbarena,Cluster,Volcanic field,Basalt / Picro-Basalt | Andesite / Basaltic Andesite,,Subduction zone | Continental crust (> 25 km),119602,119602,987252,6943297,Unknown - Evidence Credible,,,
342120,Tecuamburro,Composite,Stratovolcano | Lava dome(s) | Tuff ring,Andesite / Basaltic Andesite,Dacite,Subduction zone | Continental crust (> 25 km),1939,29560,313834,6874746,960 BCE,0960 BCE ± 75 years - Unknown,,
342121,Jumaytepeque,Composite,Stratovolcano | Pyroclastic cone(s),Basalt / Picro-Basalt,,Subduction zone | Continental crust (> 25 km),11369,79805,429177,7084813,Unknown - Evidence Uncertain,,,
342130,Moyuta,Composite,Stratovolcano | Lava dome(s) | Pyroclastic cone(s),Andesite / Basaltic Andesite,Dacite | Basalt / Picro-Basalt,Subduction zone | Continental crust (> 25 km),3457,15469,394687,7064437,Unknown - Evidence Credible,,,
342140,Flores,Cluster,Volcanic field,Basalt / Picro-Basalt,,Subduction zone | Continental crust (> 25 km),205145,205145,397357,7489933,Unknown - Evidence Credible,,,
342141,Tahual,Composite,Stratovolcano | Pyroclastic cone,Basalt / Picro-Basalt | Andesite / Basaltic Andesite,,Subduction zone | Continental crust (> 25 km),10052,49010,449894,7570087,Unknown - Evidence Credible,,,
342150,Cerro Santiago,Cluster,Volcanic field,Basalt / Picro-Basalt,,Subduction zone | Continental crust (> 25 km),226325,226325,405083,8210264,Unknown - Evidence Credible,,,
342160,Suchitán,Composite,Stratovolcano(es) | Pyroclastic cone(s) | Maar(s),Andesite / Basaltic Andesite | Basalt / Picro-Basalt | Dacite,,Subduction zone | Continental crust (> 25 km),4149,49376,421074,8257118,Unknown - Evidence Credible,1469 - Unknown,,
342170,Chingo,Composite,Stratovolcano | Shield | Pyroclastic cone(s) | Complex,Andesite / Basaltic Andesite | Basalt / Picro-Basalt,,Subduction zone | Continental crust (> 25 km),330595,330595,867678,7235923,Unknown - Evidence Credible,,,
342180,Ixtepeque,Cluster,Lava dome(s) | Pyroclastic cone(s),Rhyolite | Basalt / Picro-Basalt | Andesite / Basaltic Andesite,,Subduction zone | Continental crust (> 25 km),131906,131906,374232,8263727,Unknown - Evidence Credible,,,
342190,Ipala,Composite,Stratovolcano | Pyroclastic cone(s) | Lava dome(s),Basalt / Picro-Basalt,,Subduction zone | Continental crust (> 25 km),3381,25003,332154,6136659,Pleistocene,,,
342200,Chiquimula Volcanic Field,Cluster,Volcanic field | Pyroclastic cone(s) | Lava cone(s),Basalt / Picro-Basalt | Andesite / Basaltic Andesite,,Subduction zone | Continental crust (> 25 km),240892,240892,412617,3740914,Pleistocene,,,
343001,San Diego,Cluster,Volcanic field,Basalt / Picro-Basalt,,Subduction zone | Continental crust (> 25 km),130144,130144,316296,7169826,Pleistocene,,,
343002,Cerro Singüil,Cluster,Volcanic field | Pyroclastic cone(s) | Explosion crater(s),Basalt / Picro-Basalt,,Subduction zone | Continental crust (> 25 km),25874,156926,883616,6672302,Unknown - Evidence Credible,,,
343010,Apaneca Range,Composite,Stratovolcano(es) | Caldera | Lava dome(s),Basalt / Picro-Basalt | Andesite / Basaltic Andesite | Trachyandesite / Basaltic Trachyandesite | Dacite | Rhyolite,,Subduction zone | Continental crust (> 25 km),11141,151502,1113282,6215853,Unknown - Evidence Credible,,,
343020,Santa Ana,Composite,Stratovolcano | Caldera | Pyroclastic cone(s),Andesite / Basaltic Andesite | Trachyandesite / Basaltic Trachyandesite | Basalt / Picro-Basalt,Dacite | Rhyolite,Subduction zone | Continental crust (> 25 km),489,21653,1240131,6486880,2005 CE,2005 Jun 16 - 2005 Oct 1 (?) || 1954 Apr ± 600 days - Unknown || 1920 Nov 16 ± 15 days - Unknown || 1904 Jan 12 - 1904 Jan 26 (?) || 1884 Mar 9 - 1884 Mar 10 || 1882 Jul 2 ± 182 days - Unknown || 1880 Mar 16 ± 15 days - Unknown || 1879 Feb 1 ± 30 days - Unknown || 1878 Jul 2 ± 182 days - Unknown || 1874 Jul 2 ± 182 days - Unknown || 1734 Jun (on or before) - Unknown || 1722 Mar 12 - Unknown || 1621 - Unknown || 1576 - Unknown || 1570 (?) - Unknown || 1524 Apr 30 ± 30 days - Unknown || 1521 Dec 31 ± 365 days - Unknown || 1520 - Unknown,,
343030,Izalco,Composite,Stratovolcano,Andesite / Basaltic Andesite,Basalt / Picro-Basalt,Subduction zone | Continental crust (> 25 km),937,55665,1272308,6415818,1966 CE,1966 Oct 28 - 1966 Nov 16 ± 15 days || 1948 Nov 4 - 1957 Dec 1 ± 30 days || 1939 Feb 16 ± 15 days - 1948 Feb 16 ± 15 days || 1937 Jul 2 (?) ± 182 days - 1938 Jul 2 (?) ± 182 days || 1933 Nov 30 - 1934 Jan 12 (on or after) || 1931 Mar 31 ± 90 days - Unknown || 1930 Apr 16 ± 15 days - Unknown || 1927 Jul 2 ± 182 days - 1928 Jul 2 (?) ± 182 days || 1925 Dec 26 - 1927 Jan 16 ± 15 days || 1924 Mar 16 ± 15 days - Unknown || 1920 Oct 29 - 1921 Apr 10 || 1912 Jan 16 - 1916 Jan 26 || 1903 Nov 16 ± 15 days - 1905 Mar 16 ± 15 days || 1902 May 10 - 1902 Dec 30 || 1899 Dec 31 - 1900 Mar 16 ± 15 days || 1891 Jul 2 ± 182 days - 1898 Jul 16 ± 15 days || 1890 Mar 26 ± 5 days - 1890 Apr 20 || 1887 Jul 2 ± 182 days - 1889 Jul 2 ± 182 days || 1885 Jul 2 ± 182 days - Unknown || 1884 Mar 9 - 1884 Mar 10 || 1883 Sep 5 ± 4 days - 1883 Nov 13 || 1882 Jul 12 - Unknown || 1881 Jan 1 - Unknown || 1879 Dec 25 - 1880 Mar 16 ± 15 days || 1878 Jul 2 ± 182 days - Unknown || 1874 Jul 2 ± 182 days - 1875 Jul 2 ± 182 days || 1872 Dec 16 ± 15 days - 1873 Mar 19 (on or after) || 1870 May 19 - Unknown || 1869 Mar 1 (?) - 1869 Jun 18 (on or after) || 1868 Feb 16 - 1868 Feb 17 || 1867 Apr 16 ± 15 days - 1867 Aug 16 ± 15 days || 1866 Apr 27 - 1866 Aug 15 ± 5 days || 1864 May 15 ± 2 days - 1865 Jun 15 ± 5 days || 1863 Jul 2 ± 182 days - Unknown || 1859 Dec 8 - 1860 Jan 22 || 1858 Feb 6 - 1859 Jul 16 ± 15 days || 1857 Feb 15 - 1857 Feb 19 (on or after) || 1856 May 24 - 1856 Sep 1 ± 1 days || 1854 May 13 - 1854 Jun 8 || 1850 Jul 2 ± 182 days - Unknown || 1844 Jun 16 ± 15 days - 1844 Oct 16 ± 15 days || 1842 Jul 2 ± 182 days - Unknown || 1838 Jul 2 ± 182 days - 1840 Jul 2 ± 182 days || 1836 Jul 2 ± 182 days - Unknown || 1825 Jul 2 ± 182 days - Unknown || 1817 Jul 2 ± 182 days - Unknown || 1805 Jul 2 ± 182 days - 1807 Jul 2 ± 182 days || 1802 Jul 2 ± 182 days - 1803 Jul 2 ± 182 days || 1798 Apr - Unknown || 1793 Mar 29 - 1793 Sep || 1783 Jul (?) - Unknown || 1772 (?) - Unknown || 1770 Feb 23 - Unknown,,
343041,Coatepeque Caldera,Caldera,Caldera | Lava dome(s) | Pyroclastic cone(s),Rhyolite | Dacite | Andesite / Basaltic Andesite,Trachyandesite / Basaltic Trachyandesite | Basalt / Picro-Basalt,Subduction zone | Continental crust (> 25 km),616730,616730,1210307,6486011,Unknown - Evidence Credible,,,
343050,San Salvador,Composite,Stratovolcano | Caldera | Pyroclastic cone(s) | Maar(s),Andesite / Basaltic Andesite | Basalt / Picro-Basalt | Dacite,,Subduction zone | Continental crust (> 25 km),29514,800780,2857563,6366833,1917 CE,1917 Jun 7 - 1917 Nov 16 ± 15 days || 1806 Jul 2 ± 182 days - Unknown || 1658 Nov 3 - 1659 (?) || 1660 - 1670 || 1671 Aug (?) - 1671 Aug (on or after) || 1575 - Unknown || 1200 (?) - Unknown || 0640 Aug ± 30 years - Unknown,,
343051,Cerro Cinotepeque,Cluster,Volcanic field,No Data (checked),,Subduction zone | Continental crust (> 25 km),9831,60668,743867,6953850,Unknown - Evidence Credible,,,
343052,Guazapa,Composite,Stratovolcano | Pyroclastic cone(s),Basalt / Picro-Basalt,,Subduction zone | Continental crust (> 25 km),6492,94131,2488228,6800406,Pleistocene,,,
343060,Ilopango,Caldera,Caldera | Lava dome(s),Dacite | Andesite / Basaltic Andesite | Basalt / Picro-Basalt,Rhyolite,Subduction zone | Continental crust (> 25 km),2049583,2049583,2948989,6689160,1880 CE,1879 Dec 31 - 1880 Mar 26 ± 5 days || 0450 ± 30 years - Unknown,,
343070,San Vicente,Composite,Stratovolcano | Caldera | Lava dome,Andesite / Basaltic Andesite | Dacite | Basalt / Picro-Basalt,Rhyolite,Subduction zone | Continental crust (> 25 km),7505,103854,864425,6349950,Unknown - Evidence Credible,,,
343071,Apastepeque Field,Cluster,Volcanic field,Dacite | Andesite / Basaltic Andesite | Basalt / Picro-Basalt,,Subduction zone | Continental crust (> 25 km),377730,377730,687849,6372608,Pleistocene,,,
343072,Taburete,Composite,Stratovolcano,Basalt / Picro-Basalt | Andesite / Basaltic Andesite,,Subduction zone | Continental crust (> 25 km),11815,71829,581517,5543122,Unknown - Evidence Uncertain,,,
343080,Tecapa,Composite,Stratovolcano | Caldera | Pyroclastic cone(s),Andesite / Basaltic Andesite | Basalt / Picro-Basalt | Dacite,,Subduction zone | Continental crust (> 25 km),37337,80502,590144,5599535,Unknown - Evidence Credible,1878 Oct 2 - Unknown,,
343081,Usulután,Composite,Stratovolcano | Pyroclastic cone(s),Basalt / Picro-Basalt | Andesite / Basaltic Andesite,,Subduction zone | Continental crust (> 25 km),22940,154864,610124,5434637,Unknown - Evidence Credible,,,
343082,El Tigre,Composite,Stratovolcano | Pyroclastic cone(s),Basalt / Picro-Basalt | Andesite / Basaltic Andesite,,Subduction zone | Continental crust (> 25 km),24354,112718,786750,5456104,Unknown - Evidence Credible,,,
343090,Chinameca,Composite,Stratovolcano | Caldera | Pyroclastic cone,Andesite / Basaltic Andesite,,Subduction zone | Continental crust (> 25 km),14998,89206,824983,4897760,Unknown - Evidence Credible,,,
343100,San Miguel,Composite,Stratovolcano,Andesite / Basaltic Andesite | Basalt / Picro-Basalt,,Subduction zone | Continental crust (> 25 km),1232,63007,796482,3633885,2023 CE,2022 Nov 15 - 2023 May 27 || 2020 Feb 22 - 2020 Feb 22 || 2018 Jan 14 - 2018 Mar 4 ± 4 days || 2017 Jan 7 - 2017 Jan 7 || 2016 Jun 18 - 2016 Jun 18 || 2016 Jan 12 - 2016 Jan 18 || 2015 Aug 13 - 2015 Aug 13 || 2015 Jan 26 - 2015 Apr 11 || 2013 Dec 29 - 2014 Jul 28 || 2002 Jan 16 - 2002 Jan 16 || 1997 Dec 31 - Unknown || 1995 Jan 12 - 1995 Apr 19 || 1985 Nov 16 ± 15 days - 1986 Feb 16 (on or after) ± 15 days || 1976 Dec 2 - 1977 Mar 1 || 1970 Mar 30 - 1970 Apr 5 || 1967 Jan 5 - Unknown || 1966 Jul 16 ± 15 days - Unknown || 1966 Feb 22 - Unknown || 1965 Jun 14 - Unknown || 1964 Oct 23 - 1964 Nov 16 ± 15 days || 1954 Oct 21 - 1954 Oct 21 || 1939 May 16 ± 15 days - 1939 Jul 16 ± 15 days || 1936 Jul 2 (?) ± 182 days - Unknown || 1931 Mar 16 ± 15 days - 1931 Jun 16 ± 15 days || 1930 Jan 26 ± 5 days - Unknown || 1929 Aug 16 ± 15 days - Unknown || 1920 Aug 14 - 1925 Jul 2 ± 182 days || 1919 Dec 10 - 1920 Jan 16 ± 15 days || 1890 Jul 2 ± 182 days - 1891 Jul 2 ± 182 days || 1884 Jan 25 - 1884 Jan 28 ± 1 days || 1882 Dec 5 ± 4 days - Unknown || 1867 Dec 14 - 1868 Feb 16 (on or after) || 1862 Jan 16 ± 15 days - Unknown || 1857 Nov 16 ± 15 days - Unknown || 1855 Dec 16 ± 15 days - Unknown || 1854 Jul 2 ± 182 days - Unknown || 1844 Jul 25 - 1848 Jul 2 ± 182 days || 1819 Jul 18 - Unknown || 1811 Jul 2 ± 182 days - Unknown || 1798 (?) - Unknown || 1787 Sep 21 - 1787 Sep 23 || 1769 - Unknown || 1762 - Unknown || 1699 - Unknown || 1510 ± 5 years - Unknown,,
343101,Laguna Aramuaca,Minor,Maar,No Data (checked),,Subduction zone | Continental crust (> 25 km),15772,132109,699308,3009012,Unknown - Evidence Credible,,,
343130,Isla del Tigre,Composite,Stratovolcano,Basalt / Picro-Basalt,,Subduction zone | Continental crust (> 25 km),5000,9983,156692,2725661,Unknown - Evidence Credible,,,
343140,Isla Zacate Grande,Composite,Stratovolcano | Pyroclastic cone(s),Basalt / Picro-Basalt | Andesite / Basaltic Andesite,,Subduction zone | Continental crust (> 25 km),7059,11942,195736,3647832,Unknown - Evidence Credible,,,
343150,Lago Yojoa,Cluster,Volcanic field | Cone(s),Trachybasalt / Tephrite Basanite | Trachyandesite / Basaltic Trachyandesite | Trachyte / Trachydacite | Basalt / Picro-Basalt,,Subduction zone | Continental crust (> 25 km),123374,123374,279991,3336190,7638 BCE,7638 BCE ± 118 years - Unknown || 11073 BCE ± 173 years - Unknown,,
344010,Cosigüina,Composite,Stratovolcano | Caldera | Lava dome(s) | Maar,Andesite / Basaltic Andesite | Basalt / Picro-Basalt,,Subduction zone | Continental crust (> 25 km),143,4114,18876,2179830,1859 CE,1859 Aug 25 - Unknown || 1852 Dec 16 ± 15 days - Unknown || 1835 Jan 20 - 1835 Jan 25 (?) || 1809 Mar 28 - 1809 Mar 31 ± 1 days || 1709 (?) - Unknown || 1609 - Unknown || 1500 (?) - Unknown,,
344020,San Cristóbal,Composite,Stratovolcano | Lava dome(s) | Pyroclastic cone(s),Basalt / Picro-Basalt | Andesite / Basaltic Andesite | Dacite,,Subduction zone | Continental crust (> 25 km),208,7876,351227,2002579,2024 CE,2024 Jun 7 - 2024 Jun 7 || 2023 Jul 5 - 2023 Jul 5 || 2020 Dec 27 (?) - 2022 Jun 26 || 2019 Mar 4 - 2019 Mar 4 || 2018 Apr 22 - 2018 Apr 22 || 2017 Aug 18 - 2017 Aug 19 || 2017 Nov 7 - 2017 Nov 11 || 2017 Feb 18 - 2017 Apr 19 || 2016 Apr 22 - 2016 Apr 22 || 2015 Mar 5 - 2015 Mar 5 || 2015 Jun 6 - 2015 Jun 12 || 2014 Jul 20 - 2014 Oct 1 || 2014 Feb 4 - 2014 Apr 12 || 2013 Jun 7 - 2013 Jun 7 || 2012 Dec 26 - 2012 Dec 28 || 2012 Sep 8 - 2012 Sep 15 || 2011 Aug 21 (?) - 2011 Oct 23 || 2010 Jun 9 - 2010 Sep 21 || 2010 Dec 13 - 2011 Jan 13 || 2009 Sep 6 - 2009 Dec 26 (?) || 2008 Nov 21 - 2008 Nov 21 || 2008 Jun 22 - 2008 Aug 5 ± 4 days || 2007 Nov 8 (on or before) - Unknown || 2005 Nov 13 - 2006 May 27 || 2004 Dec 3 - 2004 Dec 7 || 2003 Jun 17 - 2004 Jun 13 || 2002 May 29 - 2002 Dec 16 (?) || 2001 May 11 (?) - 2001 Dec 9 (?) || 1999 May 1 ± 180 days - 2000 Jun 16 ± 15 days || 1997 May 19 (?) - 1997 Jul 7 (on or after) || 1987 Nov 16 ± 15 days - Unknown || 1985 Sep 2 - Unknown || 1977 Oct 16 - 1977 Oct 16 || 1976 Aug 29 - 1976 Aug 29 || 1976 Mar 9 - 1976 Mar 16 || 1971 May 3 - 1971 Jul 5 ± 4 days || 1685 Aug - Unknown || 1684 Jul - Unknown || 1680 - Unknown || 1613 - Unknown || 1528 ± 1 years - Unknown,,
344040,Telica,Composite,Stratovolcano(es),Basalt / Picro-Basalt | Andesite / Basaltic Andesite,,Subduction zone | Continental crust (> 25 km),1079,21990,327294,2982538,2025 CE,2026 Jan 2 - 2026 Feb 19 || 2025 Jul 14 - 2025 Aug 18 || 2025 Jan 11 - 2025 Feb 25 || 2021 Apr 21 - 2022 Mar 29 || 2020 Jul 20 - 2020 Dec 9 || 2018 Jun 21 - 2018 Aug 15 || 2015 Sep 23 - 2015 Sep 26 || 2015 Nov 22 - 2015 Dec 15 ± 15 days || 2016 Feb 13 - 2016 May 11 || 2015 May 7 - 2015 May 28 || 2013 Sep 25 - 2013 Sep 25 || 2011 Mar 7 - 2011 Jun 14 || 2008 Jul 5 ± 4 days - 2008 Jul 5 ± 4 days || 2007 Oct 28 ± 3 days - 2008 Feb 18 || 2007 Jun 12 - 2007 Jun 12 || 2006 Dec 11 (?) - 2007 Feb 17 || 2006 Aug 4 - 2006 Aug 6 || 2004 Nov 5 - 2005 Jan 29 || 2004 Mar 31 - 2004 Mar 31 || 2002 Oct 17 - Unknown || 2001 Jan 17 - 2001 Dec 19 (?) || 1999 May 21 - 2000 Sep 6 || 1994 Jul 31 - 1994 Aug 12 || 1987 Nov 16 ± 15 days - 1987 Nov 16 ± 15 days || 1981 Nov 25 ± 5 days - 1982 Mar 2 || 1981 Feb 16 (?) ± 15 days - Unknown || 1976 Nov 3 - 1978 Jan 16 (on or after) ± 15 days || 1975 May 16 ± 15 days - 1976 Mar 16 ± 15 days || 1969 Feb 11 - 1971 Dec 16 (on or after) ± 15 days || 1966 Jun 16 ± 15 days - 1966 Jun 16 ± 15 days || 1965 Jan 16 - 1965 Jan 28 || 1962 Jan 16 ± 15 days - 1962 Jan 16 ± 15 days || 1951 Jul 15 ± 45 days - 1951 Oct 15 ± 5 days || 1948 Jun 16 ± 15 days - 1949 Nov 16 ± 15 days || 1948 Jan 16 ± 15 days - 1948 Jan 16 ± 15 days || 1946 Apr 16 ± 15 days - 1946 Aug 16 ± 15 days || 1943 Dec 16 ± 15 days - 1944 Apr 16 ± 15 days || 1941 Jul 2 ± 182 days - Unknown || 1940 Jun 16 ± 15 days - 1940 Oct 16 ± 15 days || 1939 Nov 16 ± 15 days - 1939 Nov 16 ± 15 days || 1939 Jan 16 ± 15 days - 1939 Jun 16 ± 15 days || 1937 Nov 16 ± 15 days - 1938 Aug 16 ± 15 days || 1934 Jan 16 ± 15 days - Unknown || 1929 Jan 16 ± 15 days - 1929 Jan 16 ± 15 days || 1928 Jul 2 ± 182 days - Unknown || 1927 Aug 16 ± 15 days - 1927 Nov 16 ± 15 days || 1919 Oct 26 ± 5 days - Unknown || 1918 Jan 16 ± 15 days - Unknown || 1907 Nov 16 ± 15 days - Unknown || 1791 Jan 24 - Unknown || 1765 - Unknown || 1743 Apr - Unknown || 1685 Aug - Unknown || 1613 - Unknown || 1529 - Unknown || 1527 (?) - Unknown,,
344060,Rota,Composite,Stratovolcano | Lava dome(s) | Maar(s),Andesite / Basaltic Andesite | Basalt / Picro-Basalt,,Subduction zone | Continental crust (> 25 km),4930,16664,319797,3503709,Pleistocene,,,
344070,Cerro Negro,Minor,Pyroclastic cone(s),Basalt / Picro-Basalt,,Subduction zone | Continental crust (> 25 km),1690,10243,296320,3540933,1999 CE,1999 Aug 5 - 1999 Aug 7 || 1995 May 29 - 1995 Dec 6 || 1992 Apr 9 - 1992 Apr 14 || 1971 Feb 3 - 1971 Feb 14 || 1969 Dec 19 - 1969 Dec 29 || 1968 Oct 23 - 1968 Dec 10 || 1964 Jul 2 ± 182 days - Unknown || 1963 Mar 16 ± 15 days - Unknown || 1962 Mar 21 - 1962 Apr 16 (?) ± 15 days || 1961 Oct 25 - Unknown || 1960 Sep 28 - 1960 Dec 26 ± 5 days || 1957 Sep 4 - 1957 Sep 24 || 1954 Feb 16 ± 15 days - 1954 Feb 16 ± 15 days || 1950 Nov 21 - 1950 Dec 17 || 1949 Jun 16 ± 15 days - 1949 Jun 16 ± 15 days || 1948 Mar 31 - Unknown || 1947 Jul 9 - 1947 Aug 2 || 1929 Feb 10 - 1929 Mar 16 ± 15 days || 1923 Oct 23 - 1923 Dec 11 || 1919 Jun 20 - 1919 Jun 30 || 1914 Oct 28 - 1914 Nov 3 || 1899 Nov 22 - 1899 Nov 29 ± 1 days || 1867 Nov 14 - 1867 Nov 30 || 1850 Apr 13 - 1850 May 27,,
344080,Las Pilas-El Hoyo Complex,Composite,Complex | Stratovolcano(es) | Maar(s),Andesite / Basaltic Andesite | Basalt / Picro-Basalt | Dacite,,Subduction zone | Continental crust (> 25 km),182,8324,299481,3351820,1954 CE,1954 Oct 29 - 1954 Oct 31 || 1952 Oct 23 - 1952 Dec 16 ± 15 days || 1528 - Unknown,,
344090,Momotombo,Composite,Stratovolcano | Caldera | Pyroclastic cone(s),Basalt / Picro-Basalt | Andesite / Basaltic Andesite,,Subduction zone | Continental crust (> 25 km),100,1851,98583,3569021,2016 CE,2015 Dec 1 - 2016 Apr 7 || 1918 Apr 16 ± 15 days - Unknown || 1905 Jan 16 - 1905 Jan 21 || 1902 Mar 31 ± 30 days - Unknown || 1886 May 19 (?) - 1887 Jul 2 (?) ± 182 days || 1885 Oct 16 ± 15 days - Unknown || 1882 Sep 9 - Unknown || 1878 Oct 14 (?) - Unknown || 1870 Jul 2 ± 182 days - Unknown || 1858 Jul 2 ± 182 days - 1866 Jul 2 ± 182 days || 1854 Feb 16 ± 15 days - 1854 Mar 16 ± 15 days || 1852 Jul 2 ± 182 days - Unknown || 1849 Jul 2 ± 182 days - Unknown || 1764 - Unknown || 1736 - Unknown || 1609 - Unknown || 1605 - 1606 || 1578 Feb - Unknown || 1524 - Unknown || 1100 ± 50 years - Unknown || 0800 BCE ± 50 years - Unknown || 2550 BCE ± 300 years - Unknown,,
344091,Apoyeque,Caldera,Caldera | Pyroclastic shield | Maar | Lava dome(s),Dacite | Andesite / Basaltic Andesite | Basalt / Picro-Basalt,,Subduction zone | Continental crust (> 25 km),2369,116718,1342581,3445854,50 BCE,0050 BCE ± 100 years - Unknown || 1050 BCE ± 1000 years - Unknown || 2550 BCE ± 1500 years - Unknown || 4160 BCE ± 30 years - Unknown,,
344092,Nejapa-Miraflores,Cluster,Fissure vent(s) | Pyroclastic cone(s) | Maar(s) | Tuff cone(s),Basalt / Picro-Basalt | Andesite / Basaltic Andesite,Dacite,Subduction zone | Continental crust (> 25 km),295906,870837,1610426,3062823,1060 CE,1060 ± 100 years - Unknown || 0550 BCE ± 500 years - Unknown || 3050 BCE ± 500 years - Unknown || 4390 BCE ± 100 years - Unknown || 5230 BCE ± 200 years - Unknown || 5350 BCE ± 200 years - Unknown || 7300 BCE ± 3150 years - Unknown || 7430 BCE ± 300 years - Unknown,,
344100,Masaya,Caldera,Caldera | Stratovolcano(es) | Pyroclastic cone(s),Basalt / Picro-Basalt | Andesite / Basaltic Andesite,,Subduction zone | Continental crust (> 25 km),989888,989888,1914707,2926954,2026 CE,2015 Oct 3 - 2026 Mar 31 (continuing) || 2013 Apr 11 - 2013 Apr 26 || 2012 Apr 30 - 2012 Jun 8 || 2008 Apr 29 - 2008 Dec 17 (?) || 2006 Aug 4 - 2006 Oct 25 (?) || 2005 Mar 4 (?) - 2005 Mar 30 (?) || 2004 Jul 4 - 2004 Jul 4 || 2003 Sep 22 (on or before) - 2003 Dec 12 (?) || 2001 Apr 23 - 2001 Apr 25 (?) || 1999 Nov 22 - 2000 Mar 2 (?) || 1998 Sep 14 - 1998 Sep 14 || 1997 Jun 3 (?) - 1997 Nov 17 || 1996 Dec 5 - 1996 Dec 5 || 1993 Jun 16 - 1994 Nov 16 (on or after) ± 15 days || 1989 Feb 20 - 1989 Nov 16 ± 15 days || 1987 Feb 15 - 1987 Feb 22 (on or after) || 1965 Oct 10 (?) - 1985 Apr 16 (?) ± 15 days || 1948 Sep 16 ± 15 days - 1948 Sep 16 ± 15 days || 1946 Jun 16 ± 15 days - 1947 Dec 16 (?) ± 15 days || 1925 Apr 16 ± 15 days - Unknown || 1919 Jul 2 ± 182 days - 1924 Jul 2 ± 182 days || 1918 Jan 16 ± 15 days - Unknown || 1913 Jul 12 - Unknown || 1906 Jan 2 - 1906 Jan 9 (on or after) || 1904 May 16 ± 15 days - 1904 Jun 16 ± 15 days || 1902 Jul 15 - 1903 Nov 16 ± 15 days || 1858 Nov 10 - 1859 Mar 27 || 1858 Apr 16 ± 15 days - Unknown || 1856 Dec 16 ± 15 days - 1857 Jan 16 ± 15 days || 1853 Apr 9 (?) - 1853 Sep 15 (on or after) || 1852 Jun 16 ± 15 days - 1852 Jul 16 ± 15 days || 1772 Mar 16 - 1772 Mar 25 (?) || 1670 - Unknown || 1613 - Unknown || 1570 - 1586 (?) || 1551 - Unknown || 1524 - 1544 (?) || 0150 (?) - Unknown || 0170 BCE ± 100 years - Unknown || 4050 BCE (?) - Unknown,,
344101,Granada,Cluster,Fissure vent(s) | Pyroclastic cone(s),Basalt / Picro-Basalt,Dacite,Subduction zone | Continental crust (> 25 km),105952,137880,678798,2722372,Unknown - Evidence Credible,,,
344110,Mombacho,Composite,Stratovolcano,Andesite / Basaltic Andesite | Basalt / Picro-Basalt,,Subduction zone | Continental crust (> 25 km),656,56671,621451,2709304,Unknown - Unrest / Holocene,1570 - Unknown,,
344111,Zapatera,Shield,Shield | Caldera | Tuff ring(s) | Pyroclastic cone(s) | Lava dome(s),Andesite / Basaltic Andesite | Basalt / Picro-Basalt,Dacite,Subduction zone | Continental crust (> 25 km),136,2104,214864,2537550,Unknown - Evidence Credible,,,
344120,Concepción,Composite,Stratovolcano | Caldera | Pyroclastic cone(s) | Maar(s) | Lava dome(s),Andesite / Basaltic Andesite | Basalt / Picro-Basalt,Dacite,Subduction zone | Continental crust (> 25 km),14072,28900,92378,2266903,2024 CE,2024 May 16 - 2024 May 16 || 2009 Dec 11 - 2011 Mar 12 || 2008 Jul 30 - 2008 Jul 30 || 2007 Nov 24 - 2007 Dec 20 || 2007 Feb 9 - 2007 Jul 10 || 2006 Sep 1 - 2006 Sep 21 || 2005 Jul 28 - 2005 Nov 10 || 1999 Dec 27 - 1999 Dec 29 (?) || 1988 Jun 16 ± 15 days - Unknown || 1985 Dec 2 ± 1 days - 1986 Apr 20 (?) || 1984 Dec 16 ± 15 days - 1985 Jan 2 || 1983 Mar 16 - 1983 Mar 25 || 1982 Jan 15 ± 5 days - 1982 Feb 14 ± 5 days || 1978 Mar 30 (on or before) - 1978 May 16 (on or after) ± 15 days || 1977 Apr 4 - 1977 May 3 || 1973 Dec 24 - 1974 Jan 12 || 1963 May 9 - Unknown || 1962 Jun 16 ± 15 days - 1962 Jun 16 ± 15 days || 1961 Nov 28 - 1961 Dec 16 ± 15 days || 1957 Mar 27 - 1957 Jul 16 ± 15 days || 1951 Jul 16 ± 15 days - 1955 May 16 ± 15 days || 1948 Jul 2 ± 182 days - 1950 Jul 2 ± 182 days || 1944 Apr 16 ± 15 days - 1945 Dec 16 ± 15 days || 1935 Feb 16 ± 15 days - 1935 Feb 16 ± 15 days || 1929 Aug 16 ± 15 days - 1929 Oct 16 ± 15 days || 1928 Jan 25 - Unknown || 1921 Dec 16 ± 15 days - 1926 May 16 ± 15 days || 1918 Jan 16 ± 15 days - 1919 Jul 16 ± 15 days || 1907 Sep 16 ± 15 days - 1910 Jul 2 ± 182 days || 1902 Jul 2 ± 182 days - Unknown || 1891 Apr 16 ± 15 days - 1891 Apr 16 ± 15 days || 1884 Jul 2 ± 182 days - 1886 Jul 2 ± 182 days || 1883 Apr 5 ± 4 days - 1883 Jun 30 || 1800 Jul 2 ± 50 years ± 182 days - Unknown || 0770 BCE ± 50 years - Unknown,,
344131,Estelí,Cluster,Fissure vent(s) | Pyroclastic cone(s),Basalt / Picro-Basalt,,Subduction zone | Continental crust (> 25 km),133804,133804,246244,2574633,Pleistocene,,,
344132,Cerro el Ciguatepe,Composite,Stratovolcano | Lava dome,Basalt / Picro-Basalt,,Subduction zone | Continental crust (> 25 km),100,3187,88943,3635767,Pleistocene,,,
344133,Las Lajas,Caldera,Caldera | Lava dome(s) | Pyroclastic cone(s),Basalt / Picro-Basalt | Andesite / Basaltic Andesite | Dacite,,Subduction zone | Continental crust (> 25 km),1901,11384,130109,3304910,Pleistocene,,,
345010,Orosí,Composite,Stratovolcano(es),Andesite / Basaltic Andesite | Basalt / Picro-Basalt,,Subduction zone | Continental crust (> 25 km),43,1024,31463,588207,Unknown - Evidence Uncertain,,,
345020,Rincón de la Vieja,Composite,Complex | Caldera(s),Andesite / Basaltic Andesite | Rhyolite | Dacite,,Subduction zone | Continental crust (> 25 km),271,1428,78668,659105,2024 CE,2021 Jun 28 - 2024 Oct 22 || 2020 Jan 30 - 2020 Dec 13 || 2018 Jul 28 - 2019 Jun 11 || 2017 May 23 - 2018 Mar 15 ± 3 days || 2015 Jun 16 - 2015 Nov 10 (on or before) || 2016 Feb 9 - 2016 May 1 || 2014 Sep 17 - 2014 Oct 24 || 2012 Oct 17 - 2012 Oct 17 || 2012 Feb 19 - 2012 Apr 14 || 2011 Aug 22 - 2011 Sep 27 || 1998 Feb 15 - 1998 Sep 16 ± 15 days || 1995 Nov 6 - 1995 Nov 13 || 1991 May 7 - 1992 Sep 16 ± 15 days || 1987 Apr 1 - 1987 Apr 1 || 1986 Dec 31 - 1986 Dec 31 || 1985 Sep 16 ± 15 days - 1986 Apr 16 ± 15 days || 1984 Mar 31 - 1984 Apr 16 ± 15 days || 1983 Feb 6 - 1983 Feb 21 || 1970 Aug 14 - 1970 Aug 15 || 1969 Sep 20 - 1969 Oct 16 || 1969 Apr 22 - 1969 May 16 ± 15 days || 1966 Nov 6 (?) - 1967 Dec 16 ± 15 days || 1922 Apr 11 (on or before) - 1922 Jun 4 || 1917 Jul 2 ± 182 days - Unknown || 1912 Jun 14 - Unknown || 1902 Jun 22 - Unknown || 1854 Jul 2 ± 182 days - 1863 Aug 16 ± 15 days || 1853 Jul 2 ± 182 days - Unknown || 1851 Jul 2 ± 182 days - Unknown || 1849 Jul 2 ± 182 days - Unknown || 1844 May 16 ± 15 days - Unknown || 1765 - Unknown || 1529 - Unknown || 0430 ± 100 years - Unknown || 1820 BCE ± 150 years - Unknown,,
345030,Miravalles,Composite,Stratovolcano | Caldera,Andesite / Basaltic Andesite | Rhyolite | Dacite | Basalt / Picro-Basalt,,Subduction zone | Continental crust (> 25 km),79,7492,61875,757945,1946 CE,1946 Sep 14 - 1946 Sep 14 || 5050 BCE (?) - Unknown,,
345031,Tenorio,Composite,Stratovolcano(es) | Pyroclastic cone(s) | Lava dome(s),Andesite / Basaltic Andesite,Basalt / Picro-Basalt,Subduction zone | Continental crust (> 25 km),436,11670,92344,943351,Unknown - Evidence Credible,,,
345033,Arenal,Composite,Stratovolcano | Lava dome(s),Andesite / Basaltic Andesite | Basalt / Picro-Basalt,Dacite,Subduction zone | Continental crust (> 25 km),3429,15643,96512,3027485,2010 CE,1968 Jul 29 - 2010 Dec 16 (?) ± 15 days || 1922 Oct 5 (?) - 1922 Oct 23 (?) || 1915 Feb 5 - Unknown || 1750 ± 50 years - Unknown || 1440 (?) - Unknown || 1400 (?) - Unknown || 1030 (?) - Unknown || 1020 (?) - Unknown || 0750 ± 50 years - Unknown || 0700 (?) - Unknown || 0650 ± 100 years - Unknown || 0550 (?) - Unknown || 0400 (?) - Unknown || 0170 BCE ± 200 years - Unknown || 0270 BCE (?) - Unknown || 0380 BCE ± 200 years - Unknown || 0830 BCE ± 500 years - Unknown || 1250 BCE ± 200 years - Unknown || 1450 BCE (?) - Unknown || 1650 BCE (?) - Unknown || 1770 BCE ± 100 years - Unknown || 2250 BCE (?) - Unknown || 2800 BCE (?) - Unknown || 3190 BCE ± 100 years - Unknown || 3350 BCE (?) - Unknown || 3900 BCE (?) - Unknown || 4450 BCE (?) - Unknown || 5060 BCE ± 150 years - Unknown,,
345034,Platanar,Composite,Stratovolcano(es) | Caldera | Pyroclastic cone(s),Andesite / Basaltic Andesite | Basalt / Picro-Basalt | Dacite | Rhyolite,Trachyandesite / Basaltic Trachyandesite,Subduction zone | Continental crust (> 25 km),620,40382,339271,3381523,Unknown - Evidence Credible,,,
345040,Poás,Composite,Stratovolcano | Caldera(s) | Pyroclastic cone(s) | Maar(s),Andesite / Basaltic Andesite | Basalt / Picro-Basalt | Dacite,,Subduction zone | Continental crust (> 25 km),1947,11107,950796,3411023,2026 CE,2025 Jan 5 - 2026 Mar 16 (continuing) || 2023 Dec 1 - 2024 May 5 || 2023 Aug 2 - 2023 Aug 11 || 2022 Apr 6 - 2022 Apr 6 || 2018 Dec 19 - 2019 Jan 31 (on or before) || 2019 Feb 7 - 2019 Sep 30 || 2018 May 25 - 2018 May 25 || 2017 Apr 12 - 2017 Nov 6 || 2016 Jun 5 - 2016 Aug 16 || 2009 Nov 16 ± 15 days - 2014 Oct 13 || 2009 Jan 12 - 2009 Mar 21 (?) || 2008 Jan 13 - 2008 Jan 13 || 2006 Sep 25 - 2006 Dec 16 || 2006 Mar 24 - 2006 Mar 24 (?) || 1996 Apr 8 - 1996 Apr 8 || 1994 Mar 16 (?) ± 15 days - 1994 Oct 16 (?) ± 15 days || 1992 Oct 16 ± 15 days - 1993 Sep 16 ± 15 days || 1992 Feb 16 ± 15 days - 1992 Mar 16 ± 15 days || 1991 Mar 6 - 1991 Sep 16 ± 15 days || 1987 Jun 16 ± 15 days - 1990 Jun 16 ± 15 days || 1981 Mar 16 ± 15 days - 1981 May 16 ± 15 days || 1980 Dec 26 - 1980 Dec 26 || 1980 Sep 12 - 1980 Sep 12 || 1979 Sep 8 - 1980 Jan 16 ± 15 days || 1978 Sep 22 - 1978 Dec 16 ± 15 days || 1977 Dec 18 - 1978 Jun 15 || 1977 May 16 ± 15 days - 1977 Jul 16 (?) ± 15 days || 1976 Jun 21 - 1976 Nov 16 ± 15 days || 1974 Sep 11 - 1975 Feb 16 ± 15 days || 1972 Feb 9 - 1973 Sep 8 || 1970 Jul 16 ± 15 days - Unknown || 1969 May 3 - 1969 Jun 3 || 1968 Jul 2 ± 182 days - Unknown || 1967 Jan 1 - Unknown || 1964 Dec 25 - 1965 Mar 16 ± 15 days || 1963 May 23 - 1963 Jul 2 || 1958 Jul 2 ± 182 days - 1961 Jul 3 (?) || 1952 Mar 23 - 1957 Dec 25 || 1948 Jul 2 ± 182 days - 1951 Jul 2 ± 182 days || 1946 Nov 4 ± 4 days - Unknown || 1941 Jul 2 ± 182 days - 1946 Jul 2 ± 182 days || 1932 Jul 2 ± 182 days - 1934 Jul 2 ± 182 days || 1929 Jul 2 ± 182 days - Unknown || 1925 Jul 2 ± 182 days - Unknown || 1916 Jul 2 ± 182 days - Unknown || 1914 Oct 8 - 1915 May 15 (on or after) || 1914 May 30 - Unknown || 1910 Sep 12 - 1910 Oct 14 || 1910 Jan 25 - 1910 Feb 16 ± 15 days || 1898 Dec 29 - 1907 Dec 31 ± 365 days || 1895 Jul 2 ± 182 days - Unknown || 1888 Jan 16 ± 15 days - 1891 Jul 2 ± 182 days || 1880 Jul 2 ± 182 days - Unknown || 1879 Jul 2 ± 182 days - Unknown || 1860 Jul 2 ± 182 days - Unknown || 1838 Jul 2 ± 182 days - Unknown || 1834 Jul 2 ± 182 days - Unknown || 1828 Jul 2 ± 182 days - Unknown || 1747 - Unknown || 1280 (?) - Unknown || 0210 (?) - Unknown || 0760 BCE ± 200 years - Unknown || 3950 BCE (?) - Unknown || 5590 BCE ± 100 years - Unknown || 7620 BCE ± 100 years - Unknown || 7920 BCE ± 75 years - Unknown,,
345050,Barva,Composite,Complex | Caldera | Pyroclastic cone(s),Andesite / Basaltic Andesite | Basalt / Picro-Basalt | Dacite,,Subduction zone | Continental crust (> 25 km),177,8018,2004665,3399329,6050 BCE,1867 Mar 16 ± 15 days - Unknown || 6050 BCE ± 2000 years - Unknown,,
345060,Irazú,Composite,Stratovolcano | Pyroclastic cone(s),Andesite / Basaltic Andesite | Basalt / Picro-Basalt,,Subduction zone | Continental crust (> 25 km),1978,25442,1667528,3432860,1977 CE,1994 Dec 8 - 1994 Dec 8 || 1977 Mar 3 - Unknown || 1963 Mar 13 - 1965 Feb 13 || 1939 May 18 - 1940 Feb 16 ± 15 days || 1933 Mar 22 (?) - 1933 Jul 25 || 1930 Oct 16 ± 15 days - Unknown || 1928 Feb 14 - 1928 May 26 ± 5 days || 1924 Mar 16 ± 15 days - 1924 Apr 16 ± 15 days || 1917 Sep 27 - 1921 Jul 2 ± 182 days || 1914 Feb 21 - Unknown || 1909 Jul 2 ± 182 days - Unknown || 1886 Jul 2 ± 182 days - Unknown || 1885 Jul 2 ± 182 days - Unknown || 1882 Jul 2 ± 182 days - Unknown || 1875 Jul 2 ± 5 years ± 182 days - Unknown || 1864 Sep 16 - 1864 Sep 17 || 1847 May 18 - Unknown || 1844 May 16 ± 15 days - Unknown || 1842 Jul 2 ± 182 days - Unknown || 1826 Jul 2 ± 182 days - Unknown || 1823 Jul 2 ± 182 days - Unknown || 1822 May 7 - Unknown || 1821 May 16 ± 15 days - Unknown || 1775 (?) - Unknown || 1726 May - Unknown || 1723 Feb 16 - 1724 Feb (?) || 1560 ± 75 years - Unknown || 1110 ± 100 years - Unknown || 0690 ± 40 years - Unknown || 0430 ± 500 years - Unknown || 0640 BCE ± 500 years - Unknown,,
345070,Turrialba,Composite,Stratovolcano | Pyroclastic cone(s),Andesite / Basaltic Andesite | Basalt / Picro-Basalt | Dacite,,Subduction zone | Continental crust (> 25 km),1891,6867,672428,3390544,2022 CE,2022 Jul 17 - 2022 Jul 17 || 2021 Nov 3 - 2022 Feb 28 || 2021 Jun 13 - 2021 Jul 23 || 2020 Jun 18 - 2020 Aug 24 || 2015 Mar 8 - 2015 Aug 15 || 2015 Oct 16 - 2015 Nov 30 || 2016 Feb 2 - 2019 Oct 28 || 2014 Oct 29 - 2014 Dec 8 || 2013 May 21 - 2013 Jun 4 || 2012 Jan 12 - 2012 Jan 18 || 2011 Jan 14 - 2011 Jan 14 || 2010 Jul 24 - 2010 Aug 15 || 2010 Jan 5 - 2010 Mar 7 (?) || 1866 Jan 16 ± 15 days - 1866 May 8 || 1864 Aug 17 - 1865 Mar 16 ± 15 days || 1861 Jul 2 ± 182 days - Unknown || 1855 May 16 ± 15 days - Unknown || 1853 Jul 2 ± 182 days - Unknown || 1847 Jul 2 ± 182 days - Unknown || 1723 - Unknown || 1350 (?) - Unknown || 0640 ± 40 years - Unknown || 0040 ± 50 years - Unknown || 0830 BCE ± 150 years - Unknown || 1120 BCE ± 200 years - Unknown || 1420 BCE ± 300 years - Unknown || 7260 BCE ± 300 years - Unknown,,
346010,Barú,Composite,Stratovolcano | Caldera | Lava dome(s),Andesite / Basaltic Andesite,Basalt / Picro-Basalt | Dacite | Trachyandesite / Basaltic Trachyandesite | Trachyte / Trachydacite,Subduction zone | Continental crust (> 25 km),118,6983,79933,756597,1550 CE,1550 ± 10 years - Unknown || 1340 ± 75 years - Unknown || 1130 ± 150 years - Unknown || 0710 ± 30 years - Unknown || 0260 ± 150 years - Unknown || 1270 BCE ± 100 years - Unknown || 7420 BCE ± 75 years - Unknown || 9280 BCE ± 30 years - Unknown,,
346030,El Valle,Composite,Stratovolcano | Caldera | Lava dome(s),Dacite | Andesite / Basaltic Andesite,,Subduction zone | Continental crust (> 25 km),1544,7458,131928,2108003,Pleistocene,,,
351011,Romeral,Composite,Stratovolcano,Andesite / Basaltic Andesite | Dacite,,Subduction zone | Continental crust (> 25 km),236,2822,537402,4005655,5390 BCE,5390 BCE ± 350 years - Unknown || 6510 BCE ± 200 years - Unknown,,
351012,Cerro Bravo,Composite,Stratovolcano | Caldera | Lava dome(s),Dacite | Andesite / Basaltic Andesite | Trachyandesite / Basaltic Trachyandesite,,Subduction zone | Continental crust (> 25 km),1679,4916,538690,3929468,1720 CE,1720 ± 150 years - Unknown || 1330 ± 75 years - Unknown || 1050 ± 75 years - Unknown || 0750 ± 150 years - Unknown || 0730 BCE ± 75 years - Unknown || 1050 BCE ± 200 years - Unknown || 1310 BCE ± 150 years - Unknown || 4280 BCE ± 150 years - Unknown,,
351020,Nevado del Ruiz,Composite,Stratovolcano | Caldera | Lava dome(s) | Pyroclastic cone(s),Andesite / Basaltic Andesite | Dacite,,Subduction zone | Continental crust (> 25 km),3849,20146,507608,4252435,2026 CE,2014 Nov 18 - 2017 May 29 (on or before) || 2017 Sep 21 - 2018 Jan 9 || 2018 Apr 21 - 2026 Mar 16 (continuing) || 2012 Feb 22 - 2013 Jul 12 (?) || 1994 Apr 23 - 1994 Apr 23 || 1985 Sep 11 - 1991 Jul 13 || 1984 Dec 22 - 1985 Mar 19 (?) || 1916 Jul 2 ± 182 days - Unknown || 1845 Feb 19 - Unknown || 1833 Jul 2 ± 182 days - Unknown || 1831 Jul 2 ± 182 days - Unknown || 1829 Jun 18 - Unknown || 1828 Jun 16 ± 15 days - Unknown || 1826 Jul 2 ± 182 days - Unknown || 1805 Mar 14 - Unknown || 1623 - Unknown || 1595 Mar 9 (on or before) - Unknown || 1570 - Unknown || 1541 - Unknown || 1350 (?) - Unknown || 0675 ± 50 years - Unknown || 0350 ± 300 years - Unknown || 0200 BCE ± 100 years - Unknown || 0850 BCE (?) - Unknown || 1245 BCE ± 150 years - Unknown || 6660 BCE (in or before) - Unknown,,
351021,Santa Isabel,Shield,Shield | Lava dome(s),Andesite / Basaltic Andesite,,Subduction zone | Continental crust (> 25 km),4793,12226,302952,4137147,850 BCE,0850 BCE (?) - Unknown || 3550 BCE (?) - Unknown || 4800 BCE (?) - Unknown || 5500 BCE (?) - Unknown,,
351030,Nevado del Tolima,Composite,Stratovolcano | Caldera | Lava dome(s),Andesite / Basaltic Andesite | Dacite,,Subduction zone | Continental crust (> 25 km),1660,6563,441916,4258333,1943 CE,1943 Mar 16 ± 15 days - Unknown || 1826 May 16 ± 15 days - 1826 Jun 17 (on or after) || 1825 Mar 2 (?) - Unknown || 1822 Nov 16 (?) ± 15 days - Unknown || 0260 ± 150 years - Unknown || 0200 BCE ± 200 years - Unknown || 0610 BCE ± 200 years - Unknown || 1990 BCE ± 200 years - Unknown || 3500 BCE ± 300 years - Unknown || 5160 BCE ± 200 years - Unknown || 5310 BCE ± 100 years - Unknown || 7800 BCE ± 300 years - Unknown,,
351040,Machín,Composite,Stratovolcano | Caldera | Lava dome(s),Dacite | Andesite / Basaltic Andesite,,Subduction zone | Continental crust (> 25 km),2150,15212,570836,4165071,1180 CE,1180 ± 150 years - Unknown || 0750 (?) - Unknown || 0650 BCE (?) - Unknown || 2100 BCE ± 200 years - Unknown || 2240 BCE ± 300 years - Unknown || 2650 BCE (?) - Unknown || 3800 BCE ± 150 years - Unknown,,
351050,Nevado del Huila,Composite,Stratovolcano | Caldera | Lava dome(s),Andesite / Basaltic Andesite | Dacite,,Subduction zone | Continental crust (> 25 km),659,3501,56737,4742651,2012 CE,2008 Oct 26 (?) - 2012 Jan 14 (?) || 2008 Jan 2 - 2008 Apr 16 (?) ± 15 days || 2007 Feb 19 - 2007 May 28 (?) || 1555 ± 5 years - Unknown,,
351060,Puracé,Cluster,Stratovolcano(es) | Pyroclastic cone(s),Andesite / Basaltic Andesite | Dacite,,Subduction zone | Continental crust (> 25 km),1465,7152,335698,1751540,2026 CE,2025 Nov 23 - 2026 Mar 16 (continuing) || 2025 Jan 19 - 2025 Feb 21 || 2023 Nov 16 - 2023 Nov 16 || 2022 Mar 29 - 2022 Mar 29 || 1977 Mar 19 - 1977 Mar 28 (?) || 1957 Jul 2 ± 182 days - Unknown || 1956 Jul 2 (in or before) ± 182 days - Unknown || 1949 May 26 - 1949 Jun 11 || 1947 Apr 27 - Unknown || 1946 Mar 16 ± 15 days - 1946 Apr 16 ± 15 days || 1927 Jul 2 ± 182 days - Unknown || 1926 Aug 16 ± 15 days - 1926 Sep 16 ± 15 days || 1925 Oct 12 - 1925 Nov 5 || 1924 Jul 2 ± 182 days - Unknown || 1906 Jul 2 ± 182 days - Unknown || 1902 Jul 2 (?) ± 182 days - Unknown || 1899 Jul 2 ± 182 days - Unknown || 1885 May 25 - Unknown || 1881 Jul 2 ± 182 days - Unknown || 1878 Aug 31 - Unknown || 1870 Oct 16 ± 15 days - Unknown || 1869 Oct 4 - 1869 Nov 16 ± 15 days || 1860 Jul 2 ± 9 years ± 182 days - Unknown || 1847 Oct 27 - 1852 Jul 2 ± 182 days || 1840 Jul 2 ± 182 days - Unknown || 1835 Jan 23 - Unknown || 1827 Nov 18 - Unknown || 1816 Jul 2 ± 182 days - Unknown || 0160 BCE ± 50 years - Unknown,,
351061,Sotará,Composite,Stratovolcano | Caldera(s),Andesite / Basaltic Andesite | Dacite,,Subduction zone | Continental crust (> 25 km),1188,5553,127782,1726425,Unknown - Evidence Credible,,,
351070,Doña Juana,Composite,Stratovolcano | Caldera(s) | Lava dome,Andesite / Basaltic Andesite | Dacite,,Subduction zone | Continental crust (> 25 km),1524,5372,160615,1626081,1906 CE,1897 Nov 1 - 1906 Jul 2 ± 182 days || 2550 BCE ± 150 years - Unknown,,
351080,Galeras,Composite,Complex | Caldera | Pyroclastic cone(s),Andesite / Basaltic Andesite,Dacite,Subduction zone | Continental crust (> 25 km),705,120817,630777,1700248,2014 CE,2012 May 13 - 2014 Jan 30 ± 1 days || 2011 Mar 31 - 2011 Apr 1 || 2010 Aug 20 - 2010 Aug 25 || 2010 Aug 25 - 2010 Aug 25 || 2008 Oct 21 (?) - 2010 Jan 2 (?) || 2007 Oct 4 - 2008 Jan 17 || 2005 Nov 24 - 2006 Jul 12 || 2004 Jul 16 - 2005 Feb 7 (?) || 2002 Jun 7 - 2002 Jun 7 (?) || 2000 Mar 21 - 2000 May 18 || 1993 Jan 14 - 1993 Jun 7 || 1990 Jan 7 - 1992 Jul 16 || 1989 Feb 19 - 1989 May 9 || 1974 Jul 2 ± 182 days - 1983 Jul 2 (?) ± 182 days || 1973 May 16 ± 15 days - Unknown || 1950 Jan 12 - 1950 Sep 5 || 1947 Jul 15 - Unknown || 1936 Feb 9 - 1936 Aug 27 (?) || 1933 Jul 2 ± 182 days - Unknown || 1932 Oct 10 - Unknown || 1930 Apr 17 - Unknown || 1924 Oct 16 ± 15 days - 1927 Jul 2 ± 182 days || 1923 Dec 8 - Unknown || 1891 Jul 2 ± 182 days - Unknown || 1889 Jul 3 - Unknown || 1865 Oct 2 - 1870 Jul 2 ± 182 days || 1836 Jul 2 ± 182 days - Unknown || 1834 Jul 2 ± 182 days - Unknown || 1828 Oct 24 - 1834 Mar 16 ± 15 days || 1823 Jun 17 - 1823 Jun 24 || 1796 Nov - 1801 Jul 2 ± 182 days || 1754 - 1756 || 1670 - 1736 || 1641 - 1643 || 1616 Jul 4 - 1616 Jul 4 || 1580 Dec 7 - 1580 Dec 7 || 1535 - Unknown || 0890 ± 200 years - Unknown || 0490 BCE ± 100 years - Unknown || 1160 BCE ± 300 years - Unknown || 2580 BCE ± 500 years - Unknown || 3150 BCE ± 200 years - Unknown || 7050 BCE ± 1000 years - Unknown,,
351090,Azufral,Composite,Stratovolcano | Caldera | Lava dome(s),Dacite | Andesite / Basaltic Andesite,,Subduction zone | Continental crust (> 25 km),4334,40657,387292,1817609,930 BCE,0930 BCE (?) - Unknown || 1650 BCE ± 150 years - Unknown || 1850 BCE (?) - Unknown || 2095 BCE ± 100 years - Unknown,,
351100,Cumbal,Composite,Stratovolcano | Lava dome,Andesite / Basaltic Andesite | Dacite,,Subduction zone | Continental crust (> 25 km),1405,10206,244853,1800919,1926 CE,1926 Dec 20 - 1926 Dec 21 || 1877 Dec 16 ± 15 days - Unknown,,
351110,Chiles-Cerro Negro,Composite,Stratovolcano | Caldera,Dacite | Andesite / Basaltic Andesite,,Subduction zone | Continental crust (> 25 km),977,4573,151519,1826460,1936 CE,1936 Jul 17 - Unknown,,
352001,Soche,Composite,Stratovolcano | Caldera | Lava dome(s),Dacite | Andesite / Basaltic Andesite,,Subduction zone | Continental crust (> 25 km),123,1460,70322,1840573,6650 BCE,6650 BCE (?) - Unknown,,
352002,Chachimbiro,Composite,Stratovolcano | Caldera | Lava dome(s),Dacite | Andesite / Basaltic Andesite,,Subduction zone | Continental crust (> 25 km),125,5299,356162,3253458,3740 BCE,3740 BCE (?) - Unknown,,
352003,Cuicocha,Caldera,Caldera | Lava dome(s),Dacite,,Subduction zone | Continental crust (> 25 km),178815,178815,364146,3193683,650 CE,0650 (?) - Unknown || 0950 BCE (?) - Unknown || 1150 BCE ± 150 years - Unknown || 2550 BCE (?) - Unknown,,
352004,Imbabura,Composite,Compound | Lava dome(s),Andesite / Basaltic Andesite | Dacite,,Subduction zone | Continental crust (> 25 km),538,96294,477043,3245887,5550 BCE,5550 BCE ± 500 years - Unknown,,
352005,Mojanda,Composite,Stratovolcano(es) | Caldera(s) | Lava dome(s),Andesite / Basaltic Andesite | Dacite | Rhyolite,,Subduction zone | Continental crust (> 25 km),173,15510,480382,3071030,Unknown - Evidence Uncertain,,,
352006,Cayambe,Composite,Compound | Lava dome(s) | Pyroclastic cone,Andesite / Basaltic Andesite | Dacite,Rhyolite,Subduction zone | Continental crust (> 25 km),70,1148,109630,3154986,1786 CE,1785 Feb - 1786 Mar || 1700 (?) - Unknown || 1590 (?) - Unknown || 1570 (?) - Unknown || 1440 (?) - Unknown || 1290 (?) - Unknown || 1270 (?) - Unknown || 1040 (?) - Unknown || 0880 (?) - Unknown || 0260 (?) - Unknown || 0200 (?) - Unknown || 0170 (?) - Unknown || 0010 (?) - Unknown || 0180 BCE (?) - Unknown || 0230 BCE (?) - Unknown || 0260 BCE (?) - Unknown || 0460 BCE (?) - Unknown || 0510 BCE (?) - Unknown || 0560 BCE (?) - Unknown || 1300 BCE (?) - Unknown || 1650 BCE (?) - Unknown || 1800 BCE (?) - Unknown,,
352010,Reventador,Composite,Stratovolcano | Caldera | Lava dome(s),Andesite / Basaltic Andesite | Basalt / Picro-Basalt | Dacite,,Subduction zone | Continental crust (> 25 km),484,963,4403,2619647,2026 CE,2008 Jul 27 - 2026 Mar 25 (continuing) || 2007 Mar 15 ± 7 days - 2007 Oct 11 (?) || 2004 Nov 7 ± 3 days - 2006 Mar 16 ± 15 days || 2002 Nov 3 - 2003 Jan 10 (?) || 1976 Jan 4 - 1976 May 16 ± 15 days || 1973 Nov 16 ± 15 days - 1974 Jul 16 ± 15 days || 1972 Jul 16 ± 15 days - 1972 Sep 16 ± 15 days || 1960 Jun 16 ± 15 days - Unknown || 1958 Nov 16 ± 15 days - Unknown || 1955 Jul 2 ± 182 days - Unknown || 1944 Feb 24 - 1944 Mar 1 || 1936 Aug 27 - Unknown || 1929 Jul 2 ± 182 days - Unknown || 1926 Jan 5 ± 4 days - 1926 May 16 ± 15 days || 1912 Feb 16 ± 15 days - 1912 Mar 16 ± 15 days || 1898 Apr 8 - 1906 Jul 2 ± 182 days || 1894 Jul 2 ± 182 days - Unknown || 1871 Jan 30 - Unknown || 1856 Dec 12 - 1856 Dec 13 || 1844 Jul 2 ± 182 days - Unknown || 1843 Dec 7 - Unknown || 1843 Jul 2 (in or before) ± 182 days - Unknown || 1797 Jan - Unknown || 1691 - Unknown || 1590 - Unknown || 1541 Apr - Unknown,,
352011,Pululahua,Caldera,Caldera | Lava dome(s),Dacite,,Subduction zone | Continental crust (> 25 km),534403,534403,1192411,3330856,290 CE,0290 (?) - Unknown || 0450 BCE ± 150 years - Unknown || 0690 BCE ± 150 years - Unknown || 4800 BCE (?) - Unknown,,
352020,Guagua Pichincha,Composite,Stratovolcano | Caldera(s) | Lava dome(s),Andesite / Basaltic Andesite | Dacite,,Subduction zone | Continental crust (> 25 km),449,32488,2064475,3581801,2002 CE,2009 Feb 16 - 2009 Feb 17 || 2008 Feb 1 - 2008 Feb 1 || 2003 Apr 17 (on or before) - 2003 Apr 17 || 2002 Oct 11 - 2002 Dec 7 || 2002 Apr 16 ± 15 days - 2002 Apr 16 ± 15 days || 2001 Nov 26 - 2001 Nov 26 || 1998 Aug 7 - 2001 May 25 || 1997 Mar 16 ± 15 days - 1997 Oct 18 || 1993 Mar 9 - 1993 Mar 12 || 1990 Apr 16 - 1990 May 10 || 1985 May 16 ± 15 days - 1985 Jun 16 ± 15 days || 1981 Aug 31 ± 5 days - 1982 Nov 16 (?) ± 15 days || 1881 Mar 10 - Unknown || 1869 Jul 22 - 1869 Aug 24 || 1869 Mar 16 ± 15 days - Unknown || 1868 Aug 16 ± 15 days - Unknown || 1868 Mar 19 - 1868 Mar 22 || 1831 Jul 2 ± 182 days - Unknown || 1830 Jul 2 ± 182 days - Unknown || 1660 Oct 27 - 1660 Nov 28 || 1582 Jun 5 - 1598 || 1580 - Unknown || 1577 - Unknown || 1575 Sep 8 - Unknown || 1566 Oct 17 - 1566 Nov 16 || 1560 - Unknown || 1539 - Unknown || 1538 - Unknown || 1535 - Unknown || 1534 - Unknown || 1533 - Unknown || 0930 ± 100 years - Unknown || 0550 ± 75 years - Unknown || 0070 ± 75 years - Unknown || 1230 BCE ± 75 years - Unknown || 1860 BCE ± 100 years - Unknown || 2090 BCE ± 75 years - Unknown || 3500 BCE (?) - Unknown || 4850 BCE ± 1350 years - Unknown || 6200 BCE (?) - Unknown || 6300 BCE (?) - Unknown || 6400 BCE (?) - Unknown || 6650 BCE (?) - Unknown || 7000 BCE (?) - Unknown,,
352021,Atacazo,Composite,Stratovolcano | Caldera | Lava dome(s),Andesite / Basaltic Andesite | Dacite,,Subduction zone | Continental crust (> 25 km),449,212988,1837303,3769593,320 BCE,0320 BCE ± 16 years - Unknown || 2490 BCE ± 40 years - Unknown || 3490 BCE ± 100 years - Unknown || 6910 BCE (in or before) - Unknown,,
352022,Chacana,Caldera,Caldera | Lava dome(s),Rhyolite | Dacite | Andesite / Basaltic Andesite,,Subduction zone | Continental crust (> 25 km),81716,81716,348743,3292546,1773 CE,1773 - Unknown || 1760 - Unknown || 0050 BCE (?) - Unknown || 1580 BCE ± 10 years - Unknown || 8050 BCE (?) - Unknown,,
352030,Antisana,Composite,Stratovolcano | Caldera(s),Andesite / Basaltic Andesite | Dacite,,Subduction zone | Continental crust (> 25 km),232,2220,56154,3314142,1802 CE,1801 Jul 2 ± 182 days - 1802 May 16 (?) ± 15 days || 1748 (in or before) - Unknown || 1728 - Unknown,,
352031,Aliso,Composite,Stratovolcano | Lava dome(s),Andesite / Basaltic Andesite | Rhyolite | Dacite,,Subduction zone | Continental crust (> 25 km),,,,,2450 BCE,2450 BCE (?) - Unknown,,
352040,Sumaco,Composite,Stratovolcano,Trachybasalt / Tephrite Basanite | Phono-tephrite /  Tephri-phonolite,,Subduction zone | Continental crust (> 25 km),39,324,8384,679867,1895 CE,1933 Feb 16 ± 15 days - Unknown || 1895 Jul 2 ± 30 years ± 182 days - Unknown || 1650 ± 50 years - Unknown,,
352041,Iliniza,Composite,Stratovolcano | Caldera | Lava dome(s),Andesite / Basaltic Andesite | Dacite,Rhyolite,Subduction zone | Continental crust (> 25 km),535,6034,158371,3941221,Unknown - Evidence Credible,,,
352050,Cotopaxi,Composite,Stratovolcano | Caldera | Lava dome(s),Andesite / Basaltic Andesite | Dacite | Rhyolite,,Subduction zone | Continental crust (> 25 km),251,7299,152139,3631492,2023 CE,2022 Oct 21 - 2023 Jul 6 || 2015 Apr 15 - 2015 Aug 13 || 2015 Aug 14 - 2016 Jan 24 || 1942 Feb 17 - 1942 Feb 19 || 1940 Jul 2 ± 182 days - Unknown || 1939 Feb 2 - Unknown || 1931 Jul 2 ± 182 days - Unknown || 1926 Jul 2 ± 182 days - Unknown || 1922 Jul 2 ± 182 days - Unknown || 1908 Jul 2 ± 182 days - 1914 Jul 2 ± 182 days || 1907 Jun 16 ± 15 days - Unknown || 1906 Aug 21 - 1906 Sep 19 || 1905 Jul 2 ± 182 days - Unknown || 1903 Sep 26 - 1904 Dec 16 ± 15 days || 1895 Jul 2 ± 182 days - Unknown || 1886 Jan 16 ± 15 days - Unknown || 1885 Jul 23 - Unknown || 1883 Dec 16 ± 15 days - Unknown || 1883 Aug 16 ± 15 days - Unknown || 1882 Jan 16 ± 15 days - 1882 Mar 16 ± 15 days || 1880 Feb 16 ± 15 days - 1880 Jul 16 ± 15 days || 1879 Feb 26 - 1879 Jun 19 || 1878 Aug 23 - 1878 Aug 24 || 1877 Jan 16 ± 15 days - 1877 Sep 2 || 1870 Jul 2 ± 182 days - 1876 Jul 2 ± 182 days || 1869 Jul 16 ± 15 days - 1869 Aug 16 ± 15 days || 1868 Aug 15 - 1868 Aug 16 || 1867 Jul 2 ± 182 days - Unknown || 1866 Sep 21 - 1866 Sep 26 || 1863 Jul 2 ± 182 days - Unknown || 1860 Jul 2 ± 182 days - 1862 Jul 2 ± 182 days || 1859 Jul 2 ± 182 days - Unknown || 1858 Nov 16 ± 15 days - 1858 Dec 16 ± 15 days || 1857 Jul 2 ± 182 days - Unknown || 1856 Oct 16 ± 15 days - 1856 Dec 16 ± 15 days || 1856 May 16 ± 15 days - Unknown || 1855 Nov 16 ± 15 days - Unknown || 1854 Sep 14 - Unknown || 1854 Apr 3 - Unknown || 1853 Sep 13 - 1853 Sep 15 || 1852 Jul 2 ± 182 days - Unknown || 1851 Jun 16 ± 15 days - Unknown || 1850 Jul 2 ± 182 days - Unknown || 1845 Apr 16 ± 15 days - Unknown || 1844 Jul 2 ± 182 days - Unknown || 1803 Jan 4 - 1803 Jan 5 || 1768 Apr 4 - Unknown || 1766 Feb 10 - 1766 Dec || 1750 Sep 2 ± 1 days - 1750 Sep 4 ± 1 days || 1747 - 1749 || 1746 Feb - Unknown || 1744 May - 1744 Dec || 1743 Sep 27 - 1743 Oct 4 || 1743 Apr - Unknown || 1742 Dec 9 - Unknown || 1742 Jun 15 - 1742 Jul || 1740 - 1741 || 1738 - Unknown || 1698 - Unknown || 1534 Jun - 1534 Jul || 1533 Oct - 1533 Nov || 1532 Nov 15 - Unknown || 1350 (?) - Unknown || 1260 ± 150 years - Unknown || 1130 ± 75 years - Unknown || 0950 (?) - Unknown || 0770 ± 75 years - Unknown || 0740 ± 75 years - Unknown || 0550 ± 200 years - Unknown || 0370 ± 200 years - Unknown || 0180 ± 100 years - Unknown || 0150 (?) - Unknown || 0070 ± 150 years - Unknown || 0050 BCE (?) - Unknown || 0230 BCE ± 200 years - Unknown || 0400 BCE (?) - Unknown || 1050 BCE (?) - Unknown || 1510 BCE ± 150 years - Unknown || 2050 BCE (?) - Unknown || 2220 BCE ± 100 years - Unknown || 2250 BCE - Unknown || 2640 BCE ± 200 years - Unknown || 3280 BCE ± 500 years - Unknown || 3880 BCE ± 75 years - Unknown || 4350 BCE ± 75 years - Unknown || 5820 BCE ± 75 years - Unknown || 7690 BCE ± 75 years - Unknown,,
352060,Quilotoa,Caldera,Caldera | Lava dome(s),Dacite,Andesite / Basaltic Andesite,Subduction zone | Continental crust (> 25 km),40429,40429,124306,4333779,1280 CE,1797 Feb 4 - Unknown || 1759 - Unknown || 1740 Dec - Unknown || 1725 - Unknown || 1280 (?) - Unknown,,
352071,Chimborazo,Composite,Stratovolcano | Caldera,Andesite / Basaltic Andesite | Dacite,Rhyolite,Subduction zone | Continental crust (> 25 km),442,7561,463426,2325666,550 CE,0550 ± 150 years - Unknown || 0270 ± 150 years - Unknown || 2500 BCE ± 1500 years - Unknown || 4130 BCE ± 150 years - Unknown || 5410 BCE ± 75 years - Unknown || 7500 BCE ± 2500 years - Unknown,,
352080,Tungurahua,Composite,Stratovolcano,Andesite / Basaltic Andesite | Dacite,,Subduction zone | Continental crust (> 25 km),476,20990,183640,1571744,2016 CE,2012 Dec 14 - 2013 Jan 24 || 2013 Mar 1 - 2013 Mar 24 || 2013 Apr 24 - 2013 May 15 || 2013 Jul 13 - 2013 Aug 23 || 2013 Oct 6 - 2013 Nov 12 || 2014 Jan 30 - 2014 May 11 || 2014 Jul 27 - 2014 Dec 15 || 2015 Apr 5 - 2015 May 20 || 2015 Jul 1 - 2015 Nov 23 || 2016 Feb 26 - 2016 Mar 16 || 2011 Nov 27 - 2012 Sep 4 || 2011 Apr 20 - 2011 May 26 || 2010 Nov 22 - 2011 Jan 2 || 2010 Jan 1 - 2010 Mar 22 || 2010 May 26 - 2010 Aug 1 || 1999 Oct 5 - 2009 Jul 8 ± 7 days || 1993 May 6 - 1993 May 6 || 1944 Jul 2 ± 182 days - Unknown || 1916 Mar 3 - 1925 Dec 1 ± 30 days || 1900 Jul 2 ± 182 days - Unknown || 1886 Jan 11 - 1888 Jul 2 ± 1 years ± 182 days || 1885 Jan 16 (?) ± 15 days - 1885 Oct 16 || 1857 Sep 10 (?) - Unknown || 1781 - Unknown || 1777 - Unknown || 1776 Jan 3 - Unknown || 1773 Feb 4 - 1773 Jul (?) || 1757 - Unknown || 1644 - 1646 (?) || 1640 - 1641 || 1557 - Unknown || 1350 ± 50 years - Unknown || 1250 ± 50 years - Unknown || 1030 ± 75 years - Unknown || 0800 (?) - Unknown || 0730 ± 200 years - Unknown || 0600 (?) - Unknown || 0480 ± 75 years - Unknown || 0350 (?) - Unknown || 0200 (?) - Unknown || 0100 (?) - Unknown || 0050 BCE (?) - Unknown || 0100 BCE (?) - Unknown || 0270 BCE ± 100 years - Unknown || 0500 BCE (?) - Unknown || 1010 BCE ± 100 years - Unknown || 7750 BCE (?) - Unknown,,
352081,Licto,Minor (Basaltic),Pyroclastic cone(s),Andesite / Basaltic Andesite,,Subduction zone | Continental crust (> 25 km),250144,250144,333276,1806438,Unknown - Evidence Uncertain,,,
352090,Sangay,Composite,Stratovolcano | Caldera(s),Andesite / Basaltic Andesite,Dacite | Basalt / Picro-Basalt,Subduction zone | Continental crust (> 25 km),231,1675,15130,1355275,2026 CE,2019 Mar 26 - 2026 Mar 25 (continuing) || 2018 Jun 8 (?) - 2018 Dec 17 || 2018 Feb 25 - 2018 Feb 25 || 2017 Jul 20 - 2017 Oct 19 || 2016 Mar 17 ± 2 days - 2016 Aug 1 || 2016 Oct 10 ± 2 days - 2016 Oct 10 ± 2 days || 2016 Nov 16 - 2016 Nov 17 || 2015 Jan 18 - 2015 Apr 7 || 2013 Jan 25 - 2013 May 24 || 2011 Jun 6 - 2012 Sep 19 || 1934 Aug 8 - 2011 Mar 2 || 1728 Sep 30 ± 30 days - 1916 Jul 2 (in or before) ± 182 days || 1628 Oct - Unknown,,
353010,Fernandina,Shield,Shield | Caldera | Pyroclastic cone(s),Basalt / Picro-Basalt,,Rift zone | Oceanic crust (< 15 km),129,129,208,1972,2024 CE,2024 Mar 2 - 2024 May 8 || 2020 Jan 12 - 2020 Jan 13 || 2018 Jun 16 - 2018 Jun 21 || 2017 Sep 4 - 2017 Sep 8 ± 1 days || 2009 Apr 10 - 2009 Apr 28 (?) || 2005 May 13 - 2005 May 29 (?) || 1995 Jan 25 - 1995 Apr 8 (?) || 1991 Apr 19 - 1991 Apr 24 || 1988 Sep 14 - 1988 Sep 16 || 1984 Mar 30 - Unknown || 1981 Aug 1 ± 270 days - Unknown || 1978 Aug 8 - 1978 Aug 26 || 1977 Mar 23 - 1977 Mar 27 || 1973 Dec 9 - 1973 Dec 16 ± 1 days || 1972 Jun 4 ± 45 days - Unknown || 1968 Jun 11 - 1968 Jul 4 (on or before) || 1968 May 21 - 1968 May 23 ± 1 days || 1961 Mar 21 ± 1 days - 1961 Sep 16 ± 15 days || 1958 Sep 16 (?) ± 15 days - 1958 Dec 30 (on or after) || 1937 Mar 16 ± 15 days - 1937 Apr 16 ± 15 days || 1927 Dec 13 (on or before) - Unknown || 1926 Jul 2 ± 182 days - Unknown || 1917 May 14 - Unknown || 1888 Apr 10 (?) - Unknown || 1846 Nov 6 (on or before) - 1846 Nov 24 (on or after) || 1825 Feb 14 - 1825 Oct 16 (on or after) ± 15 days || 1819 May 15 - 1819 May 18 || 1817 Jul 2 (in or before) ± 182 days - Unknown || 1814 Jul 16 ± 15 days - 1814 Aug 16 ± 15 days || 1813 Jul 14 (on or before) - Unknown || 1550 (in or after) - Unknown || 1150 (in or after) - Unknown || 0950 ± 500 years - Unknown,,
353011,Ecuador,Shield,Shield | Caldera | Pyroclastic cone(s),Basalt / Picro-Basalt,,Rift zone | Oceanic crust (< 15 km),135,135,193,894,1150 CE,1150 (in or after) - Unknown,,
353020,Wolf,Shield,Shield | Caldera | Pyroclastic cone(s),Basalt / Picro-Basalt,,Rift zone | Oceanic crust (< 15 km),165,165,237,1673,2022 CE,2022 Jan 6 - 2022 Apr 14 || 2015 May 25 - 2015 Jul 16 || 1982 Aug 28 - 1982 Sep 6 (?) || 1973 Oct 25 - 1973 Oct 29 || 1963 Mar 4 - 1963 Mar 16 (on or after) || 1948 Jan 24 - 1948 Jan 31 (on or after) || 1938 Jul 2 ± 182 days - Unknown || 1935 Feb 16 ± 15 days - Unknown || 1933 Jul 2 ± 182 days - Unknown || 1925 Apr 11 - 1926 Mar 26 (on or after) || 1859 Aug 26 - 1859 Aug 29 || 1849 Sep 27 - 1849 Sep 27 || 1800 Aug 21 - 1800 Aug 21 || 1797 Aug - Unknown || 1450 (in or after) - Unknown || 0950 (in or after) - Unknown || 0150 ± 800 years - Unknown,,
353030,Darwin,Shield,Shield | Caldera | Pyroclastic cone(s),Basalt / Picro-Basalt,Andesite / Basaltic Andesite,Rift zone | Oceanic crust (< 15 km),190,190,343,2366,1813 CE,1813 Jun 6 - 1813 Jun 7 (?) || 1150 ± 300 years - Unknown || 0210 ± 500 years - Unknown,,
353040,Alcedo,Shield,Shield | Caldera | Pyroclastic cone(s),Basalt / Picro-Basalt,Rhyolite | Dacite | Andesite / Basaltic Andesite,Rift zone | Oceanic crust (< 15 km),290,290,388,10756,1993 CE,1993 Dec 5 ± 20 days - Unknown || 1953 Jul 2 ± 7 years ± 182 days - Unknown,,
353050,Sierra Negra,Shield,Shield | Caldera | Pyroclastic cone(s),Basalt / Picro-Basalt,,Rift zone | Oceanic crust (< 15 km),408,408,983,9884,2018 CE,2018 Jun 26 - 2018 Aug 23 || 2005 Oct 22 - 2005 Oct 30 || 1979 Nov 13 - 1980 Jan 14 (on or after) || 1963 Apr 13 - 1963 May 16 ± 15 days || 1957 Jul 2 ± 182 days - Unknown || 1954 Nov 9 - Unknown || 1953 Aug 27 - 1954 Jan 16 ± 15 days || 1948 Aug 16 ± 15 days - 1949 Feb 16 (?) ± 15 days || 1911 Dec 31 ± 365 days - Unknown || 1860 Jul 2 ± 182 days - Unknown || 1844 Jul 2 ± 182 days - Unknown || 1817 Jul 2 ± 182 days - Unknown || 1813 Jul 13 - Unknown || 1350 ± 500 years - Unknown || 1060 ± 500 years - Unknown || 0370 ± 1100 years - Unknown || 1250 BCE ± 100 years - Unknown || 8250 BCE ± 1600 years - Unknown,,
353060,Cerro Azul,Shield,Shield | Caldera | Pyroclastic cone(s),Basalt / Picro-Basalt,,Rift zone | Oceanic crust (< 15 km),220,220,314,1936,2008 CE,2008 May 29 - 2008 Jun 17 || 1998 Sep 15 - 1998 Oct 21 || 1979 Jan 29 - 1979 Mar 4 (on or after) || 1968 Jun 12 - Unknown || 1959 Jun 29 - 1959 Jul 31 (?) || 1951 Jul 2 ± 182 days - Unknown || 1949 Jul 2 (?) ± 182 days - Unknown || 1948 Jun 30 ± 30 days - Unknown || 1943 Apr 13 ± 2 days - 1943 May 11 (?) || 1940 Jul 2 ± 182 days - Unknown || 1932 Jul 2 ± 182 days - Unknown || 1850 Jul 2 (in or after) ± 182 days - Unknown || 1250 (in or after) - Unknown || 0550 BCE ± 1300 years - Unknown || 0950 BCE ± 900 years - Unknown,,
353070,Pinta,Shield,Shield | Pyroclastic cone(s),Basalt / Picro-Basalt,,Rift zone | Oceanic crust (< 15 km),427,427,427,1626,Unknown - Eruption Observed,1928 Jul 2 ± 182 days - Unknown,,
353080,Marchena,Shield,Shield | Caldera | Pyroclastic cone(s),Basalt / Picro-Basalt,,Rift zone | Oceanic crust (< 15 km),785,785,785,3001,1991 CE,1991 Sep 25 - 1991 Nov 16 (?) ± 15 days,,
353081,Genovesa,Shield,Shield | Caldera,Basalt / Picro-Basalt,,Rift zone | Oceanic crust (< 15 km),197,197,197,2665,Unknown - Evidence Credible,,,
353090,Santiago,Shield,Shield | Pyroclastic cone(s),Basalt / Picro-Basalt,Andesite / Basaltic Andesite | Trachybasalt / Tephrite Basanite | Trachyandesite / Basaltic Trachyandesite | Trachyte / Trachydacite,Rift zone | Oceanic crust (< 15 km),74,74,104,12001,1906 CE,1904 Jul 2 ± 182 days - 1906 Dec 15 ± 45 days || 1897 Jul 2 ± 182 days - Unknown || 1759 ± 75 years - Unknown,,
353091,Santa Cruz,Shield,Shield | Caldera | Pyroclastic cone(s),Basalt / Picro-Basalt | Trachybasalt / Tephrite Basanite,,Rift zone | Oceanic crust (< 15 km),8529,8529,8800,18434,Unknown - Evidence Credible,,,
353120,San Cristóbal,Shield,Shield | Pyroclastic cone(s),Basalt / Picro-Basalt,Trachybasalt / Tephrite Basanite,Rift zone | Oceanic crust (< 15 km),7661,7661,7723,16189,Unknown - Evidence Credible,,,
354000,Quimsachata-Oroscocha,Minor (Silicic),Lava dome | Pyroclastic cone,Rhyolite | Trachyandesite / Basaltic Trachyandesite,,Subduction zone | Continental crust (> 25 km),5061,9561,85048,580016,4450 BCE,4450 BCE (?) - Unknown,,
354001,Cerro Auquihuato,Minor,Pyroclastic cone,No Data (checked),,Subduction zone | Continental crust (> 25 km),213,1324,12228,173927,Unknown - Evidence Uncertain,,,
354002,Sara Sara,Composite,Stratovolcano,Andesite / Basaltic Andesite,,Subduction zone | Continental crust (> 25 km),53,751,18707,127762,Pleistocene,,,
354003,Coropuna,Composite,Stratovolcano,Andesite / Basaltic Andesite | Dacite,,Subduction zone | Continental crust (> 25 km),37,502,15589,136689,Unknown - Evidence Credible,,,
354004,Andahua-Orcopampa,Cluster,Volcanic field | Pyroclastic cone(s),Trachyandesite / Basaltic Trachyandesite,Trachyte / Trachydacite,Subduction zone | Continental crust (> 25 km),10317,10317,16541,171897,1490 CE,1913 Mar 6 - Unknown || 1490 ± 40 years - Unknown || 0940 BCE ± 100 years - Unknown || 2110 BCE ± 50 years - Unknown,,
354005,Huambo,Cluster,Volcanic field,Trachyandesite / Basaltic Trachyandesite,Andesite / Basaltic Andesite,Subduction zone | Continental crust (> 25 km),301,1157,7271,1028814,700 BCE,0700 BCE ± 50 years - Unknown,,
354006,Sabancaya,Composite,Stratovolcano(es) | Lava dome(s),Andesite / Basaltic Andesite | Dacite,,Subduction zone | Continental crust (> 25 km),51,526,12678,1052517,2026 CE,2025 Sep 13 - 2026 Mar 25 (continuing) || 2016 Nov 6 - 2025 Apr 6 || 2015 Mar 8 - 2015 Dec 12 || 2014 Aug 5 - 2014 Dec 27 || 2003 Jul 30 ± 1 days - 2003 Jul 31 (?) || 2000 Apr 16 (?) ± 15 days - 2000 Oct 29 (on or after) || 1990 May 28 - 1998 Sep 16 (?) ± 15 days || 1988 Jun 22 - 1988 Oct 16 (?) ± 15 days || 1987 Aug 7 - Unknown || 1986 Dec 16 ± 15 days - Unknown || 1784 Jul - Unknown || 1750 - Unknown || 1350 ± 150 years - Unknown || 3490 BCE ± 40 years - Unknown || 6600 BCE (?) - Unknown,,
354007,Chachani Volcanic Complex,Cluster,Stratovolcano | Lava dome(s) | Shield,Andesite / Basaltic Andesite | Dacite | Rhyolite,,Subduction zone | Continental crust (> 25 km),97,1182,887176,1032411,Pleistocene,,,
354010,El Misti,Composite,Stratovolcano | Caldera | Pyroclastic cone,Andesite / Basaltic Andesite | Dacite | Rhyolite,,Subduction zone | Continental crust (> 25 km),82,1507,918280,1052408,1985 CE,1985 Jul 2 ± 182 days - Unknown || 1870 Mar 16 ± 15 days - Unknown || 1869 Sep 16 ± 15 days - Unknown || 1831 Aug 16 ± 15 days - Unknown || 1830 Aug 16 ± 15 days - Unknown || 1826 Aug 16 ± 15 days - Unknown || 1787 Jul 28 - 1787 Oct 10 || 1784 Jul 9 - Unknown || 1677 May 2 - Unknown || 1599 - Unknown || 1542 - Unknown || 1454 ± 16 years - Unknown || 1350 ± 50 years - Unknown || 0760 ± 100 years - Unknown || 0090 ± 300 years - Unknown || 0080 BCE ± 75 years - Unknown || 0310 BCE ± 100 years - Unknown || 2230 BCE ± 200 years - Unknown || 3510 BCE ± 150 years - Unknown || 4020 BCE ± 200 years - Unknown || 5390 BCE ± 75 years - Unknown || 7190 BCE ± 150 years - Unknown,,
354020,Ubinas,Composite,Stratovolcano | Caldera(s) | Lava dome(s) | Pyroclastic cone,Andesite / Basaltic Andesite | Trachyandesite / Basaltic Trachyandesite | Dacite | Rhyolite,,Subduction zone | Continental crust (> 25 km),180,1195,14607,1136785,2024 CE,2024 May 6 - 2024 Jun 11 (?) || 2023 Jun 22 - 2023 Dec 15 || 2019 Jun 24 - 2019 Sep 12 || 2016 Sep 13 - 2017 Mar 2 || 2013 Sep 1 - 2016 Feb 27 || 2010 Jul 18 - 2010 Jul 18 || 2006 Mar 25 (?) - 2009 Jul 4 (?) || 1969 Jun 16 ± 15 days - Unknown || 1956 May 16 ± 15 days - 1956 Oct 21 || 1951 Jul 23 ± 8 days - Unknown || 1937 Jun 16 ± 15 days - Unknown || 1907 Jul 2 ± 182 days - Unknown || 1906 Oct 16 ± 15 days - Unknown || 1869 Oct 16 ± 15 days - Unknown || 1867 May 24 - 1867 May 28 || 1865 Jul 2 ± 182 days - Unknown || 1862 Jul 2 ± 182 days - Unknown || 1830 Jul 2 ± 182 days - Unknown || 1826 Jul 2 ± 182 days - Unknown || 1784 - Unknown || 1677 - Unknown || 1667 - Unknown || 1662 - Unknown || 1600 - Unknown || 1550 ± 50 years - Unknown || 1082 ± 82 years - Unknown || 6850 BCE ± 150 years - Unknown || 8560 BCE ± 300 years - Unknown,,
354030,Huaynaputina,Composite,Stratovolcano | Maar | Lava dome(s),Dacite,,Subduction zone | Continental crust (> 25 km),36,210,9153,1088509,1600 CE,1600 Feb 17 ± 1 days - 1600 Mar 6 (?) || 7750 BCE ± 200 years - Unknown,,
354031,Ticsani,Minor (Silicic),Lava dome(s),Dacite | Rhyolite,,Subduction zone | Continental crust (> 25 km),48,977,18160,227639,1800 CE,1800 Jul 2 ± 200 years ± 182 days - Unknown,,
354040,Tutupaca,Composite,Stratovolcano(es),Andesite / Basaltic Andesite | Rhyolite | Trachyte / Trachydacite,,Subduction zone | Continental crust (> 25 km),18,1125,21124,213931,1802 CE,1902 Jun 16 ± 15 days - 1902 Nov 16 ± 15 days || 1862 Apr 16 ± 15 days - 1862 May 16 ± 15 days || 1802 Mar 20 - 1802 Aug 20 ± 10 days || 1787 - 1789 || 1780 - 1780,,
354050,Yucamane,Composite,Stratovolcano(es) | Lava dome(s),Andesite / Basaltic Andesite,,Subduction zone | Continental crust (> 25 km),51,692,10396,467713,1320 BCE,1320 BCE (?) - Unknown,,
354060,Nevados Casiri,Composite,Stratovolcano(es) | Lava dome,Trachyte / Trachydacite | Trachyandesite / Basaltic Trachyandesite,,Subduction zone | Continental crust (> 25 km),233,922,15247,419038,Unknown - Evidence Credible,,,
355010,Tacora,Composite,Stratovolcano(es),Andesite / Basaltic Andesite,,Subduction zone | Continental crust (> 25 km),7,539,8757,411691,Pleistocene,1937 Aug 5 - Unknown || 1930 Jul 2 ± 182 days - Unknown,,
355011,Taapaca,Composite,Complex | Lava dome(s),Dacite | Andesite / Basaltic Andesite,,Subduction zone | Continental crust (> 25 km),3,87,1994,505369,320 BCE,0320 BCE ± 50 years - Unknown || 1580 BCE ± 75 years - Unknown || 1860 BCE ± 100 years - Unknown || 2400 BCE ± 75 years - Unknown || 2950 BCE ± 75 years - Unknown || 4620 BCE ± 75 years - Unknown || 5490 BCE ± 50 years - Unknown || 7900 BCE ± 75 years - Unknown,,
355012,Parinacota,Composite,Stratovolcano | Pyroclastic cone(s) | Lava dome(s),Andesite / Basaltic Andesite | Trachyandesite / Basaltic Trachyandesite | Dacite | Rhyolite,,Subduction zone | Continental crust (> 25 km),18,123,3442,63717,290 CE,0290 ± 300 years - Unknown || 0090 ± 50 years - Unknown || 1100 BCE ± 500 years - Unknown || 4320 BCE ± 1200 years - Unknown || 5840 BCE ± 50 years - Unknown || 7950 BCE - Unknown,,
355020,Guallatiri,Composite,Stratovolcano | Lava dome(s),Andesite / Basaltic Andesite | Dacite | Rhyolite,,Subduction zone | Continental crust (> 25 km),0,63,2290,45906,1960 CE,1985 Dec 1 - Unknown || 1960 Dec 2 - Unknown || 1959 Jul 15 ± 5 days - Unknown || 1913 Jul 2 ± 182 days - Unknown || 1908 Jul 2 ± 182 days - Unknown || 1825 Jul 2 ± 25 years ± 182 days - Unknown,,
355030,Isluga,Composite,Stratovolcano,Andesite / Basaltic Andesite | Dacite,,Subduction zone | Continental crust (> 25 km),1,703,5961,32205,1913 CE,1960 Jul 2 ± 182 days - Unknown || 1913 Jul 2 ± 182 days - Unknown || 1885 Jul 2 ± 182 days - Unknown || 1878 Feb 16 ± 15 days - Unknown || 1877 Jul 2 ± 182 days - Unknown || 1869 Aug 16 ± 15 days - Unknown || 1868 Jul 2 ± 182 days - Unknown || 1863 Aug 16 ± 15 days - Unknown,,
355032,Tata Sabaya,Composite,Stratovolcano | Lava dome(s),Andesite / Basaltic Andesite,,Subduction zone | Continental crust (> 25 km),97,519,6266,40064,Unknown - Evidence Credible,,,
355040,Irruputuncu,Composite,Stratovolcano,Andesite / Basaltic Andesite,,Subduction zone | Continental crust (> 25 km),68,239,2852,16017,1995 CE,1995 Sep 1 - 1995 Sep 26 || 1989 Dec 16 ± 15 days - Unknown,,
355050,Olca-Paruma,Composite,Stratovolcano(es),Andesite / Basaltic Andesite | Dacite,,Subduction zone | Continental crust (> 25 km),20,225,2318,16180,Unknown - Eruption Observed,1865 Jul 2 ± 182 days - 1867 Jul 2 ± 182 days,,
355090,Putana,Composite,Stratovolcano | Lava dome(s),Dacite | Andesite / Basaltic Andesite,,Subduction zone | Continental crust (> 25 km),24,80,1609,12788,1810 CE,1972 Jul 2 ± 182 days - Unknown || 1810 Jul 2 ± 10 years ± 182 days - Unknown,,
355091,Sairecábur,Composite,Stratovolcano(es) | Caldera | Lava dome(s),Andesite / Basaltic Andesite | Dacite,,Subduction zone | Continental crust (> 25 km),21,69,1721,11172,Unknown - Evidence Credible,,,
355092,Licancabur,Composite,Stratovolcano,Andesite / Basaltic Andesite | Dacite,,Subduction zone | Continental crust (> 25 km),10,86,1650,12389,Unknown - Evidence Credible,,,
355093,Guayaques,Minor,Lava dome(s),Dacite | Andesite / Basaltic Andesite,,Subduction zone | Continental crust (> 25 km),2,26,408,9770,Unknown - Evidence Credible,,,
355094,Purico Complex,Shield,Shield(pyroclastic) | Stratovolcano(es) | Lava dome(s) | Maar,Dacite | Andesite / Basaltic Andesite | Rhyolite,,Subduction zone | Continental crust (> 25 km),0,11,1024,10741,Unknown - Evidence Credible,,,
355095,Colachi,Composite,Stratovolcano,Andesite / Basaltic Andesite | Dacite | Rhyolite,,Subduction zone | Continental crust (> 25 km),0,3,238,7964,Unknown - Evidence Credible,,,
355096,Acamarachi,Composite,Stratovolcano | Lava dome,Dacite | Andesite / Basaltic Andesite,,Subduction zone | Continental crust (> 25 km),0,7,294,9092,Unknown - Evidence Credible,,,
355098,Chiliques,Composite,Stratovolcano,Andesite / Basaltic Andesite,,Subduction zone | Continental crust (> 25 km),0,2,368,6797,Unknown - Evidence Uncertain,,,
355100,Láscar,Composite,Stratovolcano(es) | Lava dome(s),Andesite / Basaltic Andesite | Dacite,,Subduction zone | Continental crust (> 25 km),0,70,570,8119,2026 CE,2026 Feb 8 - 2026 Feb 8 || 2022 Dec 10 - 2023 Feb 3 ± 1 days || 2015 Oct 30 - 2017 Apr 2 ± 1 days || 2013 Apr 2 - 2013 Apr 4 || 2013 Jul 1 - 2013 Jul 17 || 2013 Oct 1 - 2013 Nov 20 || 2006 Apr 18 - 2007 Jul 18 (?) || 2005 May 4 - 2005 May 4 || 2003 Dec 9 - 2003 Dec 9 || 2002 Oct 26 - 2002 Oct 27 || 2001 May 17 (?) - 2001 Jul 5 (?) || 2000 Jul 20 - 2001 Jan 18 (?) || 1996 Oct 18 - 1996 Oct 18 || 1994 Nov 13 - 1995 Jul 20 || 1994 Jul 20 - 1994 Jul 26 || 1993 Dec 17 - 1994 Feb 27 || 1993 Jan 30 - 1993 Aug 16 ± 15 days || 1991 Oct 21 - 1992 May 23 (?) || 1990 Nov 24 - 1990 Nov 24 || 1987 Nov 16 (on or before) ± 15 days - 1990 Apr 6 || 1986 Sep 14 - 1986 Sep 16 || 1984 Dec 16 ± 15 days - 1985 Jul 16 ± 15 days || 1974 Jul 16 ± 15 days - 1974 Sep 16 ± 15 days || 1972 Jul 2 ± 182 days - Unknown || 1969 May 16 - Unknown || 1959 Nov 16 ± 15 days - 1968 Jan 31 (on or after) || 1954 Jun 16 ± 15 days - 1954 Jul 16 ± 15 days || 1951 Nov 16 ± 15 days - 1952 Feb 19 || 1940 Jul 2 ± 182 days - Unknown || 1933 Oct 9 - 1933 Dec 16 ± 15 days || 1902 Jul 2 ± 182 days - Unknown || 1898 Jul 2 ± 182 days - 1900 Jul 2 (?) ± 182 days || 1883 Jul 2 ± 182 days - 1885 Jul 2 ± 182 days || 1875 Jul 2 ± 182 days - Unknown || 1858 Apr 16 ± 15 days - 1858 Dec 16 ± 15 days || 1854 Jan 20 - 1854 Jan 30 || 1853 Jul 2 ± 182 days - Unknown || 1848 Jul 2 ± 182 days - Unknown || 5150 BCE ± 1250 years - Unknown || 7250 BCE (?) - Unknown,,
355101,Cordón de Puntas Negras,Composite,Stratovolcano(es) | Lava dome(s) | Maar(s),Andesite / Basaltic Andesite | Dacite,,Subduction zone | Continental crust (> 25 km),0,0,217,5798,Unknown - Evidence Credible,,,
355102,Miñiques,Composite,Stratovolcano(es) | Lava dome(s),Andesite / Basaltic Andesite | Dacite,,Subduction zone | Continental crust (> 25 km),3,39,505,5618,Unknown - Evidence Uncertain,,,
355103,Cerro Tujle,Minor,Maar,No Data (checked),,Subduction zone | Continental crust (> 25 km),2,17,1968,5287,Unknown - Evidence Credible,,,
355104,Caichinque,Composite,Stratovolcano(es),Andesite / Basaltic Andesite | Dacite,,Subduction zone | Continental crust (> 25 km),0,8,148,6193,Unknown - Evidence Uncertain,,,
355105,Tilocalar,Minor,Lava cone(es),Andesite / Basaltic Andesite,,Subduction zone | Continental crust (> 25 km),5,9,487,6154,Unknown - Evidence Uncertain,,,
355107,Pular,Composite,Stratovolcano(es),Andesite / Basaltic Andesite | Dacite,,Subduction zone | Continental crust (> 25 km),0,0,50,5000,Unknown - Evidence Uncertain,1990 Apr 24 - 1990 Apr 24,,
355108,La Negrillar,Minor,Pyroclastic cone(s),Andesite / Basaltic Andesite,,Subduction zone | Continental crust (> 25 km),19,104,791,9301,Unknown - Evidence Uncertain,,,
355109,Socompa,Composite,Stratovolcano | Lava dome(s),Dacite | Andesite / Basaltic Andesite,,Subduction zone | Continental crust (> 25 km),5,113,538,8620,5250 BCE,5250 BCE (?) - Unknown,,
355110,Llullaillaco,Composite,Stratovolcano | Lava dome(s),Dacite,Trachyte / Trachydacite,Subduction zone | Continental crust (> 25 km),0,18,391,9859,1877 CE,1877 May 16 ± 15 days - Unknown || 1868 Sep 16 ± 15 days - Unknown || 1854 Feb 10 - Unknown,,
355112,Corrida de Cori Volcanic Field,Composite,Stratovolcano,Andesite / Basaltic Andesite | Dacite,,Subduction zone | Continental crust (> 25 km),1,17,227,7141,Unknown - Evidence Uncertain,,,
355120,Lastarria,Composite,Stratovolcano | Compound | Lava dome,Andesite / Basaltic Andesite | Dacite,,Subduction zone | Continental crust (> 25 km),0,14,259,7771,Unknown - Evidence Credible,,,
355121,Cordón del Azufre,Composite,Complex,Andesite / Basaltic Andesite | Dacite,,Subduction zone | Continental crust (> 25 km),0,2,160,7814,Unknown - Evidence Credible,,,
355122,Cerro Bayo Gorbea,Composite,Complex,Andesite / Basaltic Andesite | Dacite,,Subduction zone | Continental crust (> 25 km),0,26,288,7824,Unknown - Evidence Credible,,,
355123,Sierra Nevada,Composite,Complex,No Data (checked),,Subduction zone | Continental crust (> 25 km),27,27,232,7638,Unknown - Evidence Credible,,,
355124,Falso Azufre,Composite,Complex,No Data (checked),,Subduction zone | Continental crust (> 25 km),0,13,215,9979,Unknown - Evidence Uncertain,,,
355125,Nevado de Incahuasi,Composite,Stratovolcano(es) | Caldera(s) | Lava dome(s) | Pyroclastic cone(s),Dacite | Andesite / Basaltic Andesite,,Subduction zone | Continental crust (> 25 km),1,11,534,12195,Unknown - Evidence Uncertain,,,
355130,Nevados Ojos del Salado,Composite,Stratovolcano | Caldera | Lava dome(s) | Pyroclastic cone(s),Dacite | Andesite / Basaltic Andesite | Rhyolite,,Subduction zone | Continental crust (> 25 km),0,11,572,10774,750 CE,1993 Nov 14 - 1993 Nov 14 || 0750 ± 250 years - Unknown,,
355131,El Solo,Composite,Stratovolcano,Dacite,,Subduction zone | Continental crust (> 25 km),0,0,482,9975,Unknown - Evidence Credible,,,
355150,Tuzgle,Composite,Stratovolcano | Caldera | Lava dome(s),Dacite | Andesite / Basaltic Andesite,,Subduction zone | Continental crust (> 25 km),42,217,4740,22953,Pleistocene,,,
355160,Aracar,Composite,Stratovolcano,Andesite / Basaltic Andesite | Dacite,,Subduction zone | Continental crust (> 25 km),0,0,94,4803,Unknown - Evidence Credible,1993 Mar 28 - Unknown,,
355161,Central Andean Arc at 25.1°S,Minor,Pyroclastic cone,Andesite / Basaltic Andesite,,Subduction zone | Continental crust (> 25 km),0,61,123,6790,Unknown - Evidence Credible,,,
355180,Antofagasta Volcanic Field,Cluster,Volcanic field | Pyroclastic cone(s),Andesite / Basaltic Andesite,,Subduction zone | Continental crust (> 25 km),188,188,257,4295,Pleistocene,,,
355190,El Cóndor,Composite,Stratovolcano | Caldera | Pyroclastic cone(s),No Data (checked),,Subduction zone | Continental crust (> 25 km),0,0,62,8951,Unknown - Evidence Credible,,,
355200,Peinado,Composite,Stratovolcano,Andesite / Basaltic Andesite,,Subduction zone | Continental crust (> 25 km),0,0,47,8585,Unknown - Evidence Credible,,,
355210,Cerro Blanco,Caldera,Caldera | Lava dome,Rhyolite,,Subduction zone | Continental crust (> 25 km),39,39,65,14279,2300 BCE,2300 BCE ± 160 years - Unknown,,
355220,Tipas,Composite,Complex,No Data (checked),,Subduction zone | Continental crust (> 25 km),0,4,343,11101,Unknown - Evidence Credible,,,
356011,Rapa Nui,Shield,Shield(s) | Caldera(s) | Lava dome(s) | Pyroclastic cone(s),Basalt / Picro-Basalt | Trachyandesite / Basaltic Trachyandesite | Trachybasalt / Tephrite Basanite | Rhyolite,Trachyte / Trachydacite,Rift zone | Oceanic crust (< 15 km),698,4029,4091,4091,Unknown - Evidence Credible,,,
357010,Tupungatito,Composite,Stratovolcano | Caldera | Pyroclastic cone,Andesite / Basaltic Andesite | Dacite,,Subduction zone | Continental crust (> 25 km),612,923,6161,6169105,1987 CE,1987 Nov 28 - 1987 Nov 30 || 1986 Jan 20 - 1986 Jan 20 || 1980 Jan 10 - 1980 Jan 11 || 1968 Jul 2 ± 182 days - Unknown || 1964 Aug 3 - 1964 Sep 19 (on or after) || 1961 May 5 ± 4 days - 1961 Aug 16 (on or after) ± 15 days || 1960 Jul 15 ± 5 days - Unknown || 1959 Oct 16 - Unknown || 1959 Mar 26 ± 5 days - Unknown || 1958 Jan 16 ± 15 days - Unknown || 1946 Jul 2 ± 182 days - 1947 Jul 2 ± 182 days || 1925 Jul 2 ± 182 days - Unknown || 1907 Feb 15 - Unknown || 1901 Apr 16 ± 15 days - Unknown || 1897 Jan 16 ± 15 days - 1897 Apr 12 (on or after) || 1889 Jul 2 ± 182 days - 1890 Jul 2 ± 182 days || 1881 Jul 2 ± 182 days - Unknown || 1861 Jul 2 ± 182 days - Unknown || 1835 Jul 2 ± 182 days - Unknown || 1829 Jul 2 ± 182 days - Unknown,,
357020,San José,Composite,Stratovolcano(es) | Pyroclastic cone(s),Andesite / Basaltic Andesite | Dacite,,Subduction zone | Continental crust (> 25 km),194,616,15963,6615248,1960 CE,1960 Jul 2 ± 182 days - Unknown || 1959 Jul 2 ± 182 days - Unknown || 1895 Jul 2 ± 182 days - 1897 Jul 2 ± 182 days || 1889 Jul 2 ± 182 days - 1890 Jul 2 ± 182 days || 1881 Jul 2 ± 182 days - Unknown || 1838 Jul 2 ± 182 days - Unknown || 1822 Nov 19 - 1838 Jul 2 ± 182 days,,
357021,Maipo,Composite,Caldera | Stratovolcano | Pyroclastic cone(s) | Lava dome,Trachyandesite / Basaltic Trachyandesite | Dacite | Trachyte / Trachydacite | Andesite / Basaltic Andesite | Rhyolite,,Subduction zone | Continental crust (> 25 km),3916,3916,8221,1684481,1912 CE,1912 Jul 2 ± 182 days - Unknown || 1908 Jul 2 ± 182 days - Unknown || 1905 Oct 28 - 1905 Oct 30 || 1881 Jul 2 ± 182 days - Unknown || 1869 Aug 24 - Unknown || 1837 Jul 2 ± 182 days - Unknown || 1835 Jul 2 ± 182 days - Unknown || 1833 Jul 2 ± 182 days - Unknown || 1831 Feb 16 - Unknown || 1829 Sep 26 - Unknown || 1826 Mar 1 - Unknown || 1822 Jul 2 ± 182 days - Unknown || 1788 - Unknown,,
357022,Palomo,Composite,Stratovolcano | Caldera(s),Andesite / Basaltic Andesite | Dacite,,Subduction zone | Continental crust (> 25 km),162,325,4732,965894,Unknown - Evidence Credible,,,
357023,Caldera del Atuel,Caldera,Caldera | Stratovolcano(es) | Pyroclastic cone(s) | Lava dome(s),Andesite / Basaltic Andesite | Dacite | Basalt / Picro-Basalt,,Subduction zone | Continental crust (> 25 km),297,297,1003,676916,Unknown - Evidence Credible,,,
357024,Risco Plateado,Composite,Stratovolcano | Caldera | Pyroclastic cone(s),Andesite / Basaltic Andesite | Basalt / Picro-Basalt | Dacite,,Subduction zone | Continental crust (> 25 km),0,0,522,190076,Unknown - Evidence Uncertain,,,
357030,Tinguiririca,Composite,Stratovolcano | Pyroclastic cone(s),Andesite / Basaltic Andesite | Dacite | Basalt / Picro-Basalt,,Subduction zone | Continental crust (> 25 km),10,47,1883,881383,1917 CE,1994 Jan 15 - 1994 Jan 15 || 1917 Jul 2 ± 182 days - Unknown,,
357040,Planchón-Peteroa,Composite,Stratovolcano(es) | Caldera(s) | Pyroclastic cone(s),Andesite / Basaltic Andesite | Dacite,Basalt / Picro-Basalt,Subduction zone | Continental crust (> 25 km),6,48,1345,634959,2025 CE,2025 Oct 25 - 2025 Dec 4 || 2018 Nov 7 (on or before) - 2019 May 7 ± 1 days || 2011 Feb 17 - 2011 Jun 26 ± 1 days || 2010 Sep 6 - 2010 Oct 13 || 1998 Nov 18 - 1998 Nov 21 || 1991 Feb 9 - 1991 Mar 2 ± 2 days || 1967 Feb 16 ± 15 days - Unknown || 1962 Jan 16 ± 15 days - Unknown || 1960 Jul 10 (?) - Unknown || 1959 Nov 6 - Unknown || 1938 Sep 16 ± 15 days - 1938 Oct 16 ± 15 days || 1937 Apr 16 ± 15 days - 1937 May 5 ± 4 days || 1889 Sep 16 ± 15 days - 1894 Jul 2 (?) ± 182 days || 1878 Jul 2 ± 182 days - Unknown || 1872 Jul 2 ± 182 days - Unknown || 1869 Jul 2 ± 182 days - Unknown || 1860 Jul 2 ± 182 days - Unknown || 1842 Jul 2 ± 182 days - Unknown || 1837 Feb 16 ± 15 days - Unknown || 1835 Jul 2 ± 182 days - Unknown || 1762 Dec 3 - Unknown || 1751 Nov - 1751 Dec || 1660 - Unknown || 0900 ± 100 years - Unknown || 5080 BCE ± 75 years - Unknown,,
357041,Infiernillo,Cluster,Volcanic field,Andesite / Basaltic Andesite,,Intraplate | Continental crust (> 25 km),270,270,1374,40368,6890 BCE,6890 BCE ± 40 years - Unknown,,
357042,Calabozos,Composite,Caldera | Pyroclastic cone(s) | Lava dome,Dacite | Andesite / Basaltic Andesite,,Subduction zone | Continental crust (> 25 km),550,550,1023,305637,Unknown - Evidence Credible,,,
357050,Descabezado Grande,Composite,Stratovolcano(es) | Fissure vent(s) | Pyroclastic cone(s) | Lava dome,Andesite / Basaltic Andesite | Dacite,,Subduction zone | Continental crust (> 25 km),39,142,3454,704116,1933 CE,1932 Jun 5 ± 5 days - 1933 Jul 2 ± 182 days,,
357060,Cerro Azul,Composite,Stratovolcano | Pyroclastic cone(s) | Maar(s),Dacite | Andesite / Basaltic Andesite,Basalt / Picro-Basalt,Subduction zone | Continental crust (> 25 km),9,158,3832,720948,1967 CE,1967 Aug 9 - Unknown || 1949 Apr 15 ± 5 days - Unknown || 1933 Jul 2 ± 182 days - 1938 Jul 25 (?) || 1916 Jul 2 ± 182 days - 1932 Apr 21 || 1914 Sep 8 - Unknown || 1913 Jan 15 ± 45 days - Unknown || 1912 Feb 16 ± 15 days - Unknown || 1907 Jul 28 - Unknown || 1906 Jul 2 ± 182 days - Unknown || 1903 Jan 16 ± 15 days - Unknown || 1846 Nov 26 - 1853 Jul 2 (?) ± 182 days,,
357061,Laguna del Maule,Caldera,Caldera | Stratovolcano(es) | Lava dome(s) | Pyroclastic cone(s),Andesite / Basaltic Andesite | Rhyolite | Basalt / Picro-Basalt | Dacite,,Subduction zone | Continental crust (> 25 km),1045,1045,1521,169334,50 BCE,0050 BCE (in or before) - Unknown || 0250 BCE - Unknown || 1550 BCE - Unknown || 4450 BCE - Unknown,,
357062,San Pedro-Pellado,Composite,Stratovolcano(es) | Caldera | Pyroclastic cone(s),Andesite / Basaltic Andesite | Basalt / Picro-Basalt | Dacite | Rhyolite,,Subduction zone | Continental crust (> 25 km),12,208,4155,500494,Unknown - Evidence Credible,,,
357063,Nevado de Longaví,Composite,Stratovolcano | Lava dome(s),Andesite / Basaltic Andesite,Dacite | Basalt / Picro-Basalt,Subduction zone | Continental crust (> 25 km),17,141,3901,753797,4890 BCE,4890 BCE ± 75 years - Unknown,,
357064,Lomas Blancas,Composite,Stratovolcano,Basalt / Picro-Basalt | Andesite / Basaltic Andesite,,Subduction zone | Continental crust (> 25 km),127,398,1980,355814,Unknown - Evidence Credible,,,
357065,Resago,Minor (Basaltic),Pyroclastic cone,Andesite / Basaltic Andesite,,Subduction zone | Continental crust (> 25 km),35,196,2095,268547,Unknown - Evidence Credible,,,
357066,Payún Matrú,Cluster,Volcanic field | Shield | Caldera | Stratovolcano | Pyroclastic cone(s) | Lava dome(s),Trachybasalt / Tephrite Basanite | Basalt / Picro-Basalt | Trachyte / Trachydacite | Trachyandesite / Basaltic Trachyandesite | Andesite / Basaltic Andesite,,Subduction zone | Continental crust (> 25 km),0,0,151,13636,5050 BCE,5050 BCE ± 1000 years - Unknown,,
357070,Nevados de Chillán,Composite,Stratovolcano | Compound | Caldera(s) | Lava dome(s),Andesite / Basaltic Andesite | Dacite | Rhyolite,,Subduction zone | Continental crust (> 25 km),68,371,3733,512325,2022 CE,2016 Jan 8 - 2017 Jan 16 || 2017 Mar 7 - 2017 Oct 31 (on or before) || 2017 Dec 1 - 2019 Dec 14 || 2020 Jan 21 - 2022 Oct 17 || 2009 Jan 21 - 2009 Jan 22 || 2003 Aug 29 - 2003 Sep 15 ± 5 days || 1973 Jul 16 ± 15 days - 1986 Jul 2 ± 182 days || 1972 Jul 2 ± 182 days - Unknown || 1965 Jul 2 ± 182 days - Unknown || 1946 Jul 2 ± 182 days - 1947 Jul 2 ± 182 days || 1945 Jul 2 ± 182 days - Unknown || 1935 Jul 2 - Unknown || 1934 Jan 17 - Unknown || 1928 Nov 30 - 1929 Jul 2 ± 182 days || 1927 Apr 10 - Unknown || 1923 Jul 2 ± 182 days - Unknown || 1914 Jul 2 ± 182 days - Unknown || 1907 Jul 2 ± 182 days - Unknown || 1906 Aug 6 - 1906 Dec 16 ± 15 days || 1898 Jul 2 ± 182 days - Unknown || 1893 Mar 4 - Unknown || 1891 Feb 16 ± 15 days - Unknown || 1883 Jan 21 - Unknown || 1877 Feb 12 (?) - Unknown || 1872 Jul 22 - Unknown || 1864 Nov 30 - 1865 Feb 3 ± 1 days || 1861 Jun 16 ± 15 days - 1863 Jul 2 ± 182 days || 1860 Jul 25 - Unknown || 1752 Jan 30 - Unknown || 1749 (?) - 1751 || 1650 ± 50 years - Unknown || 0320 BCE ± 75 years - Unknown || 1510 BCE ± 50 years - Unknown || 3660 BCE ± 500 years - Unknown || 6890 BCE ± 500 years - Unknown,,
357072,Tromen Volcanic Plateau,Composite,Stratovolcano(es) | Caldera(s) | Pyroclastic cone(s) | Lava dome(s),Andesite / Basaltic Andesite | Dacite | Basalt / Picro-Basalt | Rhyolite,,Subduction zone | Continental crust (> 25 km),12,196,2928,47403,1822 CE,1822 Jul 2 ± 182 days - Unknown || 1751 Dec 31 ± 365 days - Unknown,,
357080,Antuco,Composite,Stratovolcano | Pyroclastic cone,Basalt / Picro-Basalt | Andesite / Basaltic Andesite,,Subduction zone | Continental crust (> 25 km),117,474,3872,381623,1869 CE,1869 Jul 2 ± 182 days - Unknown || 1863 Dec 16 ± 15 days - Unknown || 1862 Jan 16 ± 15 days - 1862 Mar 3 || 1861 Feb 16 (?) ± 15 days - 1861 Aug 16 (?) ± 15 days || 1852 Nov 16 ± 15 days - 1853 Jan 16 ± 15 days || 1848 Jul 2 ± 182 days - Unknown || 1845 Feb 26 - 1845 Mar 1 (on or after) || 1839 Jul 2 ± 182 days - Unknown || 1828 Dec 18 - Unknown || 1820 Jul 2 ± 182 days - 1821 Jul 2 (?) ± 182 days || 1806 May 16 (?) ± 15 days - Unknown || 1752 Jan 31 - 1752 Feb 1 || 1750 ± 10 years - Unknown || 7750 BCE (?) - Unknown,,
357090,Copahue,Composite,Stratovolcano | Caldera(s),Trachybasalt / Tephrite Basanite | Andesite / Basaltic Andesite | Trachyte / Trachydacite | Rhyolite,,Subduction zone | Continental crust (> 25 km),88,555,3042,138414,2024 CE,2024 Oct 16 ± 1 days - 2024 Oct 27 ± 1 days || 2021 Jul 2 - 2021 Nov 6 || 2020 Jun 16 - 2020 Nov 2 || 2019 Aug 2 - 2019 Nov 12 (?) || 2017 Jun 4 - 2017 Aug 20 ± 10 days || 2017 Nov 21 - 2017 Dec 31 (on or before) || 2018 Mar 24 - 2018 Mar 24 || 2018 Jun 24 - 2018 Dec 7 || 2015 Sep 18 ± 3 days - 2016 Mar 26 || 2016 Jun 11 - 2016 Jul 8 || 2016 Sep 23 - 2017 Feb 22 || 2014 Jul 4 - 2014 Dec 2 || 2012 Dec 22 - 2013 Dec 10 || 2012 Jul 17 - 2012 Jul 19 || 2000 Jul 1 - 2000 Oct 18 || 1995 Sep 16 ± 15 days - Unknown || 1994 Dec 16 ± 15 days - Unknown || 1992 Jul 22 - 1993 Jul 2 ± 182 days || 1961 Jul 2 ± 182 days - Unknown || 1960 Jul 2 ± 182 days - Unknown || 1944 Jul 2 ± 182 days - Unknown || 1937 Jul 2 ± 182 days - Unknown || 1867 Jul 2 (?) ± 182 days - Unknown || 1759 (?) - Unknown || 1750 (?) - Unknown || 0250 BCE (?) - Unknown || 6820 BCE (?) - Unknown,,
357091,Callaqui,Composite,Stratovolcano | Pyroclastic cone(s),Andesite / Basaltic Andesite | Basalt / Picro-Basalt,Dacite,Subduction zone | Continental crust (> 25 km),56,294,4354,400426,1980 CE,2012 Jan 2 - 2012 Jan 2 || 2009 Jan 22 - 2009 Jan 22 || 1980 Oct 16 ± 15 days - 1980 Oct 16 ± 15 days || 1937 Sep 18 - Unknown || 1864 Oct 16 ± 15 days - Unknown || 1751 Dec 31 - Unknown,,
357093,Tolhuaca,Composite,Stratovolcano | Pyroclastic cone(s),Andesite / Basaltic Andesite | Basalt / Picro-Basalt,,Subduction zone | Continental crust (> 25 km),82,494,13873,567185,4000 BCE,4000 BCE (in or after) - Unknown || 4885 BCE ± 243 years - Unknown || 5371 BCE ± 243 years - Unknown || 5857 BCE ± 243 years - Unknown,,
357100,Lonquimay,Composite,Stratovolcano | Pyroclastic cone(s),Andesite / Basaltic Andesite | Dacite | Basalt / Picro-Basalt,,Subduction zone | Continental crust (> 25 km),96,540,13635,504320,1990 CE,1988 Dec 25 - 1990 Jan 24 ± 1 days || 1940 Feb 16 ± 15 days - Unknown || 1933 Jan 4 - Unknown || 1887 Jun 2 - 1890 Jan 16 ± 15 days || 1853 Feb 16 ± 15 days - Unknown,,
357102,Laguna Blanca,Cluster,Volcanic field,Basalt / Picro-Basalt | Trachyandesite / Basaltic Trachyandesite,,Intraplate | Continental crust (> 25 km),,,,,Unknown - Evidence Credible,,,
357110,Llaima,Composite,Stratovolcano | Caldera | Pyroclastic cone(s),Basalt / Picro-Basalt | Andesite / Basaltic Andesite,Dacite,Subduction zone | Continental crust (> 25 km),86,811,18568,630458,2009 CE,2008 Jan 1 - 2009 Jun 12 ± 4 days || 2007 May 26 - 2007 Aug 8 (?) || 2003 Apr 9 - 2003 Apr 16 (on or after) || 2002 Oct 13 ± 12 days - Unknown || 1998 Nov 10 ± 3 days - Unknown || 1998 Apr 3 - 1998 Apr 23 (?) || 1997 Mar 16 (?) ± 15 days - 1997 Oct 16 (?) ± 15 days || 1995 Oct 13 - 1995 Oct 22 (on or after) || 1994 May 17 - 1994 Aug 30 || 1992 Aug 23 - 1992 Sep 2 || 1990 Feb 25 - 1990 Nov 25 || 1984 Apr 20 - 1984 Nov 26 || 1979 Oct 15 - 1979 Nov 28 || 1971 Dec 1 ± 30 days - 1972 Mar 12 || 1964 Jul 2 ± 182 days - Unknown || 1960 Jul 2 ± 182 days - Unknown || 1955 Oct 22 - 1957 Nov 16 ± 15 days || 1949 Sep 16 ± 15 days - Unknown || 1946 Jul 23 - Unknown || 1945 Mar 31 - 1945 Apr 3 || 1944 Jul 2 ± 182 days - Unknown || 1942 Jun 9 - 1942 Nov 16 ± 15 days || 1941 Jun 23 - Unknown || 1938 Dec 16 ± 15 days - Unknown || 1937 Feb 9 (?) - 1937 Nov 2 || 1932 Dec 31 - 1933 Jan 5 || 1932 Mar 2 - 1932 Mar 2 || 1930 Jul 6 - 1930 Aug 20 || 1929 Dec 16 ± 15 days - Unknown || 1927 Oct 5 - 1927 Dec 5 || 1922 Oct 24 - Unknown || 1917 Feb 4 - Unknown || 1914 Jul 3 - Unknown || 1912 Jul 2 ± 182 days - Unknown || 1907 Jul 2 ± 182 days - 1908 Mar 16 ± 15 days || 1903 May 12 - 1903 May 14 || 1895 Jul 2 ± 182 days - 1896 Jul 2 ± 182 days || 1893 Dec 16 ± 15 days - 1894 Dec 16 ± 15 days || 1892 Jul 2 ± 182 days - Unknown || 1889 Apr 20 - 1889 Jul 16 ± 15 days || 1887 Jan 16 - 1887 Jun 24 || 1883 Jul 2 ± 182 days - Unknown || 1877 Jan 16 - 1877 Jun 24 || 1875 Jul 2 ± 182 days - 1876 Jul 2 ± 182 days || 1874 Jul 2 ± 182 days - Unknown || 1872 Jun 6 - Unknown || 1869 Apr 16 ± 15 days - Unknown || 1866 Jul 2 ± 182 days - Unknown || 1864 Jul 2 ± 182 days - Unknown || 1862 Jul 2 ± 182 days - Unknown || 1852 Jul 2 ± 182 days - 1853 Jul 2 ± 182 days || 1822 Jul 2 ± 182 days - Unknown || 1759 Dec - Unknown || 1751 Dec 18 - 1752 || 1640 Feb - Unknown || 5290 BCE ± 180 years - Unknown || 6880 BCE ± 75 years - Unknown || 7410 BCE ± 300 years - Unknown,,
357111,Sollipulli,Caldera,Caldera | Pyroclastic cone(s) | Lava dome(s),Andesite / Basaltic Andesite | Dacite | Basalt / Picro-Basalt,,Subduction zone | Continental crust (> 25 km),2971,2971,8904,510741,1240 CE,1240 ± 50 years - Unknown || 0920 BCE ± 75 years - Unknown,,
357112,Caburgua-Huelemolle,Cluster,Volcanic field | Pyroclastic cone(s),Basalt / Picro-Basalt,,Subduction zone | Continental crust (> 25 km),5951,5951,17774,521553,5050 BCE,5050 BCE ± 1000 years - Unknown,,
357120,Villarrica,Composite,Stratovolcano | Caldera(s) | Pyroclastic cone(s) | Fissure vent(s),Basalt / Picro-Basalt | Andesite / Basaltic Andesite | Rhyolite,,Subduction zone | Continental crust (> 25 km),477,1067,35118,667788,2025 CE,2026 Feb 21 - 2026 Mar 13 || 2014 Dec 2 ± 7 days - 2025 Apr 19 || 2013 Jul 25 - 2013 Jul 29 (?) || 2012 Nov 14 - 2012 Nov 14 (?) || 2009 Nov 22 - 2012 Apr 20 || 2009 Jan 29 - 2009 Mar 24 (?) || 2008 Oct 26 - Unknown || 2004 Aug 5 (?) - 2007 Dec 24 (?) || 2003 May 23 (?) - 2004 Mar 25 (?) || 1998 Feb 24 ± 4 days - 2002 Jun 16 (?) ± 15 days || 1996 Sep 14 - 1997 Aug 16 ± 15 days || 1996 Jan 16 ± 15 days - Unknown || 1995 Apr 15 ± 5 days - 1995 Jun 2 (on or after) || 1994 Sep 26 - 1994 Dec 30 || 1992 Sep 11 - 1992 Dec 16 (on or after) ± 15 days || 1991 Aug 30 - 1991 Sep 17 || 1984 Aug 11 - 1985 Nov 18 || 1983 Oct 14 - 1983 Oct 16 || 1980 Jun 20 - 1980 Sep 24 || 1977 Jan 26 - 1977 Jan 30 || 1971 Oct 29 - 1972 Feb 21 || 1964 Mar 2 - 1964 Apr 21 || 1963 Feb 25 (?) - 1963 Sep 21 (on or after) || 1961 Jul 2 ± 182 days - Unknown || 1960 Jul 2 ± 182 days - Unknown || 1958 Nov 6 - 1959 Dec 21 || 1956 Oct 3 - 1956 Nov 16 ± 45 days || 1950 Jul 2 ± 182 days - Unknown || 1948 Oct 9 - 1949 Feb 3 || 1948 Apr 10 - Unknown || 1947 Jul 2 ± 182 days - Unknown || 1938 Dec 1 ± 30 days - 1939 Feb 1 ± 30 days || 1938 Feb 11 - Unknown || 1935 Dec 1 ± 30 days - 1936 Jun 27 || 1933 Jan 5 - 1933 Jan 18 ± 12 days || 1929 Dec 27 - Unknown || 1927 Jul 2 ± 182 days - 1928 Jul 2 ± 182 days || 1922 Oct 24 - 1922 Nov 27 ± 20 days || 1921 Dec 10 - Unknown || 1920 Dec 10 - 1920 Dec 13 || 1919 Jul 2 ± 182 days - Unknown || 1915 Jul 2 ± 182 days - 1918 Jul 2 ± 182 days || 1909 Aug 19 - 1910 Jul 2 ± 182 days || 1908 Oct 31 - 1908 Dec 12 (?) || 1907 May 5 ± 4 days - 1907 May 26 (?) || 1906 Apr 22 - 1906 Dec 16 ± 15 days || 1904 Jul 2 ± 182 days - Unknown || 1902 Jul 2 ± 182 days - Unknown || 1897 Dec 1 ± 30 days - 1898 Feb 1 ± 30 days || 1893 Dec 1 ± 30 days - 1894 Feb 1 ± 30 days || 1890 Jul 2 ± 182 days - Unknown || 1883 Jul 2 ± 182 days - Unknown || 1880 Jul 2 ± 182 days - Unknown || 1879 Feb 2 - 1879 Mar 16 ± 15 days || 1877 Mar 12 - 1877 May 16 ± 15 days || 1875 Nov 17 - 1876 Jul 2 ± 182 days || 1874 Apr 16 - Unknown || 1871 Jul 2 ± 182 days - Unknown || 1869 Feb 4 - 1869 Feb 24 ± 4 days || 1867 Jul 2 ± 182 days - 1868 Jul 2 ± 182 days || 1864 Oct 16 ± 15 days - Unknown || 1859 May 19 - 1860 Apr 12 || 1853 Nov 16 ± 15 days - Unknown || 1852 Jul 2 ± 182 days - Unknown || 1850 Jul 2 ± 182 days - Unknown || 1841 Jul 2 ± 182 days - Unknown || 1837 Nov 7 - 1837 Nov 21 || 1836 Jul 2 ± 182 days - Unknown || 1832 Dec 24 - Unknown || 1826 Jul 2 ± 182 days - Unknown || 1822 Nov 19 - 1822 Nov 25 ± 5 days || 1815 Jul 2 ± 182 days - 1818 Jul 2 ± 182 days || 1806 Apr 16 ± 15 days - 1806 May 16 ± 15 days || 1798 - Unknown || 1790 Jan - 1801 Jul 2 ± 182 days || 1787 - Unknown || 1780 - Unknown || 1777 - 1779 || 1775 - Unknown || 1771 - Unknown || 1767 - Unknown || 1761 - Unknown || 1759 Dec - 1759 Dec || 1751 Dec 14 - Unknown || 1745 - Unknown || 1742 - Unknown || 1737 Dec 24 - Unknown || 1730 Jul 8 - Unknown || 1721 - Unknown || 1716 - Unknown || 1715 - Unknown || 1709 - Unknown || 1708 - Unknown || 1705 - Unknown || 1688 (?) - Unknown || 1682 - Unknown || 1675 - Unknown || 1672 - Unknown || 1669 - Unknown || 1657 Mar 15 - Unknown || 1647 May 13 - Unknown || 1645 - Unknown || 1642 - Unknown || 1640 Feb 3 - Unknown || 1638 - Unknown || 1632 - Unknown || 1625 - Unknown || 1617 - Unknown || 1612 - Unknown || 1610 - Unknown || 1604 - Unknown || 1600 - Unknown || 1594 - Unknown || 1584 - Unknown || 1582 - Unknown || 1579 - Unknown || 1564 - Unknown || 1562 - Unknown || 1558 - Unknown || 1553 - Unknown || 1543 - Unknown || 1539 - Unknown || 1538 - Unknown || 1537 - Unknown || 1526 - Unknown || 1523 - Unknown || 1521 - Unknown || 1516 - Unknown || 1515 - Unknown || 1509 - Unknown || 1503 - Unknown || 1497 - Unknown || 1494 - Unknown || 1492 - Unknown || 1483 - Unknown || 1479 - Unknown || 1474 - Unknown || 1471 - Unknown || 1466 - Unknown || 1463 - Unknown || 1454 - Unknown || 1448 - Unknown || 1433 - Unknown || 1417 - Unknown || 1413 - Unknown || 1410 - Unknown || 1404 - Unknown || 1392 - Unknown || 1388 - Unknown || 1384 - Unknown || 0330 (?) - Unknown || 0110 (?) - Unknown || 0670 BCE (?) - Unknown || 1080 BCE (?) - Unknown || 1230 BCE ± 40 years - Unknown || 1810 BCE ± 200 years - Unknown || 1980 BCE ± 150 years - Unknown || 2140 BCE (?) - Unknown || 2240 BCE (?) - Unknown || 2990 BCE ± 500 years - Unknown || 3730 BCE (?) - Unknown || 6690 BCE (?) - Unknown || 7520 BCE ± 900 years - Unknown,,
357121,Quetrupillán,Composite,Stratovolcano | Caldera(s) | Lava dome(s) | Pyroclastic cone(s),Andesite / Basaltic Andesite | Dacite,Basalt / Picro-Basalt | Rhyolite,Subduction zone | Continental crust (> 25 km),129,518,11191,269087,255 CE,1872 Jun 6 - Unknown || 0255 ± 48 years - Unknown || 0035 ± 35 years - Unknown || 10658 BCE ± 29 years - Unknown || 11345 BCE ± 932 years - Unknown,,
357122,Lanín,Composite,Stratovolcano | Caldera | Pyroclastic cone(s) | Tuff ring,Trachyandesite / Basaltic Trachyandesite | Trachyte / Trachydacite | Basalt / Picro-Basalt,Trachybasalt / Tephrite Basanite,Subduction zone | Continental crust (> 25 km),13,352,3007,202987,560 CE,0560 ± 150 years - Unknown || 0400 ± 150 years - Unknown || 0090 ± 300 years - Unknown || 0080 BCE ± 200 years - Unknown || 0220 BCE ± 200 years - Unknown || 0590 BCE ± 200 years - Unknown || 6340 BCE ± 200 years - Unknown || 9240 BCE ± 500 years - Unknown,,
357123,Huanquihue Group,Composite,Stratovolcano(es) | Pyroclastic cone | Tuff ring,Basalt / Picro-Basalt | Andesite / Basaltic Andesite,,Subduction zone | Continental crust (> 25 km),22,108,3515,190322,1750 CE,1750 ± 100 years - Unknown,,
357130,Mocho-Choshuenco,Composite,Stratovolcano(es) | Caldera | Pyroclastic cone(s),Andesite / Basaltic Andesite | Dacite | Basalt / Picro-Basalt,,Subduction zone | Continental crust (> 25 km),81,789,16633,401631,1937 CE,1937 Jun 16 - Unknown || 1864 Nov 1 - 1864 Nov 3 ± 1 days,,
357140,Carrán-Los Venados,Cluster,Pyroclastic cone(s) | Maar(s) | Stratovolcano,Basalt / Picro-Basalt | Andesite / Basaltic Andesite,,Subduction zone | Continental crust (> 25 km),4840,4840,9001,452820,1979 CE,1979 Apr 14 - 1979 May 20 || 1955 Jul 27 - 1955 Nov 12 || 1907 Apr 9 - 1908 Feb 16 (on or after) ± 15 days,,
357150,Puyehue-Cordón Caulle,Composite,Stratovolcano | Caldera(s) | Fissure vent(s) | Pyroclastic cone(s) | Lava dome(s),Andesite / Basaltic Andesite | Dacite | Basalt / Picro-Basalt | Rhyolite,,Subduction zone | Continental crust (> 25 km),129,783,7163,515357,2012 CE,2011 Jun 4 - 2012 Apr 21 (?) || 1990 Jul 2 ± 182 days - Unknown || 1960 May 24 - 1960 Jul 30 || 1934 Mar 6 - Unknown || 1929 Jan 7 - Unknown || 1921 Dec 13 - 1922 Feb 12 || 1919 Jul 2 ± 182 days - 1920 Jul 2 ± 182 days || 1914 Feb 8 - Unknown || 1905 Jul 2 (?) ± 182 days - Unknown || 1893 Jul 2 (?) ± 182 days - Unknown || 1759 (?) - Unknown || 1220 ± 150 years - Unknown || 1140 ± 100 years - Unknown || 0860 ± 75 years - Unknown || 0500 ± 100 years - Unknown || 0140 ± 300 years - Unknown || 0110 ± 200 years - Unknown || 0490 BCE ± 300 years - Unknown || 0990 BCE ± 500 years - Unknown || 1490 BCE ± 150 years - Unknown || 3250 BCE ± 2400 years - Unknown || 4230 BCE ± 200 years - Unknown || 4450 BCE ± 900 years - Unknown || 4460 BCE (?) - Unknown || 4690 BCE ± 200 years - Unknown || 5080 BCE ± 150 years - Unknown,,
357153,Antillanca Volcanic Complex,Composite,Stratovolcano(es) | Pyroclastic cone(s) | Maar(s),Basalt / Picro-Basalt | Andesite / Basaltic Andesite,,Subduction zone | Continental crust (> 25 km),87,521,5986,530586,230 BCE,0230 BCE ± 200 years - Unknown || 0960 BCE ± 150 years - Unknown,,
357160,Puntiagudo-Cordón Cenizos,Composite,Stratovolcano | Fissure vent(s) | Pyroclastic cone(s),Andesite / Basaltic Andesite | Basalt / Picro-Basalt,,Subduction zone | Continental crust (> 25 km),30,284,5666,698814,1850 CE,1930 Jul 2 ± 182 days - Unknown || 1850 Jul 2 ± 182 days - Unknown,,
358010,Osorno,Composite,Stratovolcano | Pyroclastic cone(s) | Lava dome(s),Basalt / Picro-Basalt | Andesite / Basaltic Andesite,Dacite,Subduction zone | Continental crust (> 25 km),88,674,11964,655492,1869 CE,1869 Jul 2 ± 182 days - Unknown || 1855 Jul 2 ± 182 days - Unknown || 1851 Jul 2 ± 182 days - Unknown || 1837 Nov 7 - Unknown || 1834 Nov 29 - 1835 Feb 24 ± 4 days || 1790 Mar 9 - 1791 Dec 26 ± 5 days || 1765 ± 14 years - Unknown || 1719 - Unknown || 1644 - Unknown || 1640 - Unknown || 1575 - Unknown || 1310 ± 75 years - Unknown || 1220 ± 100 years - Unknown || 0910 ± 100 years - Unknown || 0420 ± 100 years - Unknown || 0210 BCE ± 75 years - Unknown || 1710 BCE ± 75 years - Unknown,,
358011,Tronador,Composite,Stratovolcano | Pyroclastic cone,Andesite / Basaltic Andesite | Basalt / Picro-Basalt | Dacite,,Subduction zone | Continental crust (> 25 km),7,106,1293,380976,Unknown - Evidence Uncertain,,,
358012,Cayutué-La Viguería,Cluster,Volcanic field | Pyroclastic cone(s) | Maar(s),Basalt / Picro-Basalt,,Subduction zone | Continental crust (> 25 km),1737,1737,5482,451311,190 BCE,0190 BCE (?) ± 190 years - Unknown,,
358020,Calbuco,Composite,Stratovolcano | Lava dome(s),Andesite / Basaltic Andesite,,Subduction zone | Continental crust (> 25 km),70,871,32265,575233,2015 CE,2015 Apr 22 - 2015 May 26 || 1972 Aug 26 - 1972 Aug 26 || 1961 Feb 1 - 1961 Mar 26 (on or after) || 1945 Jul 2 ± 182 days - Unknown || 1932 Jul 2 ± 182 days - Unknown || 1929 Jan 6 - 1929 Jan 6 || 1917 Apr 16 ± 15 days - 1917 May 16 ± 15 days || 1911 Jul 2 ± 182 days - 1912 Jul 2 ± 182 days || 1909 Mar 16 ± 15 days - Unknown || 1907 Apr 22 - Unknown || 1906 Jul 2 ± 182 days - Unknown || 1894 Nov 16 - 1895 Jul 2 (?) ± 182 days || 1893 Jan 7 - 1894 Jan 16 (on or after) || 1792 (?) - Unknown || 1600 ± 75 years - Unknown || 1380 ± 50 years - Unknown || 0710 ± 60 years - Unknown || 0520 ± 200 years - Unknown || 0220 ± 75 years - Unknown || 0160 ± 135 years - Unknown || 0040 ± 75 years - Unknown || 0100 BCE ± 100 years - Unknown || 0330 BCE ± 200 years - Unknown || 1920 BCE ± 50 years - Unknown || 4300 BCE ± 150 years - Unknown || 5030 BCE ± 180 years - Unknown || 5820 BCE ± 880 years - Unknown || 6300 BCE ± 1035 years - Unknown || 6760 BCE ± 825 years - Unknown || 7550 BCE ± 45 years - Unknown || 7930 BCE ± 275 years - Unknown || 7990 BCE ± 290 years - Unknown || 8100 BCE ± 1300 years - Unknown || 8210 BCE ± 290 years - Unknown || 8320 BCE ± 250 years - Unknown || 8460 BCE ± 155 years - Unknown,,
358022,Yate,Composite,Stratovolcano | Lava dome(s) | Pyroclastic cone(s),Andesite / Basaltic Andesite,,Subduction zone | Continental crust (> 25 km),43,296,6135,315418,1090 CE,1090 ± 60 years - Unknown,,
358023,Hornopirén,Composite,Stratovolcano,Andesite / Basaltic Andesite,,Subduction zone | Continental crust (> 25 km),10,116,5345,332598,340 CE,1835 Jul 2 ± 182 days - Unknown || 0340 ± 200 years - Unknown || 3720 BCE ± 175 years - Unknown,,
358024,Apagado,Minor,Pyroclastic cone,Basalt / Picro-Basalt,,Subduction zone | Continental crust (> 25 km),5,44,4474,354002,590 BCE,0590 BCE ± 175 years - Unknown,,
358025,Crater Basalt Volcanic Field,Cluster,Volcanic field | Pyroclastic cone(s),Trachybasalt / Tephrite Basanite,Basalt / Picro-Basalt,Intraplate | Continental crust (> 25 km),448,448,1140,20539,Unknown - Evidence Credible,,,
358030,Huequi,Minor,Lava dome(s),Andesite / Basaltic Andesite | Dacite,,Subduction zone | Continental crust (> 25 km),0,7,1076,107960,1920 CE,1920 Jul 2 (?) ± 182 days - Unknown || 1906 Jul 2 ± 182 days - 1907 Jul 2 ± 182 days || 1900 Jul 2 ± 182 days - Unknown || 1896 Jul 2 ± 182 days - Unknown || 1893 Jul 2 ± 182 days - Unknown || 1890 Jul 2 ± 182 days - Unknown || 1695 ± 50 years - Unknown,,
358040,Michinmahuida,Composite,Stratovolcano | Caldera | Pyroclastic cone(s),Andesite / Basaltic Andesite | Basalt / Picro-Basalt | Rhyolite,,Subduction zone | Continental crust (> 25 km),0,9,7989,64498,1835 CE,1915 Jul 2 ± 25 years ± 182 days - Unknown || 1835 Feb 20 - 1835 Mar 15 ± 5 days || 1834 Nov 25 - Unknown || 1775 ± 40 years - Unknown || 1742 - Unknown || 1650 ± 50 years - Unknown || 1550 ± 100 years - Unknown || 0700 ± 100 years - Unknown || 5500 BCE ± 150 years - Unknown || 8400 BCE ± 150 years - Unknown,,
358041,Chaitén,Caldera,Caldera | Lava dome,Rhyolite,,Subduction zone | Continental crust (> 25 km),8968,8968,9280,75311,2011 CE,2008 May 2 - 2011 May 31 ± 3 days || 1640 ± 18 years - Unknown || 3100 BCE ± 220 years - Unknown || 6650 BCE ± 1300 years - Unknown || 7750 BCE ± 200 years - Unknown,,
358049,Yanteles,Composite,Stratovolcano(es),Andesite / Basaltic Andesite,,Subduction zone | Continental crust (> 25 km),0,85,1348,44899,6650 BCE,1835 Feb 20 - Unknown || 6650 BCE (?) - Unknown || 7240 BCE ± 150 years - Unknown,,
358050,Corcovado,Composite,Stratovolcano | Pyroclastic cone(s),Andesite / Basaltic Andesite | Basalt / Picro-Basalt,,Subduction zone | Continental crust (> 25 km),5,67,5546,62134,4920 BCE,1835 Nov 11 - Unknown || 1834 Nov 16 ± 15 days - Unknown || 4920 BCE ± 100 years - Unknown || 6030 BCE ± 100 years - Unknown || 6640 BCE ± 770 years - Unknown,,
358052,Melimoyu,Composite,Stratovolcano | Caldera | Pyroclastic cone(s),Andesite / Basaltic Andesite | Dacite | Basalt / Picro-Basalt,,Subduction zone | Continental crust (> 25 km),0,6,211,12944,200 CE,0200 ± 75 years - Unknown || 0820 BCE ± 100 years - Unknown,,
358053,Puyuhuapi,Minor,Pyroclastic cone(s),Basalt / Picro-Basalt,Trachybasalt / Tephrite Basanite | Trachyandesite / Basaltic Trachyandesite,Subduction zone | Continental crust (> 25 km),759,819,1063,17135,Unknown - Evidence Credible,,,
358054,Mentolat,Composite,Stratovolcano | Caldera,Andesite / Basaltic Andesite | Basalt / Picro-Basalt,,Subduction zone | Continental crust (> 25 km),0,8,183,23675,1710 CE,1710 ± 5 years - Unknown || 5010 BCE ± 60 years - Unknown,,
358055,Cay,Composite,Stratovolcano | Pyroclastic cone(s),Andesite / Basaltic Andesite | Basalt / Picro-Basalt | Dacite,,Subduction zone | Continental crust (> 25 km),0,10,104,74787,Unknown - Evidence Uncertain,,,
358056,Macá,Composite,Stratovolcano | Caldera | Lava dome(s) | Pyroclastic cone(s),Basalt / Picro-Basalt | Andesite / Basaltic Andesite | Dacite,,Subduction zone | Continental crust (> 25 km),0,0,375,26903,1560 CE,1560 ± 110 years - Unknown || 0410 ± 50 years - Unknown,,
358057,Cerro Hudson,Composite,Stratovolcano | Caldera(s) | Pyroclastic cone(s),Basalt / Picro-Basalt | Trachyandesite / Basaltic Trachyandesite | Trachyte / Trachydacite | Trachybasalt / Tephrite Basanite | Andesite / Basaltic Andesite,,Subduction zone | Continental crust (> 25 km),0,12,28,81642,2011 CE,2011 Oct 26 - 2011 Nov 1 || 1991 Aug 8 - 1991 Oct 27 || 1971 Aug 12 - 1971 Sep 18 (on or after) || 1891 Jul 2 ± 182 days - Unknown || 1740 ± 150 years - Unknown || 0860 ± 100 years - Unknown || 0390 ± 150 years - Unknown || 0120 BCE ± 200 years - Unknown || 0790 BCE ± 75 years - Unknown || 1890 BCE (?) - Unknown || 2250 BCE (in or before) - Unknown || 3890 BCE ± 500 years - Unknown || 4750 BCE (?) - Unknown || 4960 BCE ± 150 years - Unknown || 8010 BCE (?) - Unknown,,
358060,Lautaro,Composite,Stratovolcano | Explosion crater(s) | Lava dome(s),Dacite,Andesite / Basaltic Andesite,Subduction zone | Continental crust (> 25 km),0,0,46,2365,1979 CE,1979 Mar 8 (on or before) - Unknown || 1978 Jun 16 ± 15 days - Unknown || 1972 Jul 2 ± 182 days - Unknown || 1961 Oct 16 ± 15 days - Unknown || 1959 Dec 28 - 1960 Jan 20 || 1945 Jan 15 ± 45 days - Unknown || 1933 Feb 16 ± 15 days - Unknown || 1879 Jul 2 ± 182 days - Unknown || 1878 Jan 18 - Unknown || 1876 Oct 16 ± 15 days - Unknown,,
358062,Aguilera,Composite,Stratovolcano,Dacite,,Subduction zone | Continental crust (> 25 km),0,0,103,5698,1253 BCE,1253 BCE ± 126 years - Unknown || 2610 BCE (?) - Unknown,,
358063,Reclus,Composite,Pyroclastic cone,Dacite,,Subduction zone | Continental crust (> 25 km),0,1,420,12382,1908 CE,1908 Jul 2 ± 1 years ± 182 days - Unknown || 1879 Jul 2 ± 182 days - Unknown || 1869 Jul 2 ± 182 days - Unknown || 1830 BCE (in or after) - Unknown,,
358064,Meullín,Cluster,Volcanic field,Basalt / Picro-Basalt,,Subduction zone | Continental crust (> 25 km),,,,,Unknown - Evidence Credible,,,
358070,Monte Burney,Composite,Stratovolcano | Caldera,Andesite / Basaltic Andesite | Dacite,,Subduction zone | Continental crust (> 25 km),0,0,0,3309,1910 CE,1910 Mar 16 ± 15 days - Unknown || 0090 BCE ± 100 years - Unknown || 0800 BCE ± 500 years - Unknown || 2320 BCE ± 100 years - Unknown || 3740 BCE ± 10 years - Unknown || 7390 BCE ± 200 years - Unknown || 7450 BCE ± 500 years - Unknown,,
358080,Pali-Aike Volcanic Field,Cluster,Volcanic field | Pyroclastic cone(s) | Maar(s),Basalt / Picro-Basalt | Trachybasalt / Tephrite Basanite,,Subduction zone | Continental crust (> 25 km),288,288,651,95765,5550 BCE,5550 BCE ± 2500 years - Unknown,,
358090,Fueguino,Minor (Silicic),Lava dome(s) | Pyroclastic cone(s),Andesite / Basaltic Andesite,,Subduction zone | Continental crust (> 25 km),18,78,294,1296,1820 CE,1820 Nov 25 - 1820 Nov 26 (on or after) || 1712 Nov 26 ± 4 days - Unknown,,
360010,Saba,Composite,Stratovolcano | Lava dome(s),Andesite / Basaltic Andesite | Basalt / Picro-Basalt,Dacite,Subduction zone | Oceanic crust (< 15 km),1718,1718,1752,136185,1640 CE,1640 (in or before) - Unknown,,
360020,The Quill,Composite,Stratovolcano | Lava dome,Andesite / Basaltic Andesite,Rhyolite | Dacite | Basalt / Picro-Basalt,Subduction zone | Oceanic crust (< 15 km),2195,2195,8361,134936,250 CE,0250 ± 150 years - Unknown || 0550 BCE (?) - Unknown || 6140 BCE ± 200 years - Unknown,,
360030,Liamuiga,Composite,Stratovolcano | Lava dome(s),Andesite / Basaltic Andesite | Basalt / Picro-Basalt,,Subduction zone | Oceanic crust (< 15 km),2009,7285,35138,141136,160 CE,1843 Feb 8 - Unknown || 1692 - Unknown || 0160 ± 200 years - Unknown || 0060 ± 100 years - Unknown || 2010 BCE ± 150 years - Unknown,,
360040,Nevis Peak,Composite,Stratovolcano | Lava dome(s),Andesite / Basaltic Andesite | Dacite,,Subduction zone | Oceanic crust (< 15 km),5363,9541,35673,132863,Unknown - Evidence Uncertain,,,
360050,Soufrière Hills,Composite,Stratovolcano | Lava dome(s),Andesite / Basaltic Andesite | Dacite | Basalt / Picro-Basalt,,Subduction zone | Oceanic crust (< 15 km),3006,9401,9458,448929,2013 CE,2005 Apr 15 - 2013 Feb 5 || 2004 Mar 3 - 2004 May 2 || 1995 Jul 18 - 2003 Oct 8 || 1550 ± 50 years - Unknown || 1480 ± 50 years - Unknown || 1180 (?) - Unknown || 2460 BCE ± 70 years - Unknown || 4050 BCE (?) - Unknown || 8050 BCE ± 2000 years - Unknown,,
360060,Soufrière Guadeloupe,Composite,Stratovolcano | Lava dome(s),Andesite / Basaltic Andesite | Dacite,Basalt / Picro-Basalt | Rhyolite,Subduction zone | Oceanic crust (< 15 km),8839,71345,256899,482449,1977 CE,1976 Jul 8 - 1977 Mar 1 || 1956 Oct 19 - 1956 Oct 27 || 1903 Jul 2 ± 182 days - Unknown || 1836 Dec 3 - 1837 Feb 12 || 1812 Apr 16 ± 15 days - 1812 May 10 || 1797 Sep 29 - 1798 Apr 26 (?) || 1696 Apr - Unknown || 1690 Apr 5 (on or after) - Unknown || 1530 ± 30 years - Unknown || 0370 ± 75 years - Unknown || 0580 BCE (in or after) - Unknown || 0820 BCE ± 100 years - Unknown || 0980 BCE ± 200 years - Unknown || 1310 BCE ± 150 years - Unknown || 1810 BCE ± 150 years - Unknown || 2050 BCE (?) - Unknown || 3310 BCE ± 150 years - Unknown || 6450 BCE ± 150 years - Unknown || 7490 BCE ± 150 years - Unknown,,
360080,Morne aux Diables,Minor,Lava dome(s) | Stratovolcano,Andesite / Basaltic Andesite | Dacite,,Subduction zone | Oceanic crust (< 15 km),8048,12036,33148,479470,Unknown - Evidence Credible,,,
360090,Morne Diablotins,Composite,Stratovolcano | Lava dome(s),Andesite / Basaltic Andesite | Dacite | Basalt / Picro-Basalt,,Subduction zone | Oceanic crust (< 15 km),423,9775,69935,513702,Unknown - Evidence Uncertain,,,
360100,Morne Trois Pitons,Composite,Complex | Caldera | Lava dome(s),Andesite / Basaltic Andesite,,Subduction zone | Oceanic crust (< 15 km),2493,29522,62348,687847,920 CE,0920 ± 50 years - Unknown || 0790 ± 50 years - Unknown,,
360101,Morne Watt,Composite,Stratovolcano(es) | Lava dome(s),Andesite / Basaltic Andesite | Basalt / Picro-Basalt,,Subduction zone | Oceanic crust (< 15 km),1818,35821,63178,545352,1997 CE,1997 Jul 15 - 1997 Jul 15 || 1880 Jan 4 - 1880 Jan 4 || 0640 ± 150 years - Unknown || 0950 BCE ± 300 years - Unknown || 1800 BCE ± 100 years - Unknown,,
360110,Morne Plat Pays,Composite,Stratovolcano | Caldera | Lava dome(s),Dacite | Andesite / Basaltic Andesite,,Subduction zone | Oceanic crust (< 15 km),11227,38372,57856,557207,1270 CE,1270 ± 50 years - Unknown || 0390 ± 40 years - Unknown || 0430 BCE (?) - Unknown || 4740 BCE (?) - Unknown,,
360120,Pelée,Composite,Stratovolcano | Caldera(s) | Lava dome(s),Andesite / Basaltic Andesite,Dacite | Basalt / Picro-Basalt,Subduction zone | Oceanic crust (< 15 km),251,5025,382633,609576,1932 CE,1929 Sep 16 - 1932 Dec 1 ± 30 days || 1902 Apr 23 - 1905 Oct 5 || 1851 Aug 5 - 1852 Feb 1 ± 30 days || 1792 Jan 22 - 1792 Apr (?) || 1635 (in or before) - Unknown || 1460 ± 20 years - Unknown || 1370 (?) - Unknown || 1340 ± 50 years - Unknown || 1260 ± 20 years - Unknown || 1190 (?) - Unknown || 0910 (?) - Unknown || 0890 ± 100 years - Unknown || 0720 (?) - Unknown || 0650 (?) - Unknown || 0450 (?) - Unknown || 0350 ± 75 years - Unknown || 0300 (?) - Unknown || 0220 ± 75 years - Unknown || 0130 (?) - Unknown || 0050 (?) - Unknown || 0010 ± 50 years - Unknown || 0200 BCE (?) - Unknown || 0300 BCE ± 100 years - Unknown || 0440 BCE (?) - Unknown || 0590 BCE ± 200 years - Unknown || 0600 BCE (?) - Unknown || 0620 BCE (?) - Unknown || 0730 BCE (?) - Unknown || 0890 BCE ± 50 years - Unknown || 1390 BCE ± 150 years - Unknown || 2100 BCE ± 200 years - Unknown || 2280 BCE (?) - Unknown || 2360 BCE (?) - Unknown || 2430 BCE (?) - Unknown || 2460 BCE ± 100 years - Unknown || 2660 BCE ± 200 years - Unknown || 3020 BCE (?) - Unknown || 3120 BCE ± 200 years - Unknown || 3250 BCE (?) - Unknown || 3290 BCE (?) - Unknown || 3430 BCE ± 75 years - Unknown || 3500 BCE ± 200 years - Unknown || 3820 BCE (?) - Unknown || 3930 BCE ± 100 years - Unknown || 4510 BCE ± 500 years - Unknown || 5500 BCE ± 200 years - Unknown || 5800 BCE (?) - Unknown || 6220 BCE ± 200 years - Unknown || 6450 BCE (?) - Unknown || 6610 BCE ± 150 years - Unknown || 7050 BCE ± 1000 years - Unknown || 7320 BCE ± 1730 years - Unknown || 7750 BCE ± 500 years - Unknown || 8210 BCE ± 200 years - Unknown,,
360140,Qualibou,Caldera,Caldera | Lava dome(s) | Tuff ring(s),Andesite / Basaltic Andesite | Dacite,Basalt / Picro-Basalt,Subduction zone | Oceanic crust (< 15 km),87921,87921,172439,690495,1766 CE,1766 - Unknown,,
360150,Soufrière St. Vincent,Composite,Stratovolcano | Lava dome,Andesite / Basaltic Andesite | Basalt / Picro-Basalt,,Subduction zone | Oceanic crust (< 15 km),1491,15327,103882,291476,2021 CE,2020 Dec 27 - 2021 Apr 22 || 1979 Apr 13 - 1979 Oct 26 ± 5 days || 1971 Oct 4 ± 6 days - 1972 Mar 20 || 1902 May 6 - 1903 Mar 30 || 1880 Jul 2 ± 182 days - Unknown || 1814 Jan 9 - 1814 Jan 9 || 1812 Apr 27 - 1812 Jun 9 (?) || 1784 Mar (on or before) - Unknown || 1718 Mar 26 (?) - 1718 Mar 29 || 1640 ± 50 years - Unknown || 1550 ± 50 years - Unknown || 1480 ± 150 years - Unknown || 1395 ± 75 years - Unknown || 1325 ± 75 years - Unknown || 0905 ± 75 years - Unknown || 0530 BCE ± 75 years - Unknown || 0750 BCE ± 100 years - Unknown || 1600 BCE ± 75 years - Unknown || 2020 BCE ± 75 years - Unknown || 2135 BCE ± 50 years - Unknown || 2200 BCE ± 150 years - Unknown || 2310 BCE ± 100 years - Unknown || 2380 BCE ± 100 years - Unknown,,
360160,Kick 'em Jenny,Composite,Complex | Lava dome(s) | Tuff cone(s) | Submarine,Basalt / Picro-Basalt,Andesite / Basaltic Andesite | Dacite,Subduction zone | Oceanic crust (< 15 km),0,4687,72786,104256,2017 CE,2017 Apr 29 - 2017 Apr 29 || 2015 Jul 23 - 2015 Jul 24 || 2001 Dec 4 - 2001 Dec 6 || 1990 Mar 26 - 1990 Mar 28 || 1988 Dec 29 - 1988 Dec 30 || 1977 Nov 11 - Unknown || 1977 Jan 14 - 1977 Jan 14 || 1974 Sep 5 - 1974 Sep 6 || 1972 Jul 5 - 1972 Jul 5 || 1966 May 5 - 1966 Aug 6 || 1965 Oct 24 - 1965 Oct 24 || 1953 Oct 30 - 1953 Oct 30 || 1943 Oct 5 - 1943 Oct 6 || 1939 Jul 24 - 1939 Jul 24 || 1000 ± 200 years - Unknown,,
360170,St. Catherine,Composite,Stratovolcano | Lava dome(s) | Explosion crater(s) | Pyroclastic cone(s),Andesite / Basaltic Andesite | Trachybasalt / Tephrite Basanite | Basalt / Picro-Basalt | Dacite,,Subduction zone | Oceanic crust (< 15 km),8561,41976,84210,93321,Unknown - Evidence Credible,,,
370010,Snaefellsjökull,Composite,Stratovolcano | Pyroclastic cone(s),,,Rift zone | Oceanic crust (< 15 km),9,129,2264,11820,200 CE,0200 ± 150 years - Unknown || 1000 BCE ± 500 years - Unknown || 2010 BCE ± 100 years - Unknown || 2270 BCE ± 300 years - Unknown || 2400 BCE ± 200 years - Unknown || 2970 BCE ± 300 years - Unknown || 4050 BCE (?) - Unknown || 4550 BCE ± 1500 years - Unknown || 6050 BCE ± 1000 years - Unknown || 8460 BCE ± 200 years - Unknown,,
370020,Helgrindur,Cluster,Volcanic field | Pyroclastic cone(s),Basalt / Picro-Basalt,,Rift zone | Oceanic crust (< 15 km),753,753,2312,20018,Unknown - Evidence Credible,,,
370030,Ljósufjöll,Cluster,Volcanic field | Fissure vent(s) | Pyroclastic cone(s),Basalt / Picro-Basalt | Rhyolite | Trachyte / Trachydacite | Trachyandesite / Basaltic Trachyandesite | Trachybasalt / Tephrite Basanite,,Rift zone | Oceanic crust (< 15 km),713,713,1511,192797,960 CE,0960 ± 10 years - Unknown || 0665 BCE ± 100 years - Unknown || 1750 BCE ± 150 years - Unknown || 2050 BCE (?) - Unknown || 7050 BCE (?) - Unknown,,
371020,Reykjanes,Cluster,Crater rows | Shield(s) | Fissure vent(s),Basalt / Picro-Basalt,,Rift zone | Oceanic crust (< 15 km),13995,13995,15542,192922,2025 CE,2025 Jul 16 - 2025 Aug 5 || 2025 Apr 1 - 2025 Apr 1 || 2023 Dec 18 - 2023 Dec 21 || 2024 Jan 14 - 2024 Jan 16 || 2024 Feb 8 - 2024 Feb 9 || 2024 Mar 16 - 2024 May 8 || 2024 May 29 - 2024 Jun 24 || 2024 Aug 22 - 2024 Sep 5 || 2024 Nov 20 - 2024 Dec 8 || 1970 Jul 2 (?) ± 182 days - Unknown || 1966 Jul 2 ± 182 days - Unknown || 1830 Mar 13 (?) - 1831 Mar 16 (?) ± 15 days || 1783 May 1 (on or before) - 1783 Aug 15 ± 60 days || 1583 Jul 15 ± 45 days - Unknown || 1240 - Unknown || 1238 - Unknown || 1231 - Unknown || 1226 Jul 15 ± 45 days - 1227 (?) || 1223 - Unknown || 1211 - Unknown || 1210 - Unknown || 1179 (in or before) - Unknown || 0920 (?) - Unknown || 0200 BCE (?) - Unknown || 0400 BCE ± 100 years - Unknown || 1800 BCE ± 300 years - Unknown || 3800 BCE ± 300 years - Unknown || 4000 BCE (?) - Unknown || 5040 BCE ± 90 years - Unknown || 8000 BCE (?) - Unknown,,
371022,Eldey,Cluster,Fissure vent | Submarine,,,Rift zone | Oceanic crust (< 15 km),,,,,1926 CE,1926 Jun 5 ± 4 days - Unknown || 1884 Jul 26 - Unknown || 1879 May 30 (?) - 1879 Jun 15 ± 5 days || 1422 - Unknown || 1340 (?) - Unknown || 1211 Aug 31 ± 30 days - Unknown,,
371030,Krýsuvík-Trölladyngja,Cluster,Crater rows | Shield(s) | Fissure vent(s),Basalt / Picro-Basalt,,Rift zone | Oceanic crust (< 15 km),29070,29070,164484,195915,1340 CE,1340 (?) - Unknown || 1325 (?) - Unknown || 1188 - Unknown || 1151 - Unknown || 1075 ± 75 years - Unknown || 0900 (?) - Unknown || 0190 BCE ± 75 years - Unknown || 1060 BCE ± 75 years - Unknown || 5290 BCE ± 150 years - Unknown || 6000 BCE (?) - Unknown || 8500 BCE (?) - Unknown,,
371032,Fagradalsfjall,Cluster,Fissure vent,,,Rift zone | Oceanic crust (< 15 km),,,,,2023 CE,2023 Jul 10 - 2023 Aug 5 || 2022 Aug 3 - 2022 Aug 21 || 2021 Mar 19 - 2021 Sep 18,,
371040,Brennisteinsfjöll,Cluster,Crater rows | Shield(s),Basalt / Picro-Basalt,,Rift zone | Oceanic crust (< 15 km),33526,33526,163469,203012,1341 CE,1341 ± 1 years - Unknown || 1200 (?) - Unknown || 1000 Jun 25 ± 4 days - Unknown || 0950 (?) - Unknown || 0910 ± 75 years - Unknown || 0875 ± 50 years - Unknown || 1040 BCE ± 75 years - Unknown || 2660 BCE ± 75 years - Unknown || 9000 BCE (?) - Unknown,,
371050,Hengill,Cluster,Crater rows | Shield(s),Basalt / Picro-Basalt | Andesite / Basaltic Andesite | Rhyolite,,Rift zone | Oceanic crust (< 15 km),5722,5722,124106,204855,150 CE,0150 ± 75 years - Unknown || 0080 BCE ± 75 years - Unknown || 1730 BCE ± 50 years - Unknown || 3250 BCE (?) - Unknown || 3750 BCE (?) - Unknown || 5000 BCE (?) - Unknown || 5550 BCE ± 500 years - Unknown || 7100 BCE (?) - Unknown || 7300 BCE (?) - Unknown || 7550 BCE (?) - Unknown || 8200 BCE (?) - Unknown || 8250 BCE (?) - Unknown || 8350 BCE (?) - Unknown,,
371051,Hrómundartindur,Composite,Stratovolcano,Basalt / Picro-Basalt,,Rift zone | Oceanic crust (< 15 km),5738,5738,26028,201964,Unknown - Evidence Uncertain,,,
371060,Grímsnes,Cluster,Volcanic field | Crater rows | Maar,Basalt / Picro-Basalt,,Rift zone | Oceanic crust (< 15 km),6253,6253,11236,197798,3500 BCE,3500 BCE (?) - Unknown || 3650 BCE (?) - Unknown || 3750 BCE (?) - Unknown || 3900 BCE (?) - Unknown || 4000 BCE (?) - Unknown || 4050 BCE (?) - Unknown || 4270 BCE ± 150 years - Unknown || 4450 BCE (?) - Unknown || 4500 BCE (?) - Unknown || 6250 BCE (?) - Unknown || 7750 BCE (?) - Unknown,,
371070,Prestahnúkur,Cluster,Fissure vent(s) | Shield(s) | Subglacial,Basalt / Picro-Basalt | Rhyolite,,Rift zone | Oceanic crust (< 15 km),60,60,233,183485,3350 BCE,3350 BCE (?) - Unknown || 6950 BCE (?) - Unknown || 7550 BCE ± 500 years - Unknown,,
371080,Oddnýjarhnjúkur-Langjökull,Cluster,Fissure vent(s) | Caldera | Shield(s) | Subglacial,Basalt / Picro-Basalt | Rhyolite,,Rift zone | Oceanic crust (< 15 km),0,0,5,11973,950 CE,0950 ± 50 years - Unknown || 2050 BCE (?) - Unknown || 2550 BCE (?) - Unknown || 3550 BCE (?) - Unknown || 5850 BCE (?) - Unknown || 8600 BCE (?) - Unknown,,
371090,Hofsjökull,Cluster,Fissure vent(s) | Caldera(s) | Stratovolcano | Lava dome(s) | Subglacial,Basalt / Picro-Basalt | Rhyolite,,Rift zone | Oceanic crust (< 15 km),0,0,0,3436,Unknown - Evidence Credible,,,
372010,Vestmannaeyjar,Cluster,Fissure vent(s) | Pyroclastic cone(s) | Tuff ring(s) | Submarine,Basalt / Picro-Basalt,Trachybasalt / Tephrite Basanite | Trachyandesite / Basaltic Trachyandesite,Rift zone | Oceanic crust (< 15 km),1685,1685,2188,17538,1973 CE,1973 Jan 23 - 1973 Jun 28 || 1963 Nov 8 - 1967 Jun 5 || 1896 Sep 16 ± 15 days - Unknown || 1637 Oct - 1638 Feb 28 ± 60 days || 3950 BCE ± 300 years - Unknown || 4270 BCE ± 200 years - Unknown || 4550 BCE ± 500 years - Unknown || 6050 BCE (?) - Unknown || 7550 BCE (?) - Unknown || 8050 BCE (?) - Unknown,,
372020,Eyjafjallajökull,Composite,Stratovolcano | Caldera | Fissure vent(s),Basalt / Picro-Basalt | Trachyandesite / Basaltic Trachyandesite | Trachybasalt / Tephrite Basanite | Trachyte / Trachydacite,,Rift zone | Oceanic crust (< 15 km),0,4,786,18516,2010 CE,2010 Mar 1 - 2010 Mar 20 || 2010 Mar 20 - 2010 Jun 23 || 1821 Dec 19 - 1823 Jan 1 || 1612 - Unknown || 0920 (?) - Unknown || 0550 (?) - Unknown,,
372030,Katla,Cluster,Fissure vent(s) | Caldera | Subglacial,Basalt / Picro-Basalt | Rhyolite | Dacite,Andesite / Basaltic Andesite,Rift zone | Oceanic crust (< 15 km),0,0,473,11326,1918 CE,1999 Jul 17 (?) - 1999 Aug 15 ± 5 days || 1955 Jun 25 - Unknown || 1918 Oct 12 - 1918 Nov 4 || 1860 May 8 - 1860 May 27 || 1823 Jun 26 - 1823 Jul 23 || 1755 Oct 17 - 1756 Feb 13 || 1721 May 11 - 1721 Oct 15 ± 45 days || 1660 Nov 3 - 1661 || 1625 Sep 2 - 1625 Sep 14 || 1612 Oct 12 - Unknown || 1580 Aug 11 - Unknown || 1550 (?) - Unknown || 1500 (?) - Unknown || 1450 ± 50 years - Unknown || 1440 - Unknown || 1416 - Unknown || 1357 ± 3 years - Unknown || 1311 Jan 18 - Unknown || 1262 - Unknown || 1245 - Unknown || 1210 (?) - Unknown || 1177 ± 2 years - Unknown || 1150 ± 50 years - Unknown || 0960 (?) - Unknown || 0950 (?) - Unknown || 0934 ± 2 years - 0940 (?) || 0920 - Unknown || 0904 (?) - Unknown || 0820 (?) - Unknown || 0780 (?) - Unknown || 0680 (?) - Unknown || 0610 (?) - Unknown || 0590 (?) - Unknown || 0540 (?) - Unknown || 0500 (?) - Unknown || 0400 (?) - Unknown || 0290 (?) - Unknown || 0270 ± 12 years - Unknown || 0260 (?) - Unknown || 0200 (?) - Unknown || 0130 (?) - Unknown || 0030 (?) - Unknown || 0080 BCE (?) - Unknown || 0250 BCE (?) - Unknown || 0370 BCE (?) - Unknown || 0430 BCE (?) - Unknown || 0530 BCE (?) - Unknown || 0550 BCE (?) - Unknown || 0560 BCE (?) - Unknown || 0600 BCE (?) - Unknown || 0650 BCE (?) - Unknown || 0700 BCE (?) - Unknown || 0740 BCE (?) - Unknown || 0780 BCE (?) - Unknown || 0850 BCE ± 50 years - Unknown || 0860 BCE (?) - Unknown || 0920 BCE (?) - Unknown || 0990 BCE (?) - Unknown || 1160 BCE (?) - Unknown || 1190 BCE (?) - Unknown || 1220 BCE ± 12 years - Unknown || 1280 BCE (?) - Unknown || 1290 BCE (?) - Unknown || 1440 BCE ± 40 years - Unknown || 1540 BCE (?) - Unknown || 1640 BCE (?) - Unknown || 1670 BCE (?) - Unknown || 1700 BCE (?) - Unknown || 1850 BCE (?) - Unknown || 1910 BCE (?) - Unknown || 1920 BCE (?) - Unknown || 1950 BCE (?) - Unknown || 2000 BCE (?) - Unknown || 2020 BCE (?) - Unknown || 2050 BCE (?) - Unknown || 2110 BCE (?) - Unknown || 2160 BCE (?) - Unknown || 2190 BCE (?) - Unknown || 2220 BCE (?) - Unknown || 2250 BCE (?) - Unknown || 2420 BCE (?) - Unknown || 2480 BCE (?) - Unknown || 2540 BCE (?) - Unknown || 2680 BCE (?) - Unknown || 2850 BCE (?) - Unknown || 2920 BCE (?) - Unknown || 3180 BCE (?) - Unknown || 3280 BCE (?) - Unknown || 3370 BCE (?) - Unknown || 3390 BCE (?) - Unknown || 3480 BCE (?) - Unknown || 3510 BCE (?) - Unknown || 3640 BCE (?) - Unknown || 3670 BCE (?) - Unknown || 3720 BCE (?) - Unknown || 3790 BCE (?) - Unknown || 3810 BCE (?) - Unknown || 3930 BCE (?) - Unknown || 4060 BCE (?) - Unknown || 4210 BCE (?) - Unknown || 4240 BCE (?) - Unknown || 4280 BCE (?) - Unknown || 4370 BCE (?) - Unknown || 4430 BCE (?) - Unknown || 4610 BCE (?) - Unknown || 4660 BCE (?) - Unknown || 4750 BCE (?) - Unknown || 4810 BCE (?) - Unknown || 4880 BCE (?) - Unknown || 5020 BCE (?) - Unknown || 5040 BCE (?) - Unknown || 5070 BCE (?) - Unknown || 5180 BCE (?) - Unknown || 5230 BCE (?) - Unknown || 5360 BCE (?) - Unknown || 5460 BCE (?) - Unknown || 5470 BCE (?) - Unknown || 5550 BCE (?) - Unknown || 5560 BCE (?) - Unknown || 5630 BCE (?) - Unknown || 5710 BCE (?) - Unknown || 5720 BCE (?) - Unknown || 5730 BCE (?) - Unknown || 5850 BCE (?) - Unknown || 5890 BCE (?) - Unknown || 5960 BCE (?) - Unknown || 6050 BCE (?) - Unknown || 6170 BCE (?) - Unknown || 6200 BCE (?) - Unknown || 6230 BCE (?) - Unknown || 6380 BCE (?) - Unknown,,
372040,Tindfjallajökull,Composite,Stratovolcano | Caldera | Pyroclastic cone(s),Basalt / Picro-Basalt | Trachyandesite / Basaltic Trachyandesite | Rhyolite | Andesite / Basaltic Andesite,,Rift zone | Oceanic crust (< 15 km),0,0,833,19159,Unknown - Evidence Uncertain,,,
372050,Torfajökull,Composite,Stratovolcano | Caldera | Fissure vent(s) | Lava dome(s),Rhyolite | Basalt / Picro-Basalt | Andesite / Basaltic Andesite | Dacite,Trachyandesite / Basaltic Trachyandesite,Rift zone | Oceanic crust (< 15 km),0,0,7,16304,1477 CE,1477 Mar - Unknown || 1170 (?) - Unknown || 0870 (?) - Unknown || 0150 ± 100 years - Unknown || 1150 BCE ± 100 years - Unknown || 1550 BCE ± 500 years - Unknown || 4550 BCE ± 500 years - Unknown || 4850 BCE (?) - Unknown || 5050 BCE (?) - Unknown || 6050 BCE (?) - Unknown,,
372070,Hekla,Composite,Stratovolcano | Fissure vent(s),Andesite / Basaltic Andesite | Basalt / Picro-Basalt | Rhyolite | Dacite,,Rift zone | Oceanic crust (< 15 km),0,0,298,22845,2000 CE,2000 Feb 26 - 2000 Mar 8 || 1991 Jan 17 - 1991 Mar 11 || 1981 Apr 9 - 1981 Apr 16 || 1980 Aug 17 - 1980 Aug 20 || 1970 May 5 - 1970 Jul 5 || 1947 Mar 29 - 1948 Apr 21 || 1913 Apr 25 - 1913 May 18 || 1878 Feb 27 - 1878 Apr 16 ± 15 days || 1845 Sep 2 - 1846 Apr 5 (?) || 1766 Apr 5 - 1768 May || 1725 Apr 2 - Unknown || 1693 Feb 13 - 1693 Sep 14 (?) || 1636 May 8 - 1637 Jun || 1597 Jan 3 - 1597 Jun (on or after) || 1554 May - 1554 Jun (?) || 1510 Jul 25 - Unknown || 1440 (?) - Unknown || 1389 Dec 1 ± 30 days - 1390 || 1341 May 19 - Unknown || 1300 Jul 11 - 1301 Jul || 1222 - Unknown || 1206 Dec 4 - Unknown || 1158 Jan 19 - Unknown || 1104 Oct 15 ± 45 days - Unknown || 1050 ± 500 years - Unknown || 0800 ± 50 years - Unknown || 0750 (?) - Unknown || 0650 ± 500 years - Unknown || 0550 ± 1500 years - Unknown || 0350 ± 1500 years - Unknown || 0250 ± 2500 years - Unknown || 0150 BCE ± 2500 years - Unknown || 0250 BCE ± 500 years - Unknown || 0650 BCE ± 2500 years - Unknown || 0750 BCE ± 500 years - Unknown || 0850 BCE ± 1500 years - Unknown || 1100 BCE ± 50 years - Unknown || 1150 BCE ± 1500 years - Unknown || 1250 BCE ± 1500 years - Unknown || 1350 BCE ± 2500 years - Unknown || 1550 BCE (?) - Unknown || 1650 BCE ± 2500 years - Unknown || 1750 BCE ± 500 years - Unknown || 1850 BCE ± 2500 years - Unknown || 2310 BCE ± 20 years - Unknown || 2450 BCE ± 1500 years - Unknown || 2750 BCE ± 2500 years - Unknown || 2950 BCE ± 500 years - Unknown || 3350 BCE ± 2500 years - Unknown || 3450 BCE ± 1500 years - Unknown || 3750 BCE ± 1500 years - Unknown || 3950 BCE ± 500 years - Unknown || 4050 BCE ± 500 years - Unknown || 4110 BCE ± 100 years - Unknown || 4150 BCE ± 2500 years - Unknown || 4250 BCE ± 500 years - Unknown || 4350 BCE ± 1500 years - Unknown || 4550 BCE ± 500 years - Unknown || 4650 BCE ± 500 years - Unknown || 4700 BCE (?) - Unknown || 4750 BCE ± 2500 years - Unknown || 4950 BCE ± 2500 years - Unknown || 5050 BCE (?) - Unknown || 5150 BCE (?) - Unknown || 5850 BCE ± 2500 years - Unknown,,
373010,Grímsvötn,Caldera,Caldera | Subglacial | Fissure vent(s),Basalt / Picro-Basalt,,Rift zone | Oceanic crust (< 15 km),0,0,0,1736,2011 CE,2011 May 21 - 2011 May 25 || 2004 Nov 1 - 2004 Nov 4 || 1998 Dec 18 - 1998 Dec 28 || 1996 Sep 30 - 1996 Nov 6 || 1984 Aug 20 (on or before) - Unknown || 1983 May 28 - 1983 Jun 2 || 1972 Mar 16 ± 15 days - 1972 Apr 16 ± 15 days || 1954 Jul 16 - Unknown || 1954 Jan 15 ± 45 days - Unknown || 1948 Feb 16 ± 15 days - Unknown || 1945 Sep 25 (?) - Unknown || 1941 Apr 16 ± 15 days - 1941 Aug 16 ± 15 days || 1939 Jun 16 ± 15 days - Unknown || 1938 May 16 ± 15 days - Unknown || 1934 Dec 21 - 1934 Dec 26 || 1934 Mar 30 - 1934 Apr 7 || 1933 Nov 29 ± 1 days - 1933 Dec 9 ± 1 days || 1922 Sep 29 - 1922 Oct 23 || 1919 Jul 2 ± 182 days - Unknown || 1910 Jul 2 ± 182 days - Unknown || 1897 Jul 2 ± 182 days - Unknown || 1891 Nov 16 (?) ± 15 days - 1892 Mar 16 || 1883 Jan 15 - 1883 Apr 15 ± 5 days || 1873 Jan 8 - 1873 Aug 16 ± 15 days || 1867 Aug 29 - Unknown || 1861 May 16 ± 15 days - Unknown || 1854 Jul 2 ± 182 days - Unknown || 1838 Jun 16 ± 15 days - Unknown || 1816 May 16 ± 15 days - 1816 Jun 16 (?) ± 15 days || 1794 Jul 15 ± 45 days - Unknown || 1783 May (?) - 1785 May 26 (?) || 1774 Feb - Unknown || 1768 - Unknown || 1753 Oct 15 ± 45 days - Unknown || 1730 - Unknown || 1725 Feb - Unknown || 1716 Oct 6 - Unknown || 1706 Oct 15 ± 45 days - Unknown || 1697 - Unknown || 1684 Nov 5 ± 4 days - 1685 Jan || 1681 Apr 10 - Unknown || 1665 - Unknown || 1659 Nov - Unknown || 1638 Feb 24 ± 4 days - Unknown || 1632 (?) - Unknown || 1629 - Unknown || 1622 (?) - Unknown || 1619 Jul 29 - Unknown || 1610 (?) - Unknown || 1603 Oct 31 - 1603 Nov || 1598 Nov 7 - Unknown || 1530 ± 10 years - Unknown || 1521 (?) - Unknown || 1510 ± 10 years - Unknown || 1509 (?) - Unknown || 1500 (?) - Unknown || 1490 ± 10 years - Unknown || 1471 (?) - Unknown || 1470 ± 10 years - Unknown || 1469 (?) - Unknown || 1450 ± 10 years - Unknown || 1430 ± 10 years - Unknown || 1390 ± 10 years - Unknown || 1370 ± 10 years - Unknown || 1369 (?) - Unknown || 1354 (?) - Unknown || 1350 (?) - Unknown || 1341 May - Unknown || 1332 Nov - Unknown || 1310 ± 10 years - Unknown || 1290 ± 10 years - Unknown || 1270 ± 10 years - Unknown || 1230 ± 10 years - Unknown || 1190 (?) - Unknown || 1150 (?) - Unknown || 1090 (?) - Unknown || 1060 (?) - Unknown || 1010 (?) - Unknown || 0960 (?) - Unknown || 0910 (?) - Unknown || 0050 BCE (?) - Unknown || 1950 BCE ± 100 years - Unknown || 3550 BCE ± 500 years - Unknown || 4550 BCE ± 500 years - Unknown || 8230 BCE ± 50 years - Unknown,,
373012,Þórðarhyrna,Composite,Stratovolcano,,,Rift zone | Oceanic crust (< 15 km),,,,,1904 CE,1902 Dec 16 ± 15 days - 1904 Jan 12 || 1887 Aug 15 - 1889 Jul 2 ± 182 days || 1823 Feb 4 ± 4 days - Unknown,,
373030,Bárðarbunga,Composite,Stratovolcano | Caldera | Fissure vent(s),Basalt / Picro-Basalt | Rhyolite,,Rift zone | Oceanic crust (< 15 km),0,0,0,1348,2015 CE,2014 Aug 29 - 2015 Feb 27 || 2008 Aug 16 ± 15 days - Unknown || 2006 Apr 16 ± 15 days - Unknown || 2005 Jul 16 ± 15 days - 2005 Aug 16 ± 15 days || 2002 Jul 16 ± 15 days - 2002 Sep 16 ± 15 days || 2000 Aug 16 ± 15 days - Unknown || 1997 Aug 16 ± 15 days - Unknown || 1996 Aug 16 ± 15 days - Unknown || 1995 Jul 16 ± 15 days - Unknown || 1991 Aug 12 - Unknown || 1986 Nov 29 - 1986 Dec 1 (?) || 1910 Jun 18 - 1910 Oct 16 ± 15 days || 1902 Dec 16 ± 15 days - 1903 Jun 16 ± 15 days || 1872 Jul 2 (?) ± 182 days - Unknown || 1862 Jun 30 - 1864 Oct 15 ± 45 days || 1807 Jul 2 ± 182 days - Unknown || 1797 - Unknown || 1794 - Unknown || 1769 - Unknown || 1766 Jul - Unknown || 1750 ± 10 years - Unknown || 1739 - Unknown || 1729 - Unknown || 1726 Feb 1 ± 30 days - 1726 May 1 ± 30 days || 1720 - Unknown || 1717 Aug 4 - 1717 Sep 17 (on or after) || 1716 Oct 5 ± 4 days - Unknown || 1712 Jan 15 ± 45 days - Unknown || 1707 - Unknown || 1706 - Unknown || 1702 - Unknown || 1697 - Unknown || 1477 Feb (?) - Unknown || 1410 (?) - Unknown || 1350 ± 10 years - Unknown || 1290 ± 10 years - Unknown || 1270 ± 10 years - Unknown || 1250 ± 50 years - Unknown || 1210 ± 10 years - Unknown || 1159 (?) - Unknown || 1080 (?) - Unknown || 0940 (?) - Unknown || 0880 (?) - Unknown || 0870 (?) - Unknown || 0150 ± 100 years - Unknown || 1200 BCE (?) - Unknown || 4200 BCE (?) - Unknown || 4400 BCE (?) - Unknown || 4550 BCE (?) - Unknown || 4600 BCE (?) - Unknown || 4800 BCE (?) - Unknown || 5000 BCE (?) - Unknown || 6650 BCE ± 50 years - Unknown || 7050 BCE ± 1000 years - Unknown || 7100 BCE (?) - Unknown,,
373040,Tungnafellsjökull,Composite,Stratovolcano | Caldera(s) | Fissure vent(s),Basalt / Picro-Basalt | Rhyolite,,Rift zone | Oceanic crust (< 15 km),0,0,0,927,Unknown - Evidence Credible,,,
373050,Kverkfjöll,Composite,Stratovolcano | Caldera | Subglacial,Basalt / Picro-Basalt | Rhyolite,,Rift zone | Oceanic crust (< 15 km),0,0,0,2901,1968 CE,1968 May 23 - 1968 Jun 16 ± 15 days || 1959 Jul 2 ± 182 days - Unknown || 1929 Jan 16 ± 15 days - 1929 Feb 16 ± 15 days || 1729 Aug - Unknown || 1729 Feb 15 ± 45 days - Unknown || 1655 Apr 15 ± 45 days - Unknown || 5000 BCE ± 1000 years - Unknown || 7050 BCE (?) - Unknown,,
373060,Askja,Composite,Stratovolcano | Caldera(s) | Fissure vent(s),Basalt / Picro-Basalt,Rhyolite,Rift zone | Oceanic crust (< 15 km),0,0,0,13028,1961 CE,1961 Oct 26 - 1961 Dec 5 ± 4 days || 1938 Dec 19 (?) - Unknown || 1926 Jul 15 ± 45 days - Unknown || 1924 Jul 2 (?) ± 182 days - Unknown || 1923 Jan 15 ± 45 days - Unknown || 1922 Nov 16 ± 15 days - Unknown || 1921 Mar 16 ± 15 days - Unknown || 1919 Jul 2 ± 182 days - Unknown || 1875 Jan 1 - 1875 Oct 17 || 1797 (?) - Unknown || 1300 (?) - Unknown || 1250 BCE ± 300 years - Unknown || 2050 BCE ± 500 years - Unknown || 8910 BCE ± 200 years - Unknown,,
373070,Fremrinámar,Composite,Stratovolcano | Shield(s) | Fissure vent(s),Basalt / Picro-Basalt | Rhyolite,,Rift zone | Oceanic crust (< 15 km),0,0,476,19143,1200 BCE,1200 BCE (?) - Unknown || 2300 BCE (?) - Unknown || 4000 BCE (?) - Unknown || 4050 BCE ± 1050 years - Unknown,,
373080,Krafla,Cluster,Caldera | Fissure vent(s) | Maar(s) | Lava dome,Basalt / Picro-Basalt | Rhyolite | Andesite / Basaltic Andesite | Dacite,,Rift zone | Oceanic crust (< 15 km),384,384,1258,25667,1984 CE,1984 Sep 4 - 1984 Sep 18 || 1981 Nov 18 - 1981 Nov 23 || 1981 Jan 30 - 1981 Feb 4 || 1980 Mar 16 - 1980 Oct 23 || 1977 Apr 27 - 1977 Sep 8 || 1975 Dec 20 - 1975 Dec 20 || 1746 Jul 10 - 1746 Jul 10 (?) || 1729 Jun 30 - 1729 Sep 25 ± 5 days || 1728 Dec 18 - Unknown || 1728 Apr 18 - Unknown || 1727 Aug 21 - Unknown || 1724 May 17 - 1724 May 18 || 1300 ± 200 years - Unknown || 0850 (?) - Unknown || 0250 ± 300 years - Unknown || 0050 BCE (?) - Unknown || 0500 BCE ± 300 years - Unknown || 0650 BCE (?) - Unknown || 3050 BCE (?) - Unknown || 6500 BCE (?) - Unknown || 6800 BCE (?) - Unknown || 6850 BCE (?) - Unknown || 8500 BCE (?) - Unknown,,
373082,Heiðarsporðar,Cluster,Fissure vent,,,Rift zone | Oceanic crust (< 15 km),,,,,300 BCE,0300 BCE (?) - Unknown || 4050 BCE (?) - Unknown || 5750 BCE (?) - Unknown || 6150 BCE (?) - Unknown || 6950 BCE (?) - Unknown || 7400 BCE ± 300 years - Unknown || 7850 BCE (?) - Unknown,,
373090,Þeistareykir,Shield,Shield | Fissure vent(s),Basalt / Picro-Basalt,,Rift zone | Oceanic crust (< 15 km),0,36,3711,25779,900 BCE,0900 BCE ± 100 years - Unknown || 6800 BCE (?) - Unknown || 9500 BCE (?) - Unknown,,
373100,Tjörnes Fracture Zone,Cluster,Fissure vent | Submarine,Basalt / Picro-Basalt,,Rift zone | Oceanic crust (< 15 km),0,0,807,22407,1868 CE,1867 Dec 16 ± 15 days - 1868 Jan 16 ± 15 days,,
374010,Öræfajökull,Composite,Stratovolcano | Subglacial | Pyroclastic cone(s) | Lava dome,Basalt / Picro-Basalt | Rhyolite,Trachyte / Trachydacite,Rift zone | Oceanic crust (< 15 km),0,2,367,2723,1728 CE,1727 Aug 3 - 1728 May 1 ± 30 days || 1362 Jun 5 ± 4 days - 1362 Oct 15 ± 45 days,,
374020,Esjufjöll,Composite,Stratovolcano | Subglacial | Caldera,Basalt / Picro-Basalt,Rhyolite,Rift zone | Oceanic crust (< 15 km),0,0,0,2564,Unknown - Unrest / Holocene,1927 Sep 5 ± 4 days - Unknown,,
374801,Snæfell,Composite,Stratovolcano,,,Rift zone | Oceanic crust (< 15 km),,,,,Unknown - Evidence Uncertain,,,
375010,Kolbeinsey Ridge,Cluster,Fissure vent | Submarine,Basalt / Picro-Basalt,,Rift zone | Oceanic crust (< 15 km),0,0,282,6146,1755 CE,1755 Sep 18 - Unknown || 1372 - Unknown,,
376010,Jan Mayen,Composite,Stratovolcano | Caldera | Pyroclastic cone(s) | Lava dome(s),Basalt / Picro-Basalt | Trachybasalt / Tephrite Basanite | Trachyte / Trachydacite,,Rift zone | Oceanic crust (< 15 km),0,0,0,0,1985 CE,1985 Jan 6 - 1985 Jan 9 || 1973 Jan 15 ± 45 days - Unknown || 1970 Sep 18 - 1972 Jul 2 (?) ± 182 days || 1851 Jul 2 ± 30 years ± 182 days - Unknown || 1818 Apr 16 ± 15 days - Unknown || 1732 May 17 - 1732 May 18 || 1558 (in or before) - Unknown || 1350 ± 100 years - Unknown,,
377020,East Gakkel Ridge at 85°E,Cluster,Fissure vent | Cone(s) | Submarine,No Data (checked),,Rift zone | Oceanic crust (< 15 km),0,0,0,0,1999 CE,1999 Apr 5 (?) - 1999 Apr 15 (?),,
381040,Pico Fracture Zone,Cluster,Fissure vent | Submarine,No Data (checked),,Intraplate | Oceanic crust (< 15 km),0,0,0,0,1865 CE,1865 Jul 9 - Unknown,,
382001,Flores,Composite,Stratovolcano(es) | Caldera(s) | Pyroclastic cone(s),Basalt / Picro-Basalt | Trachybasalt / Tephrite Basanite | Trachyandesite / Basaltic Trachyandesite | Trachyte / Trachydacite,Phono-tephrite /  Tephri-phonolite,Intraplate | Continental crust (> 25 km),1054,4560,5825,5865,950 BCE,0950 BCE ± 100 years - Unknown || 1200 BCE ± 100 years - Unknown,,
382010,Fayal,Composite,Stratovolcano | Caldera | Pyroclastic cone(s),Andesite / Basaltic Andesite | Basalt / Picro-Basalt | Trachybasalt / Tephrite Basanite | Trachyte / Trachydacite | Trachyandesite / Basaltic Trachyandesite,,Rift zone | Oceanic crust (< 15 km),1514,13757,24414,50663,1958 CE,1957 Sep 27 - 1958 Oct 24 || 1672 Apr 24 - 1673 Feb 28,,
382020,Pico,Composite,Stratovolcano | Fissure vent | Pyroclastic cone(s),Basalt / Picro-Basalt | Trachybasalt / Tephrite Basanite,Trachyandesite / Basaltic Trachyandesite,Rift zone | Oceanic crust (< 15 km),304,5944,31521,56736,1720 CE,1963 Dec 15 (on or before) - Unknown || 1720 Jul 10 - 1720 Dec (?) || 1718 Feb 1 - 1718 Dec 15 ± 5 days || 1562 Sep 21 (?) - 1564 (?),,
382030,São Jorge,Cluster,Fissure vent,Basalt / Picro-Basalt | Andesite / Basaltic Andesite,Trachyte / Trachydacite,Rift zone | Oceanic crust (< 15 km),2088,4689,16290,99442,1902 CE,1964 Feb 18 - 1964 Feb 18 || 1902 May 7 - 1902 May 8 || 1808 May 1 - 1808 Jun 10 || 1800 Jun 24 - 1800 Jun 25 || 1580 May 1 - 1580 Aug 30 (?) || 1483 - Unknown || 1426 - Unknown || 1293 - Unknown || 1282 - Unknown || 0412 - Unknown || 2137 BCE - Unknown,,
382040,Graciosa,Composite,Stratovolcano | Shield | Caldera | Pyroclastic cone(s) | Lava dome(s),Basalt / Picro-Basalt | Andesite / Basaltic Andesite | Trachyte / Trachydacite,,Rift zone | Oceanic crust (< 15 km),2500,5941,6153,96656,1950 BCE,1950 BCE ± 1400 years - Unknown,,
382050,Terceira,Composite,Stratovolcano(es) | Caldera(s) | Lava dome(s),Basalt / Picro-Basalt | Trachyte / Trachydacite | Trachybasalt / Tephrite Basanite,Trachyandesite / Basaltic Trachyandesite | Rhyolite,Rift zone | Oceanic crust (< 15 km),2928,12299,55425,81512,2000 CE,1998 Nov 25 (?) - 2000 Mar 16 (?) ± 15 days || 1867 Jun 1 - 1867 Jun 8 || 1761 Apr 17 - 1761 Apr 28 (?) || 1400 ± 50 years - Unknown || 1200 ± 300 years - Unknown || 0920 ± 50 years - Unknown || 0820 ± 40 years - Unknown || 0190 ± 40 years - Unknown || 0070 ± 40 years - Unknown || 0060 BCE (?) - Unknown || 0090 BCE ± 100 years - Unknown || 0670 BCE ± 300 years - Unknown || 0940 BCE ± 50 years - Unknown || 2530 BCE ± 40 years - Unknown || 6720 BCE ± 50 years - Unknown,,
382070,Don Joao de Castro Bank,Shield,Shield | Submarine,Basalt / Picro-Basalt,,Rift zone | Oceanic crust (< 15 km),0,0,0,116504,1720 CE,1997 Jun 27 - 1997 Jul 16 (?) ± 15 days || 1720 Dec 8 (?) - 1720 Dec 26 ± 5 days,,
382080,Sete Cidades,Composite,Stratovolcano | Caldera | Pyroclastic cone(s),Trachyte / Trachydacite | Trachybasalt / Tephrite Basanite | Basalt / Picro-Basalt | Trachyandesite / Basaltic Trachyandesite,,Rift zone | Oceanic crust (< 15 km),3515,10365,102848,127154,1880 CE,1880 Jul 2 ± 182 days - Unknown || 1861 Jul 2 ± 182 days - Unknown || 1811 Jun 14 - 1811 Jun 22 || 1811 Feb 1 - 1811 Feb 8 || 1713 - Unknown || 1682 Dec 13 - Unknown || 1638 Jul 3 - 1638 Jul 28 || 1444 (?) - Unknown || 1110 ± 50 years - Unknown || 0950 ± 100 years - Unknown || 0670 ± 150 years - Unknown || 0380 ± 300 years - Unknown || 0090 ± 100 years - Unknown || 0750 BCE ± 300 years - Unknown || 2050 BCE ± 1000 years - Unknown || 3050 BCE (?) - Unknown,,
382081,Picos Fissural Volcanic System,Cluster,Fissure vent | Pyroclastic cone(s),Trachybasalt / Tephrite Basanite,Trachyte / Trachydacite,Rift zone | Oceanic crust (< 15 km),115732,115732,123990,139730,1652 CE,1652 Oct 19 - 1652 Oct 26 || 0940 ± 100 years - Unknown || 0850 ± 150 years - Unknown || 0600 ± 100 years - Unknown || 0510 BCE ± 200 years - Unknown || 0850 BCE ± 100 years - Unknown || 4040 BCE (?) - Unknown,,
382090,Agua de Pau,Composite,Stratovolcano | Caldera(s) | Lava dome(s) | Pyroclastic cone(s),Trachyte / Trachydacite | Trachybasalt / Tephrite Basanite | Basalt / Picro-Basalt | Trachyandesite / Basaltic Trachyandesite,,Rift zone | Oceanic crust (< 15 km),406,17272,113131,119653,1564 CE,1564 Feb 10 - 1564 Feb 12 || 1563 Jun 28 - 1563 Jul 26 ± 5 days || 0700 ± 150 years - Unknown || 0160 ± 150 years - Unknown || 1290 BCE (?) - Unknown || 1850 BCE ± 500 years - Unknown || 2210 BCE ± 150 years - Unknown || 2990 BCE (?) - Unknown || 4550 BCE ± 100 years - Unknown || 6750 BCE ± 200 years - Unknown,,
382100,Furnas,Composite,Stratovolcano | Caldera(s) | Lava dome(s) | Pyroclastic cone(s),Trachyte / Trachydacite | Basalt / Picro-Basalt | Trachybasalt / Tephrite Basanite | Trachyandesite / Basaltic Trachyandesite,,Rift zone | Oceanic crust (< 15 km),1333,7310,87865,153182,1630 CE,1630 Sep 3 - 1630 Nov 2 || 1441 ± 2 years - Unknown || 1430 ± 100 years - Unknown || 1170 ± 100 years - Unknown || 0840 ± 100 years - Unknown || 0080 ± 100 years - Unknown || 0360 BCE ± 150 years - Unknown || 1670 BCE ± 1460 years - Unknown || 4570 BCE (in or before) - Unknown,,
382110,Monaco Bank,Cluster,Fissure vent | Submarine,No Data (checked),,Rift zone | Oceanic crust (< 15 km),0,0,70224,139971,1911 CE,1911 Mar 7 - Unknown || 1907 Apr 1 - Unknown,,
382120,Madeira,Shield,Shield | Pyroclastic cone(s),Basalt / Picro-Basalt | Trachybasalt / Tephrite Basanite | Trachyandesite / Basaltic Trachyandesite,Trachyte / Trachydacite | Andesite / Basaltic Andesite,Intraplate | Oceanic crust (< 15 km),209816,209816,215730,220977,4500 BCE,4500 BCE ± 50 years - Unknown,,
383010,La Palma,Composite,Stratovolcano(es) | Shield(s) | Fissure vent(s) | Pyroclastic cone(s),Trachybasalt / Tephrite Basanite | Phono-tephrite /  Tephri-phonolite | Phonolite | Basalt / Picro-Basalt | Trachyte / Trachydacite,,Intraplate | Oceanic crust (< 15 km),442,18506,55922,85416,2021 CE,2021 Sep 19 - 2021 Dec 13 || 1971 Oct 26 - 1971 Nov 18 || 1949 Jun 24 - 1949 Jul 30 || 1712 Oct 9 - 1712 Dec 3 || 1677 Nov 17 - 1678 Jan 21 || 1646 Oct 2 - 1646 Dec 21 || 1585 May 19 - 1585 Aug 10 || 1481 ± 11 years - Unknown || 0900 ± 100 years - Unknown || 0360 BCE ± 50 years - Unknown || 1320 BCE ± 100 years - Unknown || 4050 BCE ± 3000 years - Unknown || 4900 BCE ± 50 years - Unknown || 6050 BCE ± 1500 years - Unknown,,
383020,Hierro,Shield,Shield | Pyroclastic cone(s) | Tuff ring(s),Trachybasalt / Tephrite Basanite | Basalt / Picro-Basalt | Trachyandesite / Basaltic Trachyandesite,Trachyte / Trachydacite | Foidite,Intraplate | Oceanic crust (< 15 km),20321,20321,20321,43696,2012 CE,2011 Oct 10 - 2012 Mar 5 || 1793 May - 1793 Jun || 1692 - Unknown || 1677 - Unknown || 0550 BCE ± 75 years - Unknown || 0950 BCE ± 150 years - Unknown || 4790 BCE (?) - Unknown,,
383030,Tenerife,Composite,Stratovolcano | Caldera | Pyroclastic cone(s) | Lava dome(s),Phonolite | Trachybasalt / Tephrite Basanite | Phono-tephrite /  Tephri-phonolite | Trachyte / Trachydacite | Trachyandesite / Basaltic Trachyandesite,,Intraplate | Oceanic crust (< 15 km),0,156,337660,766276,1909 CE,1909 Nov 18 - 1909 Nov 27 || 1798 Jun 9 - 1798 Sep 14 (?) || 1706 May 5 - 1706 Jun 13 || 1704 Dec 31 - 1705 Mar 27 || 1492 Aug 24 (on or before) - Unknown || 1444 - Unknown || 1396 ± 3 years - Unknown || 1341 - Unknown || 1060 ± 100 years - Unknown || 0800 ± 150 years - Unknown || 0700 (?) - Unknown || 0240 ± 150 years - Unknown || 0190 (?) - Unknown || 0090 ± 75 years - Unknown || 0040 (?) - Unknown || 0030 ± 150 years - Unknown || 0080 BCE ± 40 years - Unknown || 0520 BCE (?) - Unknown || 0580 BCE ± 200 years - Unknown || 0670 BCE ± 200 years - Unknown || 1050 BCE (?) - Unknown || 1150 BCE (?) - Unknown || 1400 BCE (?) - Unknown || 1650 BCE (?) - Unknown || 1700 BCE (?) - Unknown || 1980 BCE ± 200 years - Unknown || 2250 BCE (?) - Unknown || 2300 BCE (?) - Unknown || 2650 BCE (?) - Unknown || 2850 BCE (?) - Unknown || 3050 BCE (?) - Unknown || 3450 BCE (?) - Unknown || 3540 BCE ± 150 years - Unknown || 3750 BCE (?) - Unknown || 3960 BCE ± 300 years - Unknown || 4200 BCE ± 100 years - Unknown || 4650 BCE (?) - Unknown || 5250 BCE (?) - Unknown || 5550 BCE ± 1500 years - Unknown || 5750 BCE (?) - Unknown || 6200 BCE ± 75 years - Unknown || 6550 BCE (?) - Unknown || 6850 BCE (?) - Unknown || 7260 BCE ± 200 years - Unknown || 7550 BCE (?) - Unknown,,
383040,Gran Canaria,Cluster,Fissure vent(s) | Pyroclastic cone(s) | Maar(s),Trachybasalt / Tephrite Basanite | Phono-tephrite /  Tephri-phonolite | Phonolite | Trachyte / Trachydacite | Basalt / Picro-Basalt,,Intraplate | Intermediate crust (15-25 km),1101,8049,697199,1119998,40 CE,0040 ± 75 years - Unknown || 0010 ± 75 years - Unknown || 0580 BCE ± 200 years - Unknown || 0590 BCE ± 200 years - Unknown || 0620 BCE ± 200 years - Unknown || 0920 BCE ± 200 years - Unknown || 1010 BCE ± 100 years - Unknown || 1180 BCE ± 50 years - Unknown || 1250 BCE ± 200 years - Unknown || 4630 BCE ± 75 years - Unknown || 4670 BCE ± 75 years - Unknown,,
383050,Fuerteventura,Cluster,Fissure vent(s) | Pyroclastic cone(s),Basalt / Picro-Basalt | Trachybasalt / Tephrite Basanite | Foidite | Trachyandesite / Basaltic Trachyandesite,,Intraplate | Intermediate crust (15-25 km),1432,8752,52038,226781,Unknown - Evidence Credible,,,
383060,Lanzarote,Cluster,Fissure vent(s) | Pyroclastic cone(s),Basalt / Picro-Basalt | Trachybasalt / Tephrite Basanite | Trachyandesite / Basaltic Trachyandesite,Trachyte / Trachydacite,Intraplate | Intermediate crust (15-25 km),19033,80515,164123,225373,1824 CE,1824 Jul 31 - 1824 Oct 24 || 1730 Sep 1 - 1736 Apr 16 || 0700 ± 50 years - Unknown || 0500 ± 50 years - Unknown,,
384010,Fogo,Composite,Stratovolcano | Caldera | Pyroclastic cone(s),Foidite | Trachybasalt / Tephrite Basanite | Phonolite,,Intraplate | Intermediate crust (15-25 km),189,13254,37650,267298,2015 CE,2014 Nov 23 - 2015 Feb 8 || 1995 Apr 2 - 1995 May 26 || 1951 Jun 12 - 1951 Aug 21 || 1909 Jul 2 ± 182 days - Unknown || 1857 Jun 27 - 1857 Dec 15 || 1852 Feb 19 - 1852 Mar 30 (?) || 1847 Apr 9 - 1847 May 2 (?) || 1816 Dec 31 ± 365 days - Unknown || 1799 Jun 2 - 1799 Jun 28 || 1785 Jan 24 - 1785 Feb 25 || 1769 Apr (on or after) - Unknown || 1500 - 1761 (?),,
384020,Brava,Composite,Stratovolcano | Pyroclastic cone(s),Foidite | Trachybasalt / Tephrite Basanite | Phonolite,,Intraplate | Intermediate crust (15-25 km),5631,6644,25852,43281,Unknown - Evidence Credible,,,
385030,Romanche Fracture Zone,Cluster,Fissure vent | Submarine,No Data (checked),,Rift zone | Oceanic crust (< 15 km),0,0,0,0,Unknown - Evidence Uncertain,1836 Nov 16 (on or before) ± 15 days - Unknown || 1816 Dec 8 - Unknown || 1761 May 3 - Unknown,,
385050,Ascensión,Composite,Stratovolcano | Pyroclastic cone(s) | Lava dome(s),Basalt / Picro-Basalt | Trachybasalt / Tephrite Basanite | Trachyandesite / Basaltic Trachyandesite | Trachyte / Trachydacite | Rhyolite,,Rift zone | Oceanic crust (< 15 km),614,1149,1149,1149,1508 CE,1508 ± 180 years - Unknown || 1468 ± 120 years - Unknown || 0378 ± 370 years - Unknown,,
385052,Walvis Ridge at 33°S,Minor,Cone | Submarine,No Data (checked),,Intraplate | Oceanic crust (< 15 km),,,,,2002 CE,2001 Nov 24 - 2002 Mar 16 ± 15 days,,
386010,Tristan da Cunha,Shield,Shield | Pyroclastic cone(s) | Lava dome(s),Trachybasalt / Tephrite Basanite | Basalt / Picro-Basalt | Trachyandesite / Basaltic Trachyandesite | Trachyte / Trachydacite,Phonolite,Rift zone | Oceanic crust (< 15 km),12,12,12,32,1962 CE,1961 Oct 10 - 1962 Mar 15 || 1700 ± 50 years - Unknown,,
386011,Nightingale Island,Composite,Stratovolcano,Trachyte / Trachydacite | Trachyandesite / Basaltic Trachyandesite | Trachybasalt / Tephrite Basanite | Phonolite,,Rift zone | Oceanic crust (< 15 km),0,0,27,258,2004 CE,2004 Jul 29 - 2004 Jul 30,,
386020,Bouvet,Shield,Shield | Caldera | Lava dome,Basalt / Picro-Basalt | Trachyte / Trachydacite | Rhyolite | Trachyandesite / Basaltic Trachyandesite,Trachybasalt / Tephrite Basanite,Rift zone | Oceanic crust (< 15 km),0,0,0,0,50 BCE,0050 BCE (?) - Unknown,,
390010,Buckle Island,Composite,Stratovolcano,Trachybasalt / Tephrite Basanite,,Rift zone | Oceanic crust (< 15 km),0,0,0,0,1899 CE,1899 Jan 12 - Unknown || 1839 Feb 9 - Unknown,,
390011,Young Island,Composite,Stratovolcano,Trachybasalt / Tephrite Basanite,,Rift zone | Oceanic crust (< 15 km),0,0,0,0,Unknown - Evidence Uncertain,,,
390012,Sturge Island,Composite,Stratovolcano,Trachybasalt / Tephrite Basanite,,Rift zone | Oceanic crust (< 15 km),0,0,0,0,Unknown - Evidence Uncertain,,,
390013,The Pleiades,Composite,Stratovolcano | Lava dome(s) | Pyroclastic cone(s),Trachyandesite / Basaltic Trachyandesite | Trachyte / Trachydacite | Phono-tephrite /  Tephri-phonolite,Trachybasalt / Tephrite Basanite | Phonolite,Intraplate | Continental crust (> 25 km),0,0,0,0,1050 BCE,1050 BCE ± 14000 years - Unknown,,
390015,Melbourne,Composite,Stratovolcano | Caldera | Lava dome(s) | Pyroclastic cone(s) | Volcanic field,Trachyte / Trachydacite | Trachyandesite / Basaltic Trachyandesite | Basalt / Picro-Basalt | Trachybasalt / Tephrite Basanite,Rhyolite,Intraplate | Continental crust (> 25 km),0,0,0,0,1892 CE,1892 Jul 2 ± 30 years ± 182 days - Unknown,,
390016,McMurdo Province at 76.8°S,Caldera,Caldera | Lava dome | Submarine,No Data (checked),,Intraplate | Continental crust (> 25 km),0,0,0,0,Unknown - Evidence Uncertain,,,
390017,Morning,Shield,Shield | Caldera | Lava dome(s) | Pyroclastic cone(s),Phonolite | Trachybasalt / Tephrite Basanite | Basalt / Picro-Basalt | Trachyandesite / Basaltic Trachyandesite,Trachyte / Trachydacite,Intraplate | Continental crust (> 25 km),0,0,0,0,Unknown - Evidence Uncertain,,,
390020,Erebus,Composite,Stratovolcano | Caldera(s) | Pyroclastic cone(s),Phonolite | Phono-tephrite /  Tephri-phonolite | Trachybasalt / Tephrite Basanite,Trachyte / Trachydacite | Trachyandesite / Basaltic Trachyandesite,Intraplate | Continental crust (> 25 km),0,0,0,0,2026 CE,1972 Dec 16 (on or before) ± 15 days - 2026 Mar 17 (continuing) || 1972 Jan 3 (?) - Unknown || 1963 Nov 16 (on or before) ± 15 days - Unknown || 1957 Jul 2 ± 182 days - 1958 Jul 2 ± 182 days || 1955 Jul 2 ± 182 days - Unknown || 1947 Feb 16 ± 15 days - Unknown || 1915 Aug 16 ± 15 days - Unknown || 1915 Mar 22 - Unknown || 1912 Dec 12 - Unknown || 1911 Oct 16 ± 15 days - Unknown || 1911 Apr 16 ± 15 days - 1911 Jun 16 ± 15 days || 1908 Mar 16 ± 15 days - 1908 Nov 16 ± 15 days || 1903 Jan 1 ± 730 days - Unknown || 1900 Feb 16 ± 15 days - Unknown || 1841 Jan 28 (?) - 1841 Feb 16 ± 15 days || 0950 ± 4000 years - Unknown || 2050 BCE ± 3000 years - Unknown || 2950 BCE ± 300 years - Unknown || 4050 BCE ± 500 years - Unknown || 4550 BCE ± 500 years - Unknown || 7050 BCE ± 2000 years - Unknown || 8050 BCE ± 5000 years - Unknown,,
390021,Royal Society Range,Cluster,Pyroclastic cone(s),Trachyandesite / Basaltic Trachyandesite,Phono-tephrite /  Tephri-phonolite,Intraplate | Continental crust (> 25 km),0,0,0,0,Unknown - Evidence Uncertain,,,
390022,Berlin,Shield,Shield(s) | Caldera(s),Trachyte / Trachydacite | Phonolite | Trachyandesite / Basaltic Trachyandesite | Trachybasalt / Tephrite Basanite,,Intraplate | Continental crust (> 25 km),0,0,0,0,8350 BCE,8350 BCE ± 5300 years - Unknown,,
390023,Andrus,Shield,Shield(s) | Caldera(s) | Pyroclastic cone(s),Trachyte / Trachydacite | Rhyolite | Trachyandesite / Basaltic Trachyandesite,,Intraplate | Continental crust (> 25 km),0,0,0,0,Unknown - Evidence Uncertain,,,
390027,Takahe,Shield,Shield | Caldera | Pyroclastic cone(s),Trachyte / Trachydacite | Trachybasalt / Tephrite Basanite,,Intraplate | Continental crust (> 25 km),0,0,0,0,5550 BCE,5550 BCE (?) - Unknown || 6250 BCE ± 5400 years - Unknown || 7050 BCE (?) - Unknown,,
390028,Hudson Mountains,Composite,Stratovolcano(es) | Subglacial | Pyroclastic cone(s),Basalt / Picro-Basalt | Trachybasalt / Tephrite Basanite,,Intraplate | Continental crust (> 25 km),0,0,0,0,207 BCE,1985 Jul 2 ± 182 days - Unknown || 0207 BCE ± 240 years - Unknown,,
390030,Deception Island,Caldera,Caldera | Tuff cone(s) | Maar(s) | Pyroclastic cone(s),Basalt / Picro-Basalt | Trachybasalt / Tephrite Basanite | Trachyandesite / Basaltic Trachyandesite | Trachyte / Trachydacite,Dacite,Intraplate | Continental crust (> 25 km),0,0,0,0,1970 CE,1987 Jul 23 - Unknown || 1972 Sep 29 - 1972 Sep 29 || 1970 Aug 12 - Unknown || 1969 Feb 21 - 1969 Mar 16 ± 15 days || 1967 Dec 4 - 1967 Dec 7 || 1912 Jul 2 ± 5 years ± 182 days - Unknown || 1871 Jul 2 ± 40 years ± 182 days - Unknown || 1842 Feb 16 ± 15 days - Unknown || 1839 Jul 2 (in or before) ± 182 days - Unknown || 1827 Jul 2 ± 2 years ± 182 days - Unknown || 1800 Jul 2 (in or before) ± 182 days - Unknown || 1641 ± 3 years - Unknown || 1500 (?) - Unknown || 1200 (?) - Unknown || 0900 (?) - Unknown || 0600 (?) - Unknown || 0100 (?) - Unknown || 0100 BCE (?) - Unknown || 0250 BCE (?) - Unknown || 0550 BCE (?) - Unknown || 0700 BCE (?) - Unknown || 0750 BCE (?) - Unknown || 0800 BCE (?) - Unknown || 1550 BCE (?) - Unknown || 2750 BCE (?) - Unknown || 3250 BCE (?) - Unknown || 6750 BCE (?) - Unknown,,
390031,Penguin Island,Composite,Stratovolcano | Maar,Basalt / Picro-Basalt,,Intraplate | Continental crust (> 25 km),0,0,0,0,1905 CE,1905 Jul 2 (?) ± 182 days - Unknown || 1850 Jul 2 (?) ± 182 days - Unknown || 1683 (?) - Unknown,,
390040,Bridgeman Island,Composite,Stratovolcano,Andesite / Basaltic Andesite | Basalt / Picro-Basalt,,Intraplate | Continental crust (> 25 km),0,0,0,0,Unknown - Evidence Uncertain,,,
390041,Paulet,Minor (Basaltic),Pyroclastic cone | Maar,Basalt / Picro-Basalt | Trachybasalt / Tephrite Basanite,,Intraplate | Continental crust (> 25 km),0,0,0,0,Unknown - Evidence Credible,1850 Jul 2 ± 182 days - Unknown,,
390070,Southern Thule,Composite,Stratovolcano(es) | Caldera(s) | Explosion crater(s),Andesite / Basaltic Andesite | Basalt / Picro-Basalt | Dacite,,Subduction zone | Oceanic crust (< 15 km),0,0,0,0,1975 CE,1975 Jul 2 ± 11 years ± 182 days - Unknown,,
390080,Bristol Island,Composite,Stratovolcano,Basalt / Picro-Basalt | Andesite / Basaltic Andesite,,Subduction zone | Oceanic crust (< 15 km),0,0,0,0,2016 CE,2016 Apr 24 - 2016 Jul 26 || 1956 Jan 11 - 1956 Jan 19 (?) || 1950 Mar 27 - Unknown || 1936 Dec 18 - 1937 Jan 1 (?) || 1935 Dec 31 - Unknown || 1823 Jul 2 ± 182 days - Unknown,,
390081,Montagu Island,Shield,Shield | Stratovolcano | Caldera | Pyroclastic cone(s),Basalt / Picro-Basalt,,Subduction zone | Oceanic crust (< 15 km),0,0,0,0,2007 CE,2001 Oct 1 ± 20 days - 2007 Sep 20 || 1996 Sep 1 ± 180 days - Unknown,,
390090,Saunders,Composite,Stratovolcano | Pyroclastic cone(s),Basalt / Picro-Basalt | Andesite / Basaltic Andesite,,Subduction zone | Oceanic crust (< 15 km),0,0,0,0,2026 CE,2014 Nov 12 - 2026 Feb 23 (continuing) || 2000 May 13 - 2002 Nov 16 (?) ± 15 days || 2003 May 6 (?) - 2003 May 6 (?) || 2003 Oct 29 - 2013 Nov 16 || 2005 Oct 2 (?) - 2006 Dec 6 (?) || 2008 Jan 8 (?) - 2008 Jan 8 (?) || 2008 Oct 25 (?) - 2008 Oct 25 (?) || 2009 Nov 19 (?) - 2009 Nov 19 (?) || 2010 Nov 17 (?) - 2010 Nov 17 (?) || 2010 Nov 17 - 2010 Nov 17 || 2012 Jun 30 (?) - 2012 Nov 22 (?) || 1999 Jan 19 - 1999 Jan 19 || 1995 Apr 16 (?) ± 15 days - 1998 Feb 16 (on or after) ± 15 days || 1989 Jan 30 - 1989 Apr 29 || 1990 Mar 6 - 1990 Mar 22 || 1900 Jul 2 ± 10 years ± 182 days - Unknown || 1823 Jul 2 ± 182 days - Unknown || 1819 Dec 29 - Unknown,,
390100,Candlemas Island,Composite,Stratovolcano | Pyroclastic cone(s),Basalt / Picro-Basalt | Andesite / Basaltic Andesite | Dacite,,Subduction zone | Oceanic crust (< 15 km),0,0,0,0,1911 CE,1953 Dec 31 ± 365 days - Unknown || 1911 Nov 6 - Unknown || 1823 Jul 2 ± 182 days - Unknown || 1250 BCE (?) - Unknown,,
390110,Hodson,Composite,Stratovolcano | Pyroclastic cone(s),Basalt / Picro-Basalt | Andesite / Basaltic Andesite,,Subduction zone | Oceanic crust (< 15 km),0,0,0,0,Unknown - Evidence Credible,1930 Jul 2 ± 182 days - Unknown || 1830 Sep 22 - Unknown,,
390120,Leskov Island,Composite,Stratovolcano,Andesite / Basaltic Andesite,,Subduction zone | Oceanic crust (< 15 km),0,0,0,0,Unknown - Unrest / Holocene,,,
390130,Zavodovski,Composite,Stratovolcano | Pyroclastic cone(s),Basalt / Picro-Basalt,,Subduction zone | Oceanic crust (< 15 km),0,0,0,0,2016 CE,2016 Mar 30 - 2016 Jun 15 ± 15 days || 1908 Nov 16 ± 15 days - Unknown || 1830 Sep 16 ± 15 days - Unknown || 1823 Jul 2 ± 182 days - Unknown || 1819 Dec 16 ± 15 days - Unknown,,
390140,Protector Seamounts,Cluster,Volcanic field | Cone(s) | Submarine,Rhyolite,,Subduction zone | Oceanic crust (< 15 km),0,0,0,0,1962 CE,1962 Mar 5 - 1962 Mar 5,,
390829,Mount Haddington Volcanic Field,Shield,Shield | Tuff cone(s) | Pyroclastic cone(s),Basalt / Picro-Basalt | Trachybasalt / Tephrite Basanite,Andesite / Basaltic Andesite | Trachyte / Trachydacite,Intraplate | Continental crust (> 25 km),,,,,Unknown - Evidence Credible,,,
390847,Melville,Composite,Stratovolcano | Pyroclastic cone,,,Intraplate | Continental crust (> 25 km),,,,,Unknown - Evidence Uncertain,,,
